terminal_id,total_txns,total_volume,avg_txn_amount,unique_customers,fraud_txns,fraud_volume,fraud_rate_pct,risk_tier
0,79,4437.77,56.17,27,0,0.0,0.0,4 - Clean
1,85,5990.25,70.47,17,0,0.0,0.0,4 - Clean
2,88,5253.95,59.7,30,0,0.0,0.0,4 - Clean
3,80,3924.77,49.06,28,0,0.0,0.0,4 - Clean
4,76,4381.79,57.66,33,1,288.15,1.316,3 - Watch
5,71,4677.16,65.88,25,2,478.95,2.817,2 - High
6,100,5882.56,58.83,34,0,0.0,0.0,4 - Clean
7,77,5010.79,65.08,26,0,0.0,0.0,4 - Clean
8,72,3702.72,51.43,30,0,0.0,0.0,4 - Clean
9,62,3310.9,53.4,21,0,0.0,0.0,4 - Clean
10,81,3856.76,47.61,25,0,0.0,0.0,4 - Clean
11,96,4370.61,45.53,34,0,0.0,0.0,4 - Clean
12,87,4413.77,50.73,33,0,0.0,0.0,4 - Clean
13,87,5143.45,59.12,29,1,63.7,1.149,3 - Watch
14,76,3443.3,45.31,33,1,234.9,1.316,3 - Watch
15,94,4558.42,48.49,33,0,0.0,0.0,4 - Clean
16,78,4071.57,52.2,23,0,0.0,0.0,4 - Clean
17,97,5405.24,55.72,39,0,0.0,0.0,4 - Clean
18,97,4747.95,48.95,27,0,0.0,0.0,4 - Clean
19,64,2323.01,36.3,18,1,81.5,1.562,3 - Watch
20,66,3628.21,54.97,21,0,0.0,0.0,4 - Clean
21,72,3422.27,47.53,28,0,0.0,0.0,4 - Clean
22,100,4476.27,44.76,31,0,0.0,0.0,4 - Clean
23,61,4192.95,68.74,20,0,0.0,0.0,4 - Clean
24,94,5005.83,53.25,31,0,0.0,0.0,4 - Clean
25,77,3671.26,47.68,24,0,0.0,0.0,4 - Clean
26,81,4181.14,51.62,28,0,0.0,0.0,4 - Clean
27,103,4831.83,46.91,31,1,209.5,0.971,3 - Watch
28,115,5740.75,49.92,36,0,0.0,0.0,4 - Clean
29,81,5832.37,72.0,32,2,474.51,2.469,2 - High
30,100,5176.57,51.77,30,0,0.0,0.0,4 - Clean
31,103,5539.76,53.78,31,0,0.0,0.0,4 - Clean
32,68,3342.82,49.16,30,0,0.0,0.0,4 - Clean
33,100,4843.09,48.43,32,0,0.0,0.0,4 - Clean
34,88,3659.43,41.58,27,0,0.0,0.0,4 - Clean
35,86,3978.39,46.26,28,0,0.0,0.0,4 - Clean
36,99,5291.0,53.44,34,0,0.0,0.0,4 - Clean
37,91,5664.39,62.25,32,1,242.57,1.099,3 - Watch
38,64,3582.09,55.97,26,0,0.0,0.0,4 - Clean
39,62,2648.8,42.72,27,14,544.79,22.581,1 - Critical
40,98,6311.18,64.4,39,0,0.0,0.0,4 - Clean
41,112,6241.82,55.73,38,0,0.0,0.0,4 - Clean
42,90,4295.83,47.73,29,0,0.0,0.0,4 - Clean
43,98,5538.86,56.52,26,0,0.0,0.0,4 - Clean
44,74,4236.61,57.25,28,1,342.0,1.351,3 - Watch
45,73,3658.51,50.12,25,0,0.0,0.0,4 - Clean
46,103,5000.24,48.55,34,0,0.0,0.0,4 - Clean
47,98,5689.76,58.06,33,1,268.85,1.02,3 - Watch
48,143,7359.55,51.47,39,0,0.0,0.0,4 - Clean
49,72,4117.14,57.18,17,0,0.0,0.0,4 - Clean
50,82,4428.21,54.0,28,1,65.75,1.22,3 - Watch
51,81,5167.33,63.79,26,1,99.8,1.235,3 - Watch
52,112,6098.33,54.45,35,0,0.0,0.0,4 - Clean
53,98,4961.07,50.62,22,0,0.0,0.0,4 - Clean
54,94,5543.79,58.98,27,0,0.0,0.0,4 - Clean
55,92,5271.59,57.3,36,0,0.0,0.0,4 - Clean
56,129,5994.13,46.47,34,0,0.0,0.0,4 - Clean
57,83,4492.28,54.12,30,0,0.0,0.0,4 - Clean
58,70,3643.99,52.06,29,0,0.0,0.0,4 - Clean
59,65,3540.06,54.46,22,0,0.0,0.0,4 - Clean
60,86,3931.53,45.72,18,0,0.0,0.0,4 - Clean
61,87,5460.53,62.76,26,0,0.0,0.0,4 - Clean
62,89,4862.43,54.63,34,0,0.0,0.0,4 - Clean
63,72,4388.34,60.95,20,0,0.0,0.0,4 - Clean
64,97,4605.81,47.48,34,0,0.0,0.0,4 - Clean
65,102,4555.34,44.66,33,0,0.0,0.0,4 - Clean
66,73,4534.86,62.12,27,0,0.0,0.0,4 - Clean
67,71,3221.08,45.37,26,0,0.0,0.0,4 - Clean
68,110,5745.68,52.23,36,0,0.0,0.0,4 - Clean
69,110,6388.74,58.08,31,0,0.0,0.0,4 - Clean
70,119,7660.99,64.38,41,1,116.0,0.84,3 - Watch
71,84,4120.99,49.06,30,0,0.0,0.0,4 - Clean
72,113,7145.58,63.24,33,0,0.0,0.0,4 - Clean
73,65,3452.73,53.12,23,0,0.0,0.0,4 - Clean
74,75,4547.57,60.63,24,0,0.0,0.0,4 - Clean
75,88,5213.07,59.24,24,1,375.6,1.136,3 - Watch
76,91,5066.12,55.67,31,0,0.0,0.0,4 - Clean
77,84,4307.55,51.28,28,0,0.0,0.0,4 - Clean
78,81,4148.17,51.21,35,0,0.0,0.0,4 - Clean
79,98,5937.25,60.58,27,0,0.0,0.0,4 - Clean
80,83,5202.38,62.68,33,0,0.0,0.0,4 - Clean
81,78,5694.27,73.0,27,0,0.0,0.0,4 - Clean
82,111,7025.6,63.29,29,1,71.8,0.901,3 - Watch
83,95,5197.13,54.71,33,0,0.0,0.0,4 - Clean
84,61,3208.74,52.6,24,0,0.0,0.0,4 - Clean
85,66,3471.32,52.6,20,0,0.0,0.0,4 - Clean
86,92,4338.14,47.15,29,0,0.0,0.0,4 - Clean
87,86,4444.53,51.68,28,0,0.0,0.0,4 - Clean
88,72,3960.98,55.01,31,0,0.0,0.0,4 - Clean
89,103,6071.32,58.94,33,0,0.0,0.0,4 - Clean
90,77,3690.59,47.93,27,0,0.0,0.0,4 - Clean
91,114,6525.74,57.24,39,0,0.0,0.0,4 - Clean
92,74,3538.15,47.81,28,0,0.0,0.0,4 - Clean
93,91,5276.3,57.98,35,0,0.0,0.0,4 - Clean
94,95,5095.52,53.64,34,0,0.0,0.0,4 - Clean
95,71,3736.65,52.63,28,0,0.0,0.0,4 - Clean
96,83,3319.47,39.99,30,0,0.0,0.0,4 - Clean
97,116,6304.33,54.35,38,1,479.9,0.862,3 - Watch
98,86,5606.32,65.19,20,0,0.0,0.0,4 - Clean
99,143,8128.22,56.84,45,0,0.0,0.0,4 - Clean
100,95,4089.06,43.04,34,0,0.0,0.0,4 - Clean
101,79,3927.82,49.72,31,0,0.0,0.0,4 - Clean
102,60,3209.07,53.48,24,1,252.6,1.667,3 - Watch
103,97,4085.18,42.12,31,0,0.0,0.0,4 - Clean
104,129,7210.11,55.89,41,0,0.0,0.0,4 - Clean
105,85,3749.97,44.12,25,0,0.0,0.0,4 - Clean
106,111,5985.17,53.92,33,0,0.0,0.0,4 - Clean
107,124,5927.47,47.8,38,1,358.9,0.806,3 - Watch
108,111,5269.84,47.48,24,1,195.45,0.901,3 - Watch
109,62,3218.14,51.91,20,0,0.0,0.0,4 - Clean
110,72,2833.77,39.36,25,0,0.0,0.0,4 - Clean
111,131,7128.02,54.41,35,0,0.0,0.0,4 - Clean
112,101,5896.85,58.38,35,1,475.8,0.99,3 - Watch
113,101,5325.35,52.73,32,0,0.0,0.0,4 - Clean
114,78,3807.25,48.81,29,0,0.0,0.0,4 - Clean
115,104,6654.68,63.99,41,0,0.0,0.0,4 - Clean
116,74,4413.7,59.64,26,0,0.0,0.0,4 - Clean
117,89,4674.64,52.52,28,0,0.0,0.0,4 - Clean
118,80,3331.11,41.64,20,0,0.0,0.0,4 - Clean
119,88,4930.08,56.02,36,0,0.0,0.0,4 - Clean
120,84,4870.8,57.99,31,0,0.0,0.0,4 - Clean
121,115,6249.17,54.34,37,0,0.0,0.0,4 - Clean
122,73,3492.38,47.84,27,0,0.0,0.0,4 - Clean
123,150,7903.69,52.69,41,1,236.06,0.667,3 - Watch
124,71,3562.33,50.17,31,0,0.0,0.0,4 - Clean
125,57,2279.5,39.99,14,0,0.0,0.0,4 - Clean
126,58,3029.23,52.23,19,0,0.0,0.0,4 - Clean
127,52,3661.3,70.41,20,0,0.0,0.0,4 - Clean
128,75,4094.53,54.59,29,0,0.0,0.0,4 - Clean
129,61,2688.84,44.08,27,0,0.0,0.0,4 - Clean
130,77,3081.51,40.02,29,0,0.0,0.0,4 - Clean
131,65,3832.71,58.96,30,0,0.0,0.0,4 - Clean
132,72,4189.24,58.18,27,1,81.5,1.389,3 - Watch
133,90,3920.74,43.56,25,0,0.0,0.0,4 - Clean
134,77,3800.2,49.35,23,2,303.17,2.597,2 - High
135,102,4650.81,45.6,32,0,0.0,0.0,4 - Clean
136,83,4147.2,49.97,28,0,0.0,0.0,4 - Clean
137,102,6400.71,62.75,26,1,229.27,0.98,3 - Watch
138,106,6585.98,62.13,36,1,228.81,0.943,3 - Watch
139,97,3857.62,39.77,32,0,0.0,0.0,4 - Clean
140,120,6211.85,51.77,37,2,700.0,1.667,3 - Watch
141,75,4876.24,65.02,27,0,0.0,0.0,4 - Clean
142,70,5038.79,71.98,30,0,0.0,0.0,4 - Clean
143,81,4980.94,61.49,29,1,341.75,1.235,3 - Watch
144,69,4434.59,64.27,28,0,0.0,0.0,4 - Clean
145,87,5509.89,63.33,28,0,0.0,0.0,4 - Clean
146,66,3017.57,45.72,30,0,0.0,0.0,4 - Clean
147,71,3876.79,54.6,25,0,0.0,0.0,4 - Clean
148,98,4740.96,48.38,33,1,2.5,1.02,3 - Watch
149,63,3308.81,52.52,21,0,0.0,0.0,4 - Clean
150,57,3476.84,61.0,26,1,239.9,1.754,3 - Watch
151,97,5074.74,52.32,35,0,0.0,0.0,4 - Clean
152,118,5705.72,48.35,37,0,0.0,0.0,4 - Clean
153,60,2702.16,45.04,27,0,0.0,0.0,4 - Clean
154,84,3955.14,47.08,32,0,0.0,0.0,4 - Clean
155,101,5662.13,56.06,41,0,0.0,0.0,4 - Clean
156,96,4723.95,49.21,38,0,0.0,0.0,4 - Clean
157,81,3855.2,47.6,29,0,0.0,0.0,4 - Clean
158,50,2100.92,42.02,20,0,0.0,0.0,4 - Clean
159,86,5379.38,62.55,32,0,0.0,0.0,4 - Clean
160,85,5062.14,59.55,34,0,0.0,0.0,4 - Clean
161,72,3379.02,46.93,29,0,0.0,0.0,4 - Clean
162,69,2786.0,40.38,24,0,0.0,0.0,4 - Clean
163,107,5221.39,48.8,35,0,0.0,0.0,4 - Clean
164,83,5148.32,62.03,27,0,0.0,0.0,4 - Clean
165,94,4981.28,52.99,32,0,0.0,0.0,4 - Clean
166,68,3788.9,55.72,24,0,0.0,0.0,4 - Clean
167,94,4723.98,50.26,28,1,316.15,1.064,3 - Watch
168,84,3850.93,45.84,28,0,0.0,0.0,4 - Clean
169,95,4403.94,46.36,33,0,0.0,0.0,4 - Clean
170,104,6973.01,67.05,33,1,509.45,0.962,3 - Watch
171,48,2744.78,57.18,18,0,0.0,0.0,4 - Clean
172,73,4717.64,64.63,21,0,0.0,0.0,4 - Clean
173,87,4709.93,54.14,32,0,0.0,0.0,4 - Clean
174,62,3035.93,48.97,21,0,0.0,0.0,4 - Clean
175,77,3101.33,40.28,30,1,289.05,1.299,3 - Watch
176,108,6041.03,55.94,32,0,0.0,0.0,4 - Clean
177,76,3312.07,43.58,26,0,0.0,0.0,4 - Clean
178,68,2676.0,39.35,23,0,0.0,0.0,4 - Clean
179,60,2579.39,42.99,18,0,0.0,0.0,4 - Clean
180,105,6072.7,57.84,39,1,298.8,0.952,3 - Watch
181,89,4291.9,48.22,33,0,0.0,0.0,4 - Clean
182,76,3261.6,42.92,20,0,0.0,0.0,4 - Clean
183,39,1971.13,50.54,14,0,0.0,0.0,4 - Clean
184,154,9050.63,58.77,47,1,129.85,0.649,3 - Watch
185,55,2744.03,49.89,17,0,0.0,0.0,4 - Clean
186,57,2939.41,51.57,29,0,0.0,0.0,4 - Clean
187,112,6508.42,58.11,33,0,0.0,0.0,4 - Clean
188,67,3237.17,48.32,26,0,0.0,0.0,4 - Clean
189,70,3483.8,49.77,21,1,78.2,1.429,3 - Watch
190,68,4303.22,63.28,36,1,399.8,1.471,3 - Watch
191,45,1692.13,37.6,15,0,0.0,0.0,4 - Clean
192,108,6365.64,58.94,36,0,0.0,0.0,4 - Clean
193,72,4400.35,61.12,25,0,0.0,0.0,4 - Clean
194,82,5042.65,61.5,23,0,0.0,0.0,4 - Clean
195,82,3377.27,41.19,30,0,0.0,0.0,4 - Clean
196,77,3800.34,49.36,23,0,0.0,0.0,4 - Clean
197,69,4116.77,59.66,22,0,0.0,0.0,4 - Clean
198,125,5351.93,42.82,41,0,0.0,0.0,4 - Clean
199,102,5855.69,57.41,33,0,0.0,0.0,4 - Clean
200,130,6663.9,51.26,41,0,0.0,0.0,4 - Clean
201,97,4953.55,51.07,27,3,465.7,3.093,2 - High
202,96,5161.93,53.77,27,1,444.3,1.042,3 - Watch
203,96,5057.7,52.68,30,0,0.0,0.0,4 - Clean
204,117,4872.02,41.64,39,0,0.0,0.0,4 - Clean
205,99,4497.69,45.43,28,0,0.0,0.0,4 - Clean
206,89,5327.46,59.86,33,0,0.0,0.0,4 - Clean
207,108,6373.56,59.01,32,0,0.0,0.0,4 - Clean
208,108,4258.81,39.43,36,0,0.0,0.0,4 - Clean
209,96,6155.26,64.12,32,0,0.0,0.0,4 - Clean
210,84,4345.85,51.74,30,0,0.0,0.0,4 - Clean
211,67,3647.3,54.44,22,0,0.0,0.0,4 - Clean
212,115,6283.33,54.64,40,0,0.0,0.0,4 - Clean
213,97,5312.05,54.76,24,0,0.0,0.0,4 - Clean
214,105,4854.43,46.23,38,0,0.0,0.0,4 - Clean
215,67,3790.98,56.58,27,0,0.0,0.0,4 - Clean
216,59,3169.79,53.73,26,0,0.0,0.0,4 - Clean
217,129,7441.24,57.68,33,0,0.0,0.0,4 - Clean
218,88,4383.17,49.81,35,0,0.0,0.0,4 - Clean
219,116,6468.37,55.76,34,0,0.0,0.0,4 - Clean
220,67,3341.45,49.87,21,0,0.0,0.0,4 - Clean
221,61,4264.94,69.92,15,0,0.0,0.0,4 - Clean
222,105,5810.1,55.33,36,0,0.0,0.0,4 - Clean
223,86,3823.28,44.46,30,0,0.0,0.0,4 - Clean
224,94,5216.85,55.5,31,0,0.0,0.0,4 - Clean
225,111,6241.19,56.23,35,1,114.25,0.901,3 - Watch
226,94,6535.45,69.53,21,1,571.8,1.064,3 - Watch
227,46,2448.53,53.23,21,1,392.3,2.174,2 - High
228,144,6960.83,48.34,40,0,0.0,0.0,4 - Clean
229,109,5123.26,47.0,37,0,0.0,0.0,4 - Clean
230,119,6813.45,57.26,34,0,0.0,0.0,4 - Clean
231,76,4682.49,61.61,27,0,0.0,0.0,4 - Clean
232,98,5586.14,57.0,26,0,0.0,0.0,4 - Clean
233,49,2372.45,48.42,17,18,883.35,36.735,1 - Critical
234,95,4213.8,44.36,36,0,0.0,0.0,4 - Clean
235,88,4674.66,53.12,28,0,0.0,0.0,4 - Clean
236,84,5294.44,63.03,32,0,0.0,0.0,4 - Clean
237,89,4263.19,47.9,29,0,0.0,0.0,4 - Clean
238,70,3746.47,53.52,25,0,0.0,0.0,4 - Clean
239,97,5069.59,52.26,25,0,0.0,0.0,4 - Clean
240,89,3646.65,40.97,33,0,0.0,0.0,4 - Clean
241,77,4708.8,61.15,26,0,0.0,0.0,4 - Clean
242,90,5105.98,56.73,29,0,0.0,0.0,4 - Clean
243,67,3663.16,54.67,20,0,0.0,0.0,4 - Clean
244,94,4301.0,45.76,37,0,0.0,0.0,4 - Clean
245,99,4279.22,43.22,36,0,0.0,0.0,4 - Clean
246,89,4462.61,50.14,33,0,0.0,0.0,4 - Clean
247,97,4666.75,48.11,32,0,0.0,0.0,4 - Clean
248,142,9068.14,63.86,44,2,98.6,1.408,3 - Watch
249,57,2608.19,45.76,24,0,0.0,0.0,4 - Clean
250,89,4913.47,55.21,27,0,0.0,0.0,4 - Clean
251,78,5674.57,72.75,29,2,530.3,2.564,2 - High
252,87,4600.38,52.88,26,0,0.0,0.0,4 - Clean
253,98,5901.37,60.22,32,1,485.05,1.02,3 - Watch
254,70,3381.11,48.3,24,0,0.0,0.0,4 - Clean
255,85,4383.25,51.57,32,0,0.0,0.0,4 - Clean
256,99,4308.74,43.52,33,0,0.0,0.0,4 - Clean
257,102,4671.73,45.8,35,0,0.0,0.0,4 - Clean
258,118,6166.16,52.26,33,0,0.0,0.0,4 - Clean
259,40,2101.43,52.54,16,0,0.0,0.0,4 - Clean
260,78,4554.76,58.39,30,0,0.0,0.0,4 - Clean
261,82,4003.75,48.83,28,16,791.54,19.512,1 - Critical
262,110,6790.39,61.73,32,0,0.0,0.0,4 - Clean
263,80,4750.89,59.39,33,0,0.0,0.0,4 - Clean
264,79,4480.09,56.71,28,0,0.0,0.0,4 - Clean
265,94,5473.77,58.23,25,0,0.0,0.0,4 - Clean
266,104,6028.71,57.97,30,0,0.0,0.0,4 - Clean
267,91,5092.86,55.97,31,0,0.0,0.0,4 - Clean
268,102,4901.79,48.06,32,0,0.0,0.0,4 - Clean
269,67,3579.37,53.42,26,0,0.0,0.0,4 - Clean
270,78,4902.38,62.85,25,1,277.15,1.282,3 - Watch
271,66,3673.88,55.66,22,0,0.0,0.0,4 - Clean
272,83,4430.7,53.38,22,0,0.0,0.0,4 - Clean
273,91,5554.73,61.04,31,1,220.94,1.099,3 - Watch
274,53,2140.75,40.39,18,0,0.0,0.0,4 - Clean
275,84,4355.61,51.85,30,0,0.0,0.0,4 - Clean
276,82,5875.22,71.65,23,1,521.9,1.22,3 - Watch
277,87,4833.12,55.55,30,2,705.2,2.299,2 - High
278,77,5004.47,64.99,28,0,0.0,0.0,4 - Clean
279,132,7100.54,53.79,34,0,0.0,0.0,4 - Clean
280,100,5766.4,57.66,27,0,0.0,0.0,4 - Clean
281,72,4091.05,56.82,24,0,0.0,0.0,4 - Clean
282,85,4853.29,57.1,30,0,0.0,0.0,4 - Clean
283,79,4272.11,54.08,30,0,0.0,0.0,4 - Clean
284,35,1739.4,49.7,13,0,0.0,0.0,4 - Clean
285,106,5873.44,55.41,37,1,505.1,0.943,3 - Watch
286,80,5971.93,74.65,30,1,526.7,1.25,3 - Watch
287,67,3908.58,58.34,26,0,0.0,0.0,4 - Clean
288,49,2517.01,51.37,23,0,0.0,0.0,4 - Clean
289,86,4969.85,57.79,28,0,0.0,0.0,4 - Clean
290,106,5637.06,53.18,35,0,0.0,0.0,4 - Clean
291,72,3452.73,47.95,29,1,75.2,1.389,3 - Watch
292,88,5886.65,66.89,24,1,251.42,1.136,3 - Watch
293,154,9892.13,64.23,42,55,4421.67,35.714,1 - Critical
294,73,2952.71,40.45,26,0,0.0,0.0,4 - Clean
295,122,6224.54,51.02,38,1,407.65,0.82,3 - Watch
296,62,2334.34,37.65,23,1,97.65,1.613,3 - Watch
297,108,5736.95,53.12,33,0,0.0,0.0,4 - Clean
298,77,4128.69,53.62,25,0,0.0,0.0,4 - Clean
299,95,6159.39,64.84,28,0,0.0,0.0,4 - Clean
300,70,3727.45,53.25,29,0,0.0,0.0,4 - Clean
301,105,6869.62,65.42,32,0,0.0,0.0,4 - Clean
302,121,6754.02,55.82,38,1,224.85,0.826,3 - Watch
303,86,3909.28,45.46,35,0,0.0,0.0,4 - Clean
304,84,3632.39,43.24,30,0,0.0,0.0,4 - Clean
305,92,5059.24,54.99,32,0,0.0,0.0,4 - Clean
306,87,6082.03,69.91,30,0,0.0,0.0,4 - Clean
307,54,3489.39,64.62,17,0,0.0,0.0,4 - Clean
308,60,3396.78,56.61,20,0,0.0,0.0,4 - Clean
309,107,5018.89,46.91,28,0,0.0,0.0,4 - Clean
310,58,2724.26,46.97,24,0,0.0,0.0,4 - Clean
311,97,4448.45,45.86,35,0,0.0,0.0,4 - Clean
312,70,3050.3,43.58,24,18,839.0,25.714,1 - Critical
313,67,4176.38,62.33,22,0,0.0,0.0,4 - Clean
314,86,5293.71,61.55,29,0,0.0,0.0,4 - Clean
315,117,6114.56,52.26,38,0,0.0,0.0,4 - Clean
316,144,7681.2,53.34,41,0,0.0,0.0,4 - Clean
317,110,5413.12,49.21,36,0,0.0,0.0,4 - Clean
318,118,5438.22,46.09,39,0,0.0,0.0,4 - Clean
319,88,3745.53,42.56,29,1,24.15,1.136,3 - Watch
320,90,4664.05,51.82,33,1,174.55,1.111,3 - Watch
321,60,3745.82,62.43,19,0,0.0,0.0,4 - Clean
322,124,6597.18,53.2,41,0,0.0,0.0,4 - Clean
323,94,4548.54,48.39,29,0,0.0,0.0,4 - Clean
324,106,4981.53,47.0,36,0,0.0,0.0,4 - Clean
325,58,2815.11,48.54,24,0,0.0,0.0,4 - Clean
326,95,6524.81,68.68,29,0,0.0,0.0,4 - Clean
327,80,4247.89,53.1,22,1,237.5,1.25,3 - Watch
328,105,5641.21,53.73,36,0,0.0,0.0,4 - Clean
329,95,5655.27,59.53,34,0,0.0,0.0,4 - Clean
330,70,3703.95,52.91,26,0,0.0,0.0,4 - Clean
331,106,5035.86,47.51,33,1,140.35,0.943,3 - Watch
332,70,2735.88,39.08,23,0,0.0,0.0,4 - Clean
333,98,4956.71,50.58,29,1,161.95,1.02,3 - Watch
334,73,3651.52,50.02,27,0,0.0,0.0,4 - Clean
335,114,6655.74,58.38,38,0,0.0,0.0,4 - Clean
336,98,4659.41,47.54,38,1,477.05,1.02,3 - Watch
337,77,4107.24,53.34,24,0,0.0,0.0,4 - Clean
338,63,3100.45,49.21,19,0,0.0,0.0,4 - Clean
339,101,5577.59,55.22,29,0,0.0,0.0,4 - Clean
340,73,4734.41,64.85,34,1,220.06,1.37,3 - Watch
341,81,3310.49,40.87,28,0,0.0,0.0,4 - Clean
342,112,5488.43,49.0,32,0,0.0,0.0,4 - Clean
343,98,3952.18,40.33,36,0,0.0,0.0,4 - Clean
344,81,4255.64,52.54,28,0,0.0,0.0,4 - Clean
345,67,3912.86,58.4,18,1,240.4,1.493,3 - Watch
346,78,3084.31,39.54,29,0,0.0,0.0,4 - Clean
347,62,3536.6,57.04,20,0,0.0,0.0,4 - Clean
348,65,2934.41,45.14,28,0,0.0,0.0,4 - Clean
349,114,5041.56,44.22,37,0,0.0,0.0,4 - Clean
350,103,5859.45,56.89,32,0,0.0,0.0,4 - Clean
351,99,5258.43,53.12,29,0,0.0,0.0,4 - Clean
352,62,3691.1,59.53,24,0,0.0,0.0,4 - Clean
353,99,5347.88,54.02,30,0,0.0,0.0,4 - Clean
354,84,5006.18,59.6,27,1,69.55,1.19,3 - Watch
355,75,4192.33,55.9,30,0,0.0,0.0,4 - Clean
356,73,3774.18,51.7,29,0,0.0,0.0,4 - Clean
357,109,6253.36,57.37,37,0,0.0,0.0,4 - Clean
358,57,2860.24,50.18,21,14,686.96,24.561,1 - Critical
359,66,4468.99,67.71,26,1,516.6,1.515,3 - Watch
360,68,4015.64,59.05,27,0,0.0,0.0,4 - Clean
361,63,3909.16,62.05,21,0,0.0,0.0,4 - Clean
362,91,4506.61,49.52,32,0,0.0,0.0,4 - Clean
363,75,3574.62,47.66,29,0,0.0,0.0,4 - Clean
364,125,5904.24,47.23,39,1,87.7,0.8,3 - Watch
365,114,7302.58,64.06,34,0,0.0,0.0,4 - Clean
366,65,3172.83,48.81,24,0,0.0,0.0,4 - Clean
367,76,4777.63,62.86,31,18,1458.73,23.684,1 - Critical
368,80,2859.91,35.75,23,0,0.0,0.0,4 - Clean
369,55,2495.92,45.38,21,0,0.0,0.0,4 - Clean
370,108,5211.14,48.25,26,0,0.0,0.0,4 - Clean
371,84,5233.85,62.31,27,0,0.0,0.0,4 - Clean
372,70,3146.39,44.95,21,0,0.0,0.0,4 - Clean
373,107,4568.34,42.69,36,1,115.65,0.935,3 - Watch
374,88,3458.31,39.3,26,0,0.0,0.0,4 - Clean
375,125,6472.15,51.78,37,0,0.0,0.0,4 - Clean
376,116,6568.21,56.62,40,1,457.2,0.862,3 - Watch
377,105,5125.61,48.82,39,0,0.0,0.0,4 - Clean
378,84,5355.17,63.75,29,0,0.0,0.0,4 - Clean
379,100,5450.21,54.5,30,0,0.0,0.0,4 - Clean
380,145,8264.42,57.0,30,1,426.4,0.69,3 - Watch
381,80,4273.32,53.42,29,0,0.0,0.0,4 - Clean
382,114,6748.7,59.2,26,0,0.0,0.0,4 - Clean
383,66,3492.24,52.91,28,0,0.0,0.0,4 - Clean
384,96,5539.91,57.71,33,1,237.61,1.042,3 - Watch
385,82,3928.07,47.9,32,0,0.0,0.0,4 - Clean
386,101,6453.69,63.9,31,0,0.0,0.0,4 - Clean
387,67,3153.14,47.06,22,0,0.0,0.0,4 - Clean
388,73,5313.74,72.79,24,1,365.9,1.37,3 - Watch
389,78,4781.44,61.3,31,0,0.0,0.0,4 - Clean
390,80,4823.1,60.29,20,0,0.0,0.0,4 - Clean
391,84,6037.47,71.87,24,1,333.85,1.19,3 - Watch
392,82,4475.22,54.58,29,0,0.0,0.0,4 - Clean
393,96,5245.74,54.64,35,0,0.0,0.0,4 - Clean
394,88,3983.59,45.27,30,0,0.0,0.0,4 - Clean
395,100,4983.03,49.83,31,0,0.0,0.0,4 - Clean
396,91,4539.48,49.88,32,0,0.0,0.0,4 - Clean
397,82,3536.91,43.13,32,0,0.0,0.0,4 - Clean
398,66,3320.75,50.31,25,0,0.0,0.0,4 - Clean
399,86,5089.51,59.18,37,2,261.39,2.326,2 - High
400,101,5545.6,54.91,29,0,0.0,0.0,4 - Clean
401,149,8327.69,55.89,35,0,0.0,0.0,4 - Clean
402,96,4578.55,47.69,30,0,0.0,0.0,4 - Clean
403,60,2957.56,49.29,22,0,0.0,0.0,4 - Clean
404,65,3358.33,51.67,21,0,0.0,0.0,4 - Clean
405,116,6285.5,54.19,28,1,106.55,0.862,3 - Watch
406,70,3698.74,52.84,29,0,0.0,0.0,4 - Clean
407,115,6464.95,56.22,32,1,232.66,0.87,3 - Watch
408,76,4292.87,56.49,29,0,0.0,0.0,4 - Clean
409,68,3269.22,48.08,25,0,0.0,0.0,4 - Clean
410,78,3519.66,45.12,25,0,0.0,0.0,4 - Clean
411,66,3033.95,45.97,27,0,0.0,0.0,4 - Clean
412,117,5766.35,49.29,36,0,0.0,0.0,4 - Clean
413,56,2578.1,46.04,23,0,0.0,0.0,4 - Clean
414,90,5096.55,56.63,26,1,112.2,1.111,3 - Watch
415,75,4265.4,56.87,27,1,244.65,1.333,3 - Watch
416,97,4749.01,48.96,33,0,0.0,0.0,4 - Clean
417,98,5359.32,54.69,36,1,36.8,1.02,3 - Watch
418,89,4523.85,50.83,37,0,0.0,0.0,4 - Clean
419,61,3426.04,56.16,26,0,0.0,0.0,4 - Clean
420,70,3123.55,44.62,26,0,0.0,0.0,4 - Clean
421,108,5527.47,51.18,33,0,0.0,0.0,4 - Clean
422,77,4063.47,52.77,27,1,212.85,1.299,3 - Watch
423,102,6514.56,63.87,29,0,0.0,0.0,4 - Clean
424,114,4987.93,43.75,37,0,0.0,0.0,4 - Clean
425,92,5318.84,57.81,30,1,220.84,1.087,3 - Watch
426,80,4323.44,54.04,31,0,0.0,0.0,4 - Clean
427,59,3155.54,53.48,16,1,282.0,1.695,3 - Watch
428,85,3721.17,43.78,29,0,0.0,0.0,4 - Clean
429,97,5343.6,55.09,31,0,0.0,0.0,4 - Clean
430,86,3931.63,45.72,24,0,0.0,0.0,4 - Clean
431,90,5703.94,63.38,37,0,0.0,0.0,4 - Clean
432,110,5192.39,47.2,36,0,0.0,0.0,4 - Clean
433,139,6586.3,47.38,46,0,0.0,0.0,4 - Clean
434,64,2813.5,43.96,18,0,0.0,0.0,4 - Clean
435,107,6469.16,60.46,35,2,455.75,1.869,3 - Watch
436,81,4294.28,53.02,32,0,0.0,0.0,4 - Clean
437,116,6461.42,55.7,33,0,0.0,0.0,4 - Clean
438,59,3445.42,58.4,28,0,0.0,0.0,4 - Clean
439,66,3166.52,47.98,25,0,0.0,0.0,4 - Clean
440,80,4490.78,56.13,32,28,1338.92,35.0,1 - Critical
441,89,5454.18,61.28,35,0,0.0,0.0,4 - Clean
442,80,3705.68,46.32,28,19,849.72,23.75,1 - Critical
443,90,4751.48,52.79,27,0,0.0,0.0,4 - Clean
444,76,3302.98,43.46,25,0,0.0,0.0,4 - Clean
445,101,6336.93,62.74,35,0,0.0,0.0,4 - Clean
446,76,4487.58,59.05,27,1,738.0,1.316,3 - Watch
447,85,4556.93,53.61,24,0,0.0,0.0,4 - Clean
448,70,3430.13,49.0,35,0,0.0,0.0,4 - Clean
449,78,3662.48,46.95,23,0,0.0,0.0,4 - Clean
450,97,5647.85,58.23,37,0,0.0,0.0,4 - Clean
451,129,6468.92,50.15,33,0,0.0,0.0,4 - Clean
452,100,5270.43,52.7,34,1,264.1,1.0,3 - Watch
453,122,6344.61,52.0,23,1,221.09,0.82,3 - Watch
454,76,4581.6,60.28,29,1,220.82,1.316,3 - Watch
455,103,4997.15,48.52,31,0,0.0,0.0,4 - Clean
456,116,6788.5,58.52,32,0,0.0,0.0,4 - Clean
457,117,5208.21,44.51,35,0,0.0,0.0,4 - Clean
458,105,4088.12,38.93,32,0,0.0,0.0,4 - Clean
459,93,6557.81,70.51,32,1,548.5,1.075,3 - Watch
460,62,2986.55,48.17,23,0,0.0,0.0,4 - Clean
461,55,3108.4,56.52,20,1,264.2,1.818,3 - Watch
462,90,5585.32,62.06,28,2,329.16,2.222,2 - High
463,92,3950.8,42.94,30,0,0.0,0.0,4 - Clean
464,80,4159.84,52.0,32,0,0.0,0.0,4 - Clean
465,149,7477.77,50.19,49,0,0.0,0.0,4 - Clean
466,97,5229.51,53.91,27,0,0.0,0.0,4 - Clean
467,60,3004.26,50.07,26,0,0.0,0.0,4 - Clean
468,72,4202.58,58.37,23,0,0.0,0.0,4 - Clean
469,95,5821.1,61.27,30,0,0.0,0.0,4 - Clean
470,87,4388.57,50.44,32,34,1693.76,39.08,1 - Critical
471,148,6551.38,44.27,45,0,0.0,0.0,4 - Clean
472,75,3585.52,47.81,29,0,0.0,0.0,4 - Clean
473,93,4767.58,51.26,32,0,0.0,0.0,4 - Clean
474,90,4807.36,53.42,29,0,0.0,0.0,4 - Clean
475,80,4651.1,58.14,26,0,0.0,0.0,4 - Clean
476,65,2837.05,43.65,27,0,0.0,0.0,4 - Clean
477,88,5428.7,61.69,27,0,0.0,0.0,4 - Clean
478,90,4763.29,52.93,25,1,300.4,1.111,3 - Watch
479,80,4040.1,50.5,27,0,0.0,0.0,4 - Clean
480,61,3296.27,54.04,15,0,0.0,0.0,4 - Clean
481,56,3643.73,65.07,25,1,40.1,1.786,3 - Watch
482,70,4029.43,57.56,27,0,0.0,0.0,4 - Clean
483,78,3710.69,47.57,30,0,0.0,0.0,4 - Clean
484,92,5827.29,63.34,29,1,235.44,1.087,3 - Watch
485,97,6785.82,69.96,34,1,471.5,1.031,3 - Watch
486,111,6181.53,55.69,39,1,397.55,0.901,3 - Watch
487,98,5425.06,55.36,31,1,374.05,1.02,3 - Watch
488,73,4144.03,56.77,23,1,94.8,1.37,3 - Watch
489,60,2719.64,45.33,26,0,0.0,0.0,4 - Clean
490,105,5932.07,56.5,32,0,0.0,0.0,4 - Clean
491,66,2830.09,42.88,27,0,0.0,0.0,4 - Clean
492,92,5344.07,58.09,29,0,0.0,0.0,4 - Clean
493,106,4989.35,47.07,37,0,0.0,0.0,4 - Clean
494,93,5027.05,54.05,28,0,0.0,0.0,4 - Clean
495,54,3852.18,71.34,22,0,0.0,0.0,4 - Clean
496,83,3888.79,46.85,29,0,0.0,0.0,4 - Clean
497,75,3551.31,47.35,23,0,0.0,0.0,4 - Clean
498,61,3474.31,56.96,21,0,0.0,0.0,4 - Clean
499,116,5406.07,46.6,35,1,123.15,0.862,3 - Watch
500,96,5761.5,60.02,33,0,0.0,0.0,4 - Clean
501,80,3522.34,44.03,27,0,0.0,0.0,4 - Clean
502,73,4501.62,61.67,27,0,0.0,0.0,4 - Clean
503,104,5259.83,50.58,27,0,0.0,0.0,4 - Clean
504,79,5172.68,65.48,23,1,680.45,1.266,3 - Watch
505,104,5423.38,52.15,30,0,0.0,0.0,4 - Clean
506,72,3958.89,54.98,27,0,0.0,0.0,4 - Clean
507,115,6804.5,59.17,35,0,0.0,0.0,4 - Clean
508,76,3432.79,45.17,28,1,181.05,1.316,3 - Watch
509,98,4818.85,49.17,33,0,0.0,0.0,4 - Clean
510,100,5512.92,55.13,33,1,65.5,1.0,3 - Watch
511,84,5251.21,62.51,34,1,690.8,1.19,3 - Watch
512,46,3290.04,71.52,16,0,0.0,0.0,4 - Clean
513,56,2537.49,45.31,28,0,0.0,0.0,4 - Clean
514,88,4713.45,53.56,27,0,0.0,0.0,4 - Clean
515,116,6083.7,52.45,31,0,0.0,0.0,4 - Clean
516,133,6680.41,50.23,43,0,0.0,0.0,4 - Clean
517,75,3431.13,45.75,31,0,0.0,0.0,4 - Clean
518,129,6899.22,53.48,42,1,31.7,0.775,3 - Watch
519,72,3710.68,51.54,27,0,0.0,0.0,4 - Clean
520,120,7187.71,59.9,32,0,0.0,0.0,4 - Clean
521,107,5771.43,53.94,33,0,0.0,0.0,4 - Clean
522,86,3653.63,42.48,29,35,1591.52,40.698,1 - Critical
523,80,4222.7,52.78,24,0,0.0,0.0,4 - Clean
524,113,5610.82,49.65,34,0,0.0,0.0,4 - Clean
525,99,4497.99,45.43,35,1,171.65,1.01,3 - Watch
526,93,4826.63,51.9,30,2,395.65,2.151,2 - High
527,92,4368.74,47.49,32,0,0.0,0.0,4 - Clean
528,74,4734.17,63.98,24,0,0.0,0.0,4 - Clean
529,63,2486.29,39.46,24,0,0.0,0.0,4 - Clean
530,75,3872.81,51.64,31,23,1292.56,30.667,1 - Critical
531,127,7102.07,55.92,37,0,0.0,0.0,4 - Clean
532,132,5678.69,43.02,38,0,0.0,0.0,4 - Clean
533,129,5156.19,39.97,38,0,0.0,0.0,4 - Clean
534,143,6960.39,48.67,42,1,69.55,0.699,3 - Watch
535,103,5126.1,49.77,33,0,0.0,0.0,4 - Clean
536,84,4023.87,47.9,30,1,244.79,1.19,3 - Watch
537,102,5098.67,49.99,34,0,0.0,0.0,4 - Clean
538,101,5296.36,52.44,29,0,0.0,0.0,4 - Clean
539,105,6008.09,57.22,31,0,0.0,0.0,4 - Clean
540,88,3928.0,44.64,35,0,0.0,0.0,4 - Clean
541,98,5450.38,55.62,35,0,0.0,0.0,4 - Clean
542,90,4944.12,54.93,31,1,157.9,1.111,3 - Watch
543,95,4444.6,46.79,38,0,0.0,0.0,4 - Clean
544,98,4260.34,43.47,36,0,0.0,0.0,4 - Clean
545,124,7257.02,58.52,39,2,136.25,1.613,3 - Watch
546,65,2983.16,45.89,26,0,0.0,0.0,4 - Clean
547,54,2905.35,53.8,22,0,0.0,0.0,4 - Clean
548,115,6359.02,55.3,36,0,0.0,0.0,4 - Clean
549,84,4323.41,51.47,31,0,0.0,0.0,4 - Clean
550,60,2418.33,40.31,22,0,0.0,0.0,4 - Clean
551,81,5140.9,63.47,18,0,0.0,0.0,4 - Clean
552,111,5173.38,46.61,37,0,0.0,0.0,4 - Clean
553,120,7316.36,60.97,36,3,1344.84,2.5,2 - High
554,72,3947.78,54.83,24,1,263.7,1.389,3 - Watch
555,87,4333.51,49.81,33,0,0.0,0.0,4 - Clean
556,96,5512.65,57.42,28,2,449.83,2.083,2 - High
557,125,6542.4,52.34,37,0,0.0,0.0,4 - Clean
558,114,6707.29,58.84,31,0,0.0,0.0,4 - Clean
559,90,3615.93,40.18,28,0,0.0,0.0,4 - Clean
560,77,3801.26,49.37,21,0,0.0,0.0,4 - Clean
561,54,3281.0,60.76,15,0,0.0,0.0,4 - Clean
562,77,4513.35,58.61,30,0,0.0,0.0,4 - Clean
563,105,5367.21,51.12,30,0,0.0,0.0,4 - Clean
564,101,5658.39,56.02,35,2,487.15,1.98,3 - Watch
565,119,6007.27,50.48,34,0,0.0,0.0,4 - Clean
566,83,4126.25,49.71,28,0,0.0,0.0,4 - Clean
567,102,5938.85,58.22,31,1,47.25,0.98,3 - Watch
568,95,4839.5,50.94,30,0,0.0,0.0,4 - Clean
569,118,5287.31,44.81,39,0,0.0,0.0,4 - Clean
570,91,4388.67,48.23,35,0,0.0,0.0,4 - Clean
571,97,6657.96,68.64,32,1,244.55,1.031,3 - Watch
572,80,4989.13,62.36,26,0,0.0,0.0,4 - Clean
573,90,5148.23,57.2,33,0,0.0,0.0,4 - Clean
574,68,3790.26,55.74,27,0,0.0,0.0,4 - Clean
575,92,3515.43,38.21,31,1,226.5,1.087,3 - Watch
576,62,2879.95,46.45,24,0,0.0,0.0,4 - Clean
577,101,5573.38,55.18,33,0,0.0,0.0,4 - Clean
578,96,3866.43,40.28,29,0,0.0,0.0,4 - Clean
579,44,2675.44,60.81,19,0,0.0,0.0,4 - Clean
580,100,5108.34,51.08,32,1,221.64,1.0,3 - Watch
581,89,4048.61,45.49,32,0,0.0,0.0,4 - Clean
582,75,3749.14,49.99,28,0,0.0,0.0,4 - Clean
583,76,5222.32,68.71,26,0,0.0,0.0,4 - Clean
584,120,7208.05,60.07,43,2,386.8,1.667,3 - Watch
585,75,4034.17,53.79,28,0,0.0,0.0,4 - Clean
586,104,6305.25,60.63,27,0,0.0,0.0,4 - Clean
587,64,3912.55,61.13,26,1,282.55,1.562,3 - Watch
588,95,5030.05,52.95,30,0,0.0,0.0,4 - Clean
589,94,5119.78,54.47,36,1,10.6,1.064,3 - Watch
590,61,3285.76,53.86,22,0,0.0,0.0,4 - Clean
591,66,4221.12,63.96,28,0,0.0,0.0,4 - Clean
592,60,3285.29,54.75,22,0,0.0,0.0,4 - Clean
593,113,6036.55,53.42,30,0,0.0,0.0,4 - Clean
594,85,4445.77,52.3,32,1,221.55,1.176,3 - Watch
595,65,3381.63,52.03,28,0,0.0,0.0,4 - Clean
596,90,4463.65,49.6,29,22,874.37,24.444,1 - Critical
597,60,4782.17,79.7,22,1,549.0,1.667,3 - Watch
598,66,4024.66,60.98,29,0,0.0,0.0,4 - Clean
599,103,6304.15,61.21,35,0,0.0,0.0,4 - Clean
600,70,4351.2,62.16,28,0,0.0,0.0,4 - Clean
601,98,4166.72,42.52,29,0,0.0,0.0,4 - Clean
602,100,6601.75,66.02,40,1,343.25,1.0,3 - Watch
603,53,3056.3,57.67,18,0,0.0,0.0,4 - Clean
604,40,2411.79,60.29,13,0,0.0,0.0,4 - Clean
605,110,6001.56,54.56,35,0,0.0,0.0,4 - Clean
606,98,5599.78,57.14,31,0,0.0,0.0,4 - Clean
607,100,5232.51,52.33,33,0,0.0,0.0,4 - Clean
608,84,4344.65,51.72,19,0,0.0,0.0,4 - Clean
609,102,5158.28,50.57,34,0,0.0,0.0,4 - Clean
610,87,4578.0,52.62,29,0,0.0,0.0,4 - Clean
611,73,3864.89,52.94,27,0,0.0,0.0,4 - Clean
612,70,3987.98,56.97,25,0,0.0,0.0,4 - Clean
613,102,4965.94,48.69,38,0,0.0,0.0,4 - Clean
614,108,5205.15,48.2,29,1,136.75,0.926,3 - Watch
615,60,3473.99,57.9,21,0,0.0,0.0,4 - Clean
616,67,4028.5,60.13,19,0,0.0,0.0,4 - Clean
617,77,4623.32,60.04,28,0,0.0,0.0,4 - Clean
618,126,6879.38,54.6,45,1,432.85,0.794,3 - Watch
619,45,2280.22,50.67,13,0,0.0,0.0,4 - Clean
620,116,5984.74,51.59,38,1,461.9,0.862,3 - Watch
621,82,3867.98,47.17,32,0,0.0,0.0,4 - Clean
622,85,3755.36,44.18,31,0,0.0,0.0,4 - Clean
623,79,4664.35,59.04,36,1,227.16,1.266,3 - Watch
624,81,3400.05,41.98,30,0,0.0,0.0,4 - Clean
625,99,5239.59,52.93,39,0,0.0,0.0,4 - Clean
626,71,3920.97,55.22,23,0,0.0,0.0,4 - Clean
627,87,3746.43,43.06,36,0,0.0,0.0,4 - Clean
628,75,4026.29,53.68,29,1,346.15,1.333,3 - Watch
629,69,2819.9,40.87,21,0,0.0,0.0,4 - Clean
630,110,5250.91,47.74,35,0,0.0,0.0,4 - Clean
631,95,4802.53,50.55,34,0,0.0,0.0,4 - Clean
632,72,3332.07,46.28,25,0,0.0,0.0,4 - Clean
633,87,4801.64,55.19,30,0,0.0,0.0,4 - Clean
634,82,4147.89,50.58,30,0,0.0,0.0,4 - Clean
635,53,2845.62,53.69,22,0,0.0,0.0,4 - Clean
636,75,3716.27,49.55,28,0,0.0,0.0,4 - Clean
637,98,4851.03,49.5,31,0,0.0,0.0,4 - Clean
638,105,5631.77,53.64,31,1,423.15,0.952,3 - Watch
639,81,3899.78,48.15,28,1,220.62,1.235,3 - Watch
640,74,3596.24,48.6,29,0,0.0,0.0,4 - Clean
641,92,3807.42,41.38,20,1,141.25,1.087,3 - Watch
642,93,4454.35,47.9,32,0,0.0,0.0,4 - Clean
643,99,4426.24,44.71,37,0,0.0,0.0,4 - Clean
644,129,6706.24,51.99,42,0,0.0,0.0,4 - Clean
645,70,3664.57,52.35,23,2,344.5,2.857,2 - High
646,112,4351.98,38.86,35,0,0.0,0.0,4 - Clean
647,89,5847.18,65.7,29,0,0.0,0.0,4 - Clean
648,98,5176.87,52.83,31,1,104.3,1.02,3 - Watch
649,103,5479.97,53.2,29,0,0.0,0.0,4 - Clean
650,84,4628.46,55.1,32,1,534.9,1.19,3 - Watch
651,140,7111.14,50.79,46,0,0.0,0.0,4 - Clean
652,107,5796.44,54.17,30,0,0.0,0.0,4 - Clean
653,65,3660.67,56.32,28,0,0.0,0.0,4 - Clean
654,74,3913.58,52.89,28,0,0.0,0.0,4 - Clean
655,101,5804.28,57.47,34,0,0.0,0.0,4 - Clean
656,87,3724.07,42.81,29,0,0.0,0.0,4 - Clean
657,96,4131.36,43.04,31,0,0.0,0.0,4 - Clean
658,94,5629.67,59.89,31,0,0.0,0.0,4 - Clean
659,72,3775.76,52.44,33,1,233.67,1.389,3 - Watch
660,76,3837.35,50.49,31,0,0.0,0.0,4 - Clean
661,106,4762.51,44.93,33,0,0.0,0.0,4 - Clean
662,71,4149.59,58.44,25,0,0.0,0.0,4 - Clean
663,71,3739.22,52.67,20,0,0.0,0.0,4 - Clean
664,78,4153.3,53.25,30,0,0.0,0.0,4 - Clean
665,60,3027.48,50.46,24,1,196.75,1.667,3 - Watch
666,80,3646.57,45.58,30,0,0.0,0.0,4 - Clean
667,106,5260.26,49.63,39,0,0.0,0.0,4 - Clean
668,107,6712.42,62.73,34,1,209.8,0.935,3 - Watch
669,65,3741.18,57.56,24,1,147.2,1.538,3 - Watch
670,74,4072.12,55.03,27,0,0.0,0.0,4 - Clean
671,87,4316.34,49.61,34,0,0.0,0.0,4 - Clean
672,139,7290.53,52.45,48,0,0.0,0.0,4 - Clean
673,86,3850.54,44.77,31,0,0.0,0.0,4 - Clean
674,96,4944.63,51.51,36,1,238.6,1.042,3 - Watch
675,87,4731.81,54.39,28,0,0.0,0.0,4 - Clean
676,43,2426.22,56.42,16,0,0.0,0.0,4 - Clean
677,79,3539.15,44.8,26,0,0.0,0.0,4 - Clean
678,150,9018.79,60.13,46,0,0.0,0.0,4 - Clean
679,72,4218.02,58.58,26,16,944.29,22.222,1 - Critical
680,118,7235.98,61.32,39,1,19.8,0.847,3 - Watch
681,122,6197.34,50.8,37,0,0.0,0.0,4 - Clean
682,118,6003.68,50.88,37,0,0.0,0.0,4 - Clean
683,63,3797.02,60.27,23,0,0.0,0.0,4 - Clean
684,100,6056.29,60.56,26,0,0.0,0.0,4 - Clean
685,93,5489.85,59.03,21,0,0.0,0.0,4 - Clean
686,83,5154.83,62.11,24,3,1221.0,3.614,2 - High
687,65,3047.53,46.89,18,0,0.0,0.0,4 - Clean
688,87,5059.34,58.15,36,0,0.0,0.0,4 - Clean
689,91,4820.41,52.97,30,0,0.0,0.0,4 - Clean
690,116,6575.55,56.69,31,1,263.09,0.862,3 - Watch
691,98,5384.43,54.94,34,0,0.0,0.0,4 - Clean
692,198,9564.87,48.31,45,0,0.0,0.0,4 - Clean
693,106,5485.32,51.75,32,1,232.92,0.943,3 - Watch
694,115,5618.64,48.86,29,0,0.0,0.0,4 - Clean
695,101,5984.08,59.25,31,0,0.0,0.0,4 - Clean
696,100,6171.03,61.71,28,0,0.0,0.0,4 - Clean
697,76,4595.39,60.47,30,24,1387.18,31.579,1 - Critical
698,78,4939.51,63.33,21,1,236.04,1.282,3 - Watch
699,111,5533.09,49.85,40,1,226.35,0.901,3 - Watch
700,61,3157.7,51.77,25,0,0.0,0.0,4 - Clean
701,54,2988.28,55.34,23,0,0.0,0.0,4 - Clean
702,87,4579.78,52.64,29,0,0.0,0.0,4 - Clean
703,109,6846.39,62.81,32,1,350.65,0.917,3 - Watch
704,68,3767.8,55.41,26,0,0.0,0.0,4 - Clean
705,74,3863.95,52.22,28,0,0.0,0.0,4 - Clean
706,89,4319.44,48.53,30,1,205.2,1.124,3 - Watch
707,71,3162.54,44.54,28,0,0.0,0.0,4 - Clean
708,165,11885.86,72.04,41,4,1841.05,2.424,2 - High
709,77,4413.66,57.32,28,0,0.0,0.0,4 - Clean
710,79,5360.55,67.86,21,0,0.0,0.0,4 - Clean
711,84,5215.36,62.09,30,0,0.0,0.0,4 - Clean
712,78,4702.52,60.29,27,1,226.61,1.282,3 - Watch
713,113,5684.95,50.31,38,1,197.8,0.885,3 - Watch
714,100,6251.29,62.51,33,3,237.55,3.0,2 - High
715,86,3863.82,44.93,33,0,0.0,0.0,4 - Clean
716,68,3994.2,58.74,25,0,0.0,0.0,4 - Clean
717,104,5600.78,53.85,29,0,0.0,0.0,4 - Clean
718,88,3987.61,45.31,27,0,0.0,0.0,4 - Clean
719,112,6092.68,54.4,29,2,371.45,1.786,3 - Watch
720,84,3797.87,45.21,32,0,0.0,0.0,4 - Clean
721,119,6524.21,54.83,34,1,234.54,0.84,3 - Watch
722,93,4482.51,48.2,32,0,0.0,0.0,4 - Clean
723,79,3419.51,43.28,28,0,0.0,0.0,4 - Clean
724,87,5349.69,61.49,30,0,0.0,0.0,4 - Clean
725,84,3395.82,40.43,30,0,0.0,0.0,4 - Clean
726,84,4638.04,55.21,29,0,0.0,0.0,4 - Clean
727,80,4406.93,55.09,28,0,0.0,0.0,4 - Clean
728,81,3582.96,44.23,30,1,79.75,1.235,3 - Watch
729,81,4383.2,54.11,27,0,0.0,0.0,4 - Clean
730,103,6566.4,63.75,37,0,0.0,0.0,4 - Clean
731,70,3011.3,43.02,14,0,0.0,0.0,4 - Clean
732,90,4271.14,47.46,29,0,0.0,0.0,4 - Clean
733,94,4805.98,51.13,20,0,0.0,0.0,4 - Clean
734,90,4017.35,44.64,30,0,0.0,0.0,4 - Clean
735,57,3182.01,55.82,22,0,0.0,0.0,4 - Clean
736,95,5257.28,55.34,28,1,153.4,1.053,3 - Watch
737,103,6124.56,59.46,29,0,0.0,0.0,4 - Clean
738,93,5104.34,54.89,32,0,0.0,0.0,4 - Clean
739,95,4186.77,44.07,29,28,1476.27,29.474,1 - Critical
740,95,5801.83,61.07,35,1,166.25,1.053,3 - Watch
741,137,8024.92,58.58,41,1,143.05,0.73,3 - Watch
742,76,4622.34,60.82,25,0,0.0,0.0,4 - Clean
743,129,7808.13,60.53,40,1,537.9,0.775,3 - Watch
744,114,5784.89,50.74,39,0,0.0,0.0,4 - Clean
745,107,6530.12,61.03,32,0,0.0,0.0,4 - Clean
746,89,4632.87,52.05,29,0,0.0,0.0,4 - Clean
747,97,6055.52,62.43,29,1,458.7,1.031,3 - Watch
748,96,4818.34,50.19,26,0,0.0,0.0,4 - Clean
749,87,4860.32,55.87,25,0,0.0,0.0,4 - Clean
750,106,4700.85,44.35,36,0,0.0,0.0,4 - Clean
751,115,6179.22,53.73,31,0,0.0,0.0,4 - Clean
752,121,6074.44,50.2,35,0,0.0,0.0,4 - Clean
753,95,5419.79,57.05,37,0,0.0,0.0,4 - Clean
754,136,7257.43,53.36,41,0,0.0,0.0,4 - Clean
755,67,2924.49,43.65,22,0,0.0,0.0,4 - Clean
756,70,3721.23,53.16,20,0,0.0,0.0,4 - Clean
757,72,2938.88,40.82,29,23,1044.04,31.944,1 - Critical
758,81,4709.03,58.14,25,1,237.49,1.235,3 - Watch
759,112,5434.78,48.52,42,0,0.0,0.0,4 - Clean
760,119,7264.87,61.05,42,1,555.7,0.84,3 - Watch
761,112,4698.61,41.95,37,0,0.0,0.0,4 - Clean
762,76,4887.05,64.3,26,0,0.0,0.0,4 - Clean
763,101,6163.32,61.02,29,1,243.5,0.99,3 - Watch
764,70,3453.1,49.33,23,0,0.0,0.0,4 - Clean
765,107,5802.69,54.23,31,1,407.2,0.935,3 - Watch
766,96,4406.54,45.9,32,0,0.0,0.0,4 - Clean
767,82,4441.39,54.16,28,0,0.0,0.0,4 - Clean
768,88,5326.59,60.53,30,0,0.0,0.0,4 - Clean
769,85,5047.57,59.38,29,0,0.0,0.0,4 - Clean
770,62,3813.22,61.5,22,0,0.0,0.0,4 - Clean
771,97,5242.68,54.05,23,0,0.0,0.0,4 - Clean
772,101,5380.23,53.27,30,0,0.0,0.0,4 - Clean
773,106,6544.64,61.74,29,1,397.9,0.943,3 - Watch
774,111,6966.22,62.76,33,1,497.35,0.901,3 - Watch
775,72,3982.98,55.32,27,1,226.5,1.389,3 - Watch
776,59,3405.08,57.71,25,0,0.0,0.0,4 - Clean
777,111,6084.01,54.81,36,0,0.0,0.0,4 - Clean
778,73,4103.81,56.22,27,0,0.0,0.0,4 - Clean
779,73,3511.05,48.1,32,0,0.0,0.0,4 - Clean
780,68,5710.08,83.97,29,1,530.75,1.471,3 - Watch
781,83,5460.14,65.78,33,1,230.24,1.205,3 - Watch
782,89,5321.95,59.8,32,0,0.0,0.0,4 - Clean
783,89,4240.9,47.65,30,1,225.72,1.124,3 - Watch
784,74,3465.66,46.83,33,0,0.0,0.0,4 - Clean
785,129,6038.37,46.81,33,0,0.0,0.0,4 - Clean
786,114,5378.48,47.18,33,0,0.0,0.0,4 - Clean
787,82,3422.91,41.74,28,0,0.0,0.0,4 - Clean
788,77,4523.92,58.75,27,0,0.0,0.0,4 - Clean
789,69,3293.03,47.73,22,0,0.0,0.0,4 - Clean
790,91,4969.24,54.61,34,1,160.15,1.099,3 - Watch
791,93,4960.16,53.34,32,0,0.0,0.0,4 - Clean
792,56,2701.27,48.24,24,0,0.0,0.0,4 - Clean
793,98,5054.77,51.58,36,0,0.0,0.0,4 - Clean
794,108,5904.86,54.67,31,0,0.0,0.0,4 - Clean
795,101,4709.91,46.63,35,1,24.8,0.99,3 - Watch
796,122,7670.49,62.87,40,7,715.28,5.738,1 - Critical
797,75,4523.79,60.32,23,0,0.0,0.0,4 - Clean
798,84,4477.94,53.31,27,1,16.45,1.19,3 - Watch
799,63,3075.74,48.82,27,20,983.89,31.746,1 - Critical
800,82,4635.06,56.53,18,0,0.0,0.0,4 - Clean
801,105,6200.98,59.06,34,0,0.0,0.0,4 - Clean
802,80,4141.36,51.77,35,0,0.0,0.0,4 - Clean
803,109,5206.24,47.76,31,0,0.0,0.0,4 - Clean
804,72,4759.06,66.1,22,2,487.07,2.778,2 - High
805,55,1991.02,36.2,17,0,0.0,0.0,4 - Clean
806,77,4505.01,58.51,28,0,0.0,0.0,4 - Clean
807,86,3953.26,45.97,29,0,0.0,0.0,4 - Clean
808,100,6069.91,60.7,33,0,0.0,0.0,4 - Clean
809,63,3161.8,50.19,25,0,0.0,0.0,4 - Clean
810,79,4473.92,56.63,30,1,850.95,1.266,3 - Watch
811,54,2980.4,55.19,26,0,0.0,0.0,4 - Clean
812,77,3183.2,41.34,23,0,0.0,0.0,4 - Clean
813,92,4319.24,46.95,34,0,0.0,0.0,4 - Clean
814,56,2920.82,52.16,26,0,0.0,0.0,4 - Clean
815,57,3002.49,52.68,22,0,0.0,0.0,4 - Clean
816,86,3434.34,39.93,29,0,0.0,0.0,4 - Clean
817,98,5620.8,57.36,34,0,0.0,0.0,4 - Clean
818,104,5992.02,57.62,34,0,0.0,0.0,4 - Clean
819,98,5188.38,52.94,28,0,0.0,0.0,4 - Clean
820,100,5222.07,52.22,35,0,0.0,0.0,4 - Clean
821,77,4808.81,62.45,30,0,0.0,0.0,4 - Clean
822,67,4102.69,61.23,27,0,0.0,0.0,4 - Clean
823,89,5515.59,61.97,26,0,0.0,0.0,4 - Clean
824,75,4851.99,64.69,24,2,725.35,2.667,2 - High
825,127,7639.95,60.16,41,0,0.0,0.0,4 - Clean
826,69,3739.98,54.2,26,0,0.0,0.0,4 - Clean
827,127,5944.21,46.8,26,0,0.0,0.0,4 - Clean
828,88,5058.66,57.48,29,0,0.0,0.0,4 - Clean
829,102,4743.12,46.5,35,1,291.5,0.98,3 - Watch
830,97,5498.82,56.69,33,0,0.0,0.0,4 - Clean
831,100,4792.24,47.92,33,0,0.0,0.0,4 - Clean
832,91,3533.62,38.83,29,0,0.0,0.0,4 - Clean
833,97,5982.64,61.68,31,2,479.8,2.062,2 - High
834,78,2951.52,37.84,27,0,0.0,0.0,4 - Clean
835,81,4068.65,50.23,31,0,0.0,0.0,4 - Clean
836,57,2750.58,48.26,23,0,0.0,0.0,4 - Clean
837,58,2902.72,50.05,22,14,967.3,24.138,1 - Critical
838,97,4589.83,47.32,35,1,663.6,1.031,3 - Watch
839,119,7057.27,59.3,41,1,610.15,0.84,3 - Watch
840,104,4909.17,47.2,38,1,206.95,0.962,3 - Watch
841,97,4480.28,46.19,32,0,0.0,0.0,4 - Clean
842,105,6307.0,60.07,36,0,0.0,0.0,4 - Clean
843,103,5601.02,54.38,27,0,0.0,0.0,4 - Clean
844,65,4388.16,67.51,22,1,726.65,1.538,3 - Watch
845,86,4470.36,51.98,34,0,0.0,0.0,4 - Clean
846,128,6509.9,50.86,33,0,0.0,0.0,4 - Clean
847,67,3738.01,55.79,25,0,0.0,0.0,4 - Clean
848,68,3830.52,56.33,26,0,0.0,0.0,4 - Clean
849,107,4877.52,45.58,32,0,0.0,0.0,4 - Clean
850,101,4419.2,43.75,32,0,0.0,0.0,4 - Clean
851,92,4934.88,53.64,30,2,197.6,2.174,2 - High
852,78,3940.57,50.52,23,1,260.75,1.282,3 - Watch
853,86,4560.21,53.03,29,0,0.0,0.0,4 - Clean
854,117,5192.82,44.38,37,1,344.7,0.855,3 - Watch
855,102,4547.71,44.59,36,0,0.0,0.0,4 - Clean
856,93,4802.3,51.64,37,1,190.6,1.075,3 - Watch
857,103,6943.25,67.41,36,1,149.0,0.971,3 - Watch
858,91,6144.1,67.52,29,2,740.7,2.198,2 - High
859,62,2916.01,47.03,29,0,0.0,0.0,4 - Clean
860,75,3711.11,49.48,17,0,0.0,0.0,4 - Clean
861,82,4772.89,58.21,37,1,275.6,1.22,3 - Watch
862,85,5034.19,59.23,32,0,0.0,0.0,4 - Clean
863,70,3462.9,49.47,33,0,0.0,0.0,4 - Clean
864,70,2409.06,34.42,19,0,0.0,0.0,4 - Clean
865,107,5823.0,54.42,34,5,199.48,4.673,2 - High
866,98,5572.65,56.86,32,0,0.0,0.0,4 - Clean
867,101,5279.7,52.27,29,1,50.0,0.99,3 - Watch
868,73,5313.17,72.78,16,0,0.0,0.0,4 - Clean
869,100,5887.26,58.87,30,2,675.34,2.0,2 - High
870,84,5534.45,65.89,20,1,248.95,1.19,3 - Watch
871,64,2941.1,45.95,26,0,0.0,0.0,4 - Clean
872,182,9898.96,54.39,44,0,0.0,0.0,4 - Clean
873,132,7699.75,58.33,43,0,0.0,0.0,4 - Clean
874,71,3235.42,45.57,28,0,0.0,0.0,4 - Clean
875,58,2909.58,50.17,21,0,0.0,0.0,4 - Clean
876,75,4389.75,58.53,31,0,0.0,0.0,4 - Clean
877,61,3272.14,53.64,25,0,0.0,0.0,4 - Clean
878,110,6503.38,59.12,30,0,0.0,0.0,4 - Clean
879,98,5435.27,55.46,35,1,250.65,1.02,3 - Watch
880,94,5498.63,58.5,27,1,486.9,1.064,3 - Watch
881,76,3908.49,51.43,23,0,0.0,0.0,4 - Clean
882,84,3865.08,46.01,31,0,0.0,0.0,4 - Clean
883,94,4745.47,50.48,34,0,0.0,0.0,4 - Clean
884,115,6700.27,58.26,28,0,0.0,0.0,4 - Clean
885,99,5270.87,53.24,28,0,0.0,0.0,4 - Clean
886,78,5617.99,72.03,25,0,0.0,0.0,4 - Clean
887,122,7245.93,59.39,43,1,419.2,0.82,3 - Watch
888,97,4288.27,44.21,30,0,0.0,0.0,4 - Clean
889,79,5408.62,68.46,27,0,0.0,0.0,4 - Clean
890,108,5444.7,50.41,38,1,153.2,0.926,3 - Watch
891,109,5964.3,54.72,38,0,0.0,0.0,4 - Clean
892,109,5627.7,51.63,35,0,0.0,0.0,4 - Clean
893,59,2655.13,45.0,22,0,0.0,0.0,4 - Clean
894,82,5228.98,63.77,27,3,1194.3,3.659,2 - High
895,94,5823.61,61.95,28,0,0.0,0.0,4 - Clean
896,63,3148.89,49.98,23,0,0.0,0.0,4 - Clean
897,69,4356.39,63.14,23,0,0.0,0.0,4 - Clean
898,81,4049.88,50.0,32,25,1175.41,30.864,1 - Critical
899,92,6401.37,69.58,27,1,412.95,1.087,3 - Watch
900,74,3517.86,47.54,20,0,0.0,0.0,4 - Clean
901,74,4545.77,61.43,23,1,498.95,1.351,3 - Watch
902,65,2935.65,45.16,29,0,0.0,0.0,4 - Clean
903,87,4969.92,57.13,26,1,230.67,1.149,3 - Watch
904,118,6319.3,53.55,38,1,778.75,0.847,3 - Watch
905,52,2275.99,43.77,27,0,0.0,0.0,4 - Clean
906,77,3988.16,51.79,24,0,0.0,0.0,4 - Clean
907,85,4868.68,57.28,27,0,0.0,0.0,4 - Clean
908,69,3677.25,53.29,26,0,0.0,0.0,4 - Clean
909,108,5592.83,51.79,40,1,210.5,0.926,3 - Watch
910,80,4093.61,51.17,27,0,0.0,0.0,4 - Clean
911,63,2609.7,41.42,13,0,0.0,0.0,4 - Clean
912,71,4235.41,59.65,24,1,237.33,1.408,3 - Watch
913,77,4693.84,60.96,26,0,0.0,0.0,4 - Clean
914,83,4642.46,55.93,36,0,0.0,0.0,4 - Clean
915,74,3424.49,46.28,30,1,255.0,1.351,3 - Watch
916,83,4945.7,59.59,30,0,0.0,0.0,4 - Clean
917,100,5628.83,56.29,33,0,0.0,0.0,4 - Clean
918,103,5547.99,53.86,35,1,420.15,0.971,3 - Watch
919,88,5287.15,60.08,25,0,0.0,0.0,4 - Clean
920,77,4141.74,53.79,28,0,0.0,0.0,4 - Clean
921,75,5511.56,73.49,24,1,1066.8,1.333,3 - Watch
922,96,5606.85,58.4,30,0,0.0,0.0,4 - Clean
923,116,6638.38,57.23,37,0,0.0,0.0,4 - Clean
924,55,2330.39,42.37,24,0,0.0,0.0,4 - Clean
925,91,4247.43,46.68,30,0,0.0,0.0,4 - Clean
926,107,5305.17,49.58,41,0,0.0,0.0,4 - Clean
927,90,3942.31,43.8,30,0,0.0,0.0,4 - Clean
928,116,6194.22,53.4,36,0,0.0,0.0,4 - Clean
929,86,4974.17,57.84,32,0,0.0,0.0,4 - Clean
930,61,4061.6,66.58,19,0,0.0,0.0,4 - Clean
931,94,5036.02,53.57,26,2,415.9,2.128,2 - High
932,104,5590.01,53.75,37,0,0.0,0.0,4 - Clean
933,73,3087.28,42.29,33,0,0.0,0.0,4 - Clean
934,86,5426.56,63.1,26,0,0.0,0.0,4 - Clean
935,82,4475.56,54.58,33,1,79.05,1.22,3 - Watch
936,85,4993.64,58.75,33,0,0.0,0.0,4 - Clean
937,96,6054.1,63.06,30,27,1637.52,28.125,1 - Critical
938,55,2478.86,45.07,19,0,0.0,0.0,4 - Clean
939,54,3195.35,59.17,22,0,0.0,0.0,4 - Clean
940,64,3073.24,48.02,22,0,0.0,0.0,4 - Clean
941,86,4688.66,54.52,36,1,398.25,1.163,3 - Watch
942,67,4503.68,67.22,26,2,479.75,2.985,2 - High
943,83,4333.94,52.22,31,0,0.0,0.0,4 - Clean
944,111,5750.04,51.8,30,0,0.0,0.0,4 - Clean
945,78,3777.31,48.43,27,0,0.0,0.0,4 - Clean
946,85,5367.35,63.15,20,0,0.0,0.0,4 - Clean
947,89,4958.61,55.71,40,1,270.45,1.124,3 - Watch
948,64,3614.63,56.48,14,0,0.0,0.0,4 - Clean
949,111,6839.07,61.61,32,2,770.25,1.802,3 - Watch
950,110,6053.52,55.03,38,0,0.0,0.0,4 - Clean
951,104,6420.07,61.73,41,1,421.55,0.962,3 - Watch
952,104,6224.72,59.85,31,0,0.0,0.0,4 - Clean
953,79,4313.03,54.6,26,0,0.0,0.0,4 - Clean
954,93,4194.82,45.11,27,0,0.0,0.0,4 - Clean
955,108,7382.42,68.36,34,1,225.42,0.926,3 - Watch
956,70,4968.8,70.98,22,0,0.0,0.0,4 - Clean
957,85,3943.89,46.4,30,0,0.0,0.0,4 - Clean
958,93,4803.18,51.65,31,0,0.0,0.0,4 - Clean
959,89,4811.05,54.06,37,0,0.0,0.0,4 - Clean
960,97,5224.9,53.86,37,1,119.75,1.031,3 - Watch
961,77,5341.01,69.36,30,1,185.2,1.299,3 - Watch
962,108,5510.89,51.03,23,1,71.15,0.926,3 - Watch
963,70,3987.33,56.96,21,1,226.33,1.429,3 - Watch
964,100,5651.57,56.52,40,2,454.35,2.0,2 - High
965,65,3437.39,52.88,21,1,276.4,1.538,3 - Watch
966,127,7115.63,56.03,38,0,0.0,0.0,4 - Clean
967,111,5418.46,48.81,35,2,326.2,1.802,3 - Watch
968,112,6248.98,55.79,31,0,0.0,0.0,4 - Clean
969,120,5797.64,48.31,30,0,0.0,0.0,4 - Clean
970,99,6073.41,61.35,35,0,0.0,0.0,4 - Clean
971,88,4255.95,48.36,27,0,0.0,0.0,4 - Clean
972,108,5061.23,46.86,39,0,0.0,0.0,4 - Clean
973,77,4429.56,57.53,23,1,248.53,1.299,3 - Watch
974,81,3922.81,48.43,28,0,0.0,0.0,4 - Clean
975,125,7197.49,57.58,36,0,0.0,0.0,4 - Clean
976,84,4573.6,54.45,29,0,0.0,0.0,4 - Clean
977,94,5624.9,59.84,32,1,542.35,1.064,3 - Watch
978,67,4090.59,61.05,28,0,0.0,0.0,4 - Clean
979,54,3068.5,56.82,22,0,0.0,0.0,4 - Clean
980,77,4304.15,55.9,27,0,0.0,0.0,4 - Clean
981,73,3315.96,45.42,31,0,0.0,0.0,4 - Clean
982,109,4546.1,41.71,30,0,0.0,0.0,4 - Clean
983,53,3364.45,63.48,20,0,0.0,0.0,4 - Clean
984,68,3792.02,55.76,26,1,604.7,1.471,3 - Watch
985,97,5454.9,56.24,34,1,162.85,1.031,3 - Watch
986,78,4536.19,58.16,25,0,0.0,0.0,4 - Clean
987,75,3492.93,46.57,26,2,351.5,2.667,2 - High
988,123,6483.7,52.71,38,1,152.05,0.813,3 - Watch
989,100,6449.05,64.49,26,0,0.0,0.0,4 - Clean
990,91,4174.83,45.88,35,0,0.0,0.0,4 - Clean
991,113,5764.38,51.01,38,0,0.0,0.0,4 - Clean
992,74,3855.09,52.1,29,1,436.45,1.351,3 - Watch
993,52,2373.41,45.64,22,0,0.0,0.0,4 - Clean
994,73,3106.14,42.55,26,0,0.0,0.0,4 - Clean
995,115,5297.21,46.06,36,2,293.15,1.739,3 - Watch
996,83,5476.75,65.98,29,0,0.0,0.0,4 - Clean
997,65,2987.77,45.97,21,0,0.0,0.0,4 - Clean
998,96,4921.69,51.27,34,0,0.0,0.0,4 - Clean
999,145,6618.78,45.65,32,0,0.0,0.0,4 - Clean
1000,97,6159.84,63.5,29,0,0.0,0.0,4 - Clean
1001,91,4831.11,53.09,43,0,0.0,0.0,4 - Clean
1002,84,4108.63,48.91,30,1,80.4,1.19,3 - Watch
1003,82,4189.68,51.09,26,24,1125.0,29.268,1 - Critical
1004,65,3530.86,54.32,25,0,0.0,0.0,4 - Clean
1005,89,4284.23,48.14,26,0,0.0,0.0,4 - Clean
1006,74,4291.88,58.0,33,0,0.0,0.0,4 - Clean
1007,111,5681.31,51.18,33,0,0.0,0.0,4 - Clean
1008,66,2834.9,42.95,25,0,0.0,0.0,4 - Clean
1009,78,4152.13,53.23,26,0,0.0,0.0,4 - Clean
1010,107,4541.33,42.44,31,0,0.0,0.0,4 - Clean
1011,65,3665.06,56.39,20,2,693.35,3.077,2 - High
1012,92,5221.5,56.76,32,0,0.0,0.0,4 - Clean
1013,97,4547.07,46.88,33,0,0.0,0.0,4 - Clean
1014,71,3628.98,51.11,27,0,0.0,0.0,4 - Clean
1015,105,5153.08,49.08,36,0,0.0,0.0,4 - Clean
1016,64,4366.17,68.22,20,0,0.0,0.0,4 - Clean
1017,97,6262.92,64.57,29,1,480.55,1.031,3 - Watch
1018,110,5127.85,46.62,41,0,0.0,0.0,4 - Clean
1019,104,5271.38,50.69,28,2,331.1,1.923,3 - Watch
1020,64,4372.89,68.33,23,0,0.0,0.0,4 - Clean
1021,83,4540.27,54.7,33,0,0.0,0.0,4 - Clean
1022,84,4201.9,50.02,31,1,265.24,1.19,3 - Watch
1023,100,5200.1,52.0,29,1,140.2,1.0,3 - Watch
1024,84,5081.33,60.49,32,0,0.0,0.0,4 - Clean
1025,112,6495.81,58.0,36,0,0.0,0.0,4 - Clean
1026,106,5847.79,55.17,37,0,0.0,0.0,4 - Clean
1027,60,2064.53,34.41,24,0,0.0,0.0,4 - Clean
1028,85,5278.15,62.1,27,0,0.0,0.0,4 - Clean
1029,115,5279.33,45.91,38,1,216.35,0.87,3 - Watch
1030,95,5340.11,56.21,31,0,0.0,0.0,4 - Clean
1031,78,3814.64,48.91,28,0,0.0,0.0,4 - Clean
1032,73,3740.63,51.24,22,0,0.0,0.0,4 - Clean
1033,73,3961.46,54.27,25,0,0.0,0.0,4 - Clean
1034,99,5271.96,53.25,37,1,221.79,1.01,3 - Watch
1035,105,5770.28,54.96,26,0,0.0,0.0,4 - Clean
1036,71,3854.37,54.29,26,0,0.0,0.0,4 - Clean
1037,93,5509.06,59.24,34,0,0.0,0.0,4 - Clean
1038,75,3623.98,48.32,25,0,0.0,0.0,4 - Clean
1039,110,5597.01,50.88,38,0,0.0,0.0,4 - Clean
1040,89,4027.24,45.25,32,0,0.0,0.0,4 - Clean
1041,91,4416.76,48.54,32,0,0.0,0.0,4 - Clean
1042,83,3744.55,45.12,32,27,1529.33,32.53,1 - Critical
1043,66,3025.72,45.84,26,0,0.0,0.0,4 - Clean
1044,74,4280.86,57.85,31,0,0.0,0.0,4 - Clean
1045,97,5493.41,56.63,35,0,0.0,0.0,4 - Clean
1046,69,4526.13,65.6,18,0,0.0,0.0,4 - Clean
1047,88,3991.76,45.36,31,1,220.74,1.136,3 - Watch
1048,84,5007.33,59.61,29,29,1654.34,34.524,1 - Critical
1049,132,6505.74,49.29,43,2,198.25,1.515,3 - Watch
1050,91,5167.1,56.78,34,0,0.0,0.0,4 - Clean
1051,59,2132.73,36.15,22,0,0.0,0.0,4 - Clean
1052,58,2575.48,44.4,23,0,0.0,0.0,4 - Clean
1053,121,6894.19,56.98,38,1,551.4,0.826,3 - Watch
1054,116,7717.87,66.53,33,1,364.3,0.862,3 - Watch
1055,77,3194.06,41.48,26,0,0.0,0.0,4 - Clean
1056,79,3943.13,49.91,34,0,0.0,0.0,4 - Clean
1057,111,5881.37,52.99,33,0,0.0,0.0,4 - Clean
1058,76,3702.92,48.72,26,0,0.0,0.0,4 - Clean
1059,94,6082.11,64.7,31,1,655.3,1.064,3 - Watch
1060,91,4805.84,52.81,29,0,0.0,0.0,4 - Clean
1061,62,3712.16,59.87,22,0,0.0,0.0,4 - Clean
1062,83,3918.88,47.22,28,0,0.0,0.0,4 - Clean
1063,124,6809.88,54.92,40,0,0.0,0.0,4 - Clean
1064,88,5191.3,58.99,34,1,57.55,1.136,3 - Watch
1065,79,4015.97,50.84,33,0,0.0,0.0,4 - Clean
1066,76,4580.94,60.28,21,0,0.0,0.0,4 - Clean
1067,85,5053.65,59.45,30,0,0.0,0.0,4 - Clean
1068,97,4801.45,49.5,34,0,0.0,0.0,4 - Clean
1069,130,6207.45,47.75,39,0,0.0,0.0,4 - Clean
1070,78,4884.37,62.62,27,0,0.0,0.0,4 - Clean
1071,85,4941.9,58.14,31,1,237.33,1.176,3 - Watch
1072,90,4549.01,50.54,30,0,0.0,0.0,4 - Clean
1073,71,4242.07,59.75,17,0,0.0,0.0,4 - Clean
1074,85,5281.74,62.14,32,2,714.75,2.353,2 - High
1075,67,3857.87,57.58,24,0,0.0,0.0,4 - Clean
1076,87,4036.36,46.39,29,0,0.0,0.0,4 - Clean
1077,55,3226.45,58.66,20,0,0.0,0.0,4 - Clean
1078,61,2856.84,46.83,18,1,132.25,1.639,3 - Watch
1079,83,4784.11,57.64,29,1,248.15,1.205,3 - Watch
1080,67,4080.74,60.91,21,0,0.0,0.0,4 - Clean
1081,91,4343.68,47.73,25,1,113.45,1.099,3 - Watch
1082,102,6156.67,60.36,35,0,0.0,0.0,4 - Clean
1083,88,5307.04,60.31,30,14,799.43,15.909,1 - Critical
1084,94,4872.31,51.83,27,0,0.0,0.0,4 - Clean
1085,74,3838.88,51.88,30,0,0.0,0.0,4 - Clean
1086,60,3031.56,50.53,22,1,57.2,1.667,3 - Watch
1087,126,7127.2,56.57,29,0,0.0,0.0,4 - Clean
1088,115,6873.88,59.77,27,0,0.0,0.0,4 - Clean
1089,81,3877.8,47.87,35,0,0.0,0.0,4 - Clean
1090,71,3933.61,55.4,24,0,0.0,0.0,4 - Clean
1091,47,2214.78,47.12,13,0,0.0,0.0,4 - Clean
1092,79,3402.58,43.07,25,0,0.0,0.0,4 - Clean
1093,89,3999.43,44.94,35,0,0.0,0.0,4 - Clean
1094,81,4685.0,57.84,29,0,0.0,0.0,4 - Clean
1095,94,5215.43,55.48,27,0,0.0,0.0,4 - Clean
1096,130,7952.13,61.17,36,2,602.5,1.538,3 - Watch
1097,68,4022.59,59.16,29,0,0.0,0.0,4 - Clean
1098,90,5443.83,60.49,25,0,0.0,0.0,4 - Clean
1099,69,2906.85,42.13,24,0,0.0,0.0,4 - Clean
1100,87,6084.77,69.94,28,2,696.75,2.299,2 - High
1101,80,4301.46,53.77,31,0,0.0,0.0,4 - Clean
1102,69,3447.58,49.96,19,0,0.0,0.0,4 - Clean
1103,74,3008.27,40.65,27,1,228.17,1.351,3 - Watch
1104,90,5700.93,63.34,32,1,774.6,1.111,3 - Watch
1105,74,3369.94,45.54,23,0,0.0,0.0,4 - Clean
1106,95,3903.39,41.09,42,0,0.0,0.0,4 - Clean
1107,129,7153.92,55.46,36,0,0.0,0.0,4 - Clean
1108,80,4471.25,55.89,34,0,0.0,0.0,4 - Clean
1109,75,4321.67,57.62,28,0,0.0,0.0,4 - Clean
1110,85,4723.17,55.57,31,0,0.0,0.0,4 - Clean
1111,76,3898.51,51.3,34,0,0.0,0.0,4 - Clean
1112,106,5801.39,54.73,29,2,481.17,1.887,3 - Watch
1113,105,4742.55,45.17,35,2,408.4,1.905,3 - Watch
1114,48,2154.36,44.88,15,0,0.0,0.0,4 - Clean
1115,121,6694.29,55.32,36,0,0.0,0.0,4 - Clean
1116,71,4725.15,66.55,24,0,0.0,0.0,4 - Clean
1117,137,6024.92,43.98,41,0,0.0,0.0,4 - Clean
1118,85,6515.46,76.65,26,1,943.7,1.176,3 - Watch
1119,112,4464.54,39.86,34,0,0.0,0.0,4 - Clean
1120,65,3466.37,53.33,24,0,0.0,0.0,4 - Clean
1121,102,5896.91,57.81,35,0,0.0,0.0,4 - Clean
1122,79,3602.58,45.6,28,31,1206.38,39.241,1 - Critical
1123,114,8033.24,70.47,34,0,0.0,0.0,4 - Clean
1124,72,4177.95,58.03,23,1,190.9,1.389,3 - Watch
1125,71,3640.97,51.28,28,0,0.0,0.0,4 - Clean
1126,78,4761.55,61.05,28,2,728.9,2.564,2 - High
1127,62,3314.66,53.46,30,0,0.0,0.0,4 - Clean
1128,69,3666.13,53.13,29,2,686.05,2.899,2 - High
1129,100,5960.01,59.6,28,0,0.0,0.0,4 - Clean
1130,87,4779.13,54.93,33,1,262.25,1.149,3 - Watch
1131,66,3747.88,56.79,27,0,0.0,0.0,4 - Clean
1132,119,6946.09,58.37,37,0,0.0,0.0,4 - Clean
1133,76,4706.42,61.93,28,0,0.0,0.0,4 - Clean
1134,81,3894.77,48.08,19,0,0.0,0.0,4 - Clean
1135,79,3900.53,49.37,29,0,0.0,0.0,4 - Clean
1136,103,4957.88,48.13,32,0,0.0,0.0,4 - Clean
1137,95,5015.41,52.79,36,0,0.0,0.0,4 - Clean
1138,84,5392.57,64.2,33,0,0.0,0.0,4 - Clean
1139,98,5704.81,58.21,30,0,0.0,0.0,4 - Clean
1140,119,5738.58,48.22,34,1,222.39,0.84,3 - Watch
1141,68,3465.27,50.96,27,1,244.92,1.471,3 - Watch
1142,111,6082.92,54.8,35,0,0.0,0.0,4 - Clean
1143,101,5628.95,55.73,34,1,222.04,0.99,3 - Watch
1144,101,6192.59,61.31,35,0,0.0,0.0,4 - Clean
1145,102,6225.51,61.03,31,0,0.0,0.0,4 - Clean
1146,80,4056.19,50.7,29,0,0.0,0.0,4 - Clean
1147,98,5843.87,59.63,32,0,0.0,0.0,4 - Clean
1148,81,4187.28,51.69,32,0,0.0,0.0,4 - Clean
1149,102,5805.1,56.91,31,0,0.0,0.0,4 - Clean
1150,70,3558.25,50.83,29,0,0.0,0.0,4 - Clean
1151,122,7219.91,59.18,41,2,312.77,1.639,3 - Watch
1152,81,4128.08,50.96,24,0,0.0,0.0,4 - Clean
1153,95,5258.16,55.35,27,1,78.35,1.053,3 - Watch
1154,52,2474.73,47.59,22,0,0.0,0.0,4 - Clean
1155,77,5326.29,69.17,28,0,0.0,0.0,4 - Clean
1156,93,4549.76,48.92,36,0,0.0,0.0,4 - Clean
1157,109,6874.59,63.07,34,0,0.0,0.0,4 - Clean
1158,57,3244.84,56.93,22,0,0.0,0.0,4 - Clean
1159,91,5639.05,61.97,27,0,0.0,0.0,4 - Clean
1160,69,4092.54,59.31,23,0,0.0,0.0,4 - Clean
1161,96,5531.24,57.62,31,0,0.0,0.0,4 - Clean
1162,90,5170.27,57.45,28,0,0.0,0.0,4 - Clean
1163,69,3469.08,50.28,30,0,0.0,0.0,4 - Clean
1164,115,6696.65,58.23,28,0,0.0,0.0,4 - Clean
1165,57,2643.02,46.37,19,0,0.0,0.0,4 - Clean
1166,86,5617.67,65.32,31,1,126.45,1.163,3 - Watch
1167,50,2015.73,40.31,24,0,0.0,0.0,4 - Clean
1168,105,4882.31,46.5,34,0,0.0,0.0,4 - Clean
1169,99,6047.82,61.09,37,0,0.0,0.0,4 - Clean
1170,74,3940.79,53.25,29,0,0.0,0.0,4 - Clean
1171,79,5121.64,64.83,24,0,0.0,0.0,4 - Clean
1172,71,3220.2,45.35,26,0,0.0,0.0,4 - Clean
1173,91,5178.23,56.9,33,2,327.83,2.198,2 - High
1174,70,4005.25,57.22,27,1,316.25,1.429,3 - Watch
1175,102,5245.95,51.43,38,2,446.65,1.961,3 - Watch
1176,95,5242.32,55.18,42,0,0.0,0.0,4 - Clean
1177,86,3582.01,41.65,29,0,0.0,0.0,4 - Clean
1178,147,7876.87,53.58,43,0,0.0,0.0,4 - Clean
1179,83,5237.77,63.11,25,1,146.65,1.205,3 - Watch
1180,74,3844.92,51.96,24,0,0.0,0.0,4 - Clean
1181,124,6444.46,51.97,40,0,0.0,0.0,4 - Clean
1182,84,5447.17,64.85,30,2,402.2,2.381,2 - High
1183,101,5541.55,54.87,32,0,0.0,0.0,4 - Clean
1184,93,6034.7,64.89,34,0,0.0,0.0,4 - Clean
1185,101,6545.78,64.81,31,0,0.0,0.0,4 - Clean
1186,42,2421.68,57.66,18,0,0.0,0.0,4 - Clean
1187,93,5910.2,63.55,33,0,0.0,0.0,4 - Clean
1188,146,7108.55,48.69,39,0,0.0,0.0,4 - Clean
1189,98,5116.66,52.21,34,0,0.0,0.0,4 - Clean
1190,70,3224.87,46.07,16,0,0.0,0.0,4 - Clean
1191,75,4479.91,59.73,25,1,255.1,1.333,3 - Watch
1192,125,6833.33,54.67,31,0,0.0,0.0,4 - Clean
1193,89,5185.55,58.26,33,0,0.0,0.0,4 - Clean
1194,86,4360.76,50.71,31,0,0.0,0.0,4 - Clean
1195,53,1928.73,36.39,15,0,0.0,0.0,4 - Clean
1196,77,4578.55,59.46,34,28,1497.25,36.364,1 - Critical
1197,108,5069.4,46.94,37,1,221.74,0.926,3 - Watch
1198,77,3871.73,50.28,19,0,0.0,0.0,4 - Clean
1199,103,5059.56,49.12,34,0,0.0,0.0,4 - Clean
1200,161,6697.02,41.6,42,0,0.0,0.0,4 - Clean
1201,80,4303.3,53.79,29,0,0.0,0.0,4 - Clean
1202,99,4454.14,44.99,33,0,0.0,0.0,4 - Clean
1203,83,5072.71,61.12,32,0,0.0,0.0,4 - Clean
1204,90,5274.38,58.6,36,0,0.0,0.0,4 - Clean
1205,66,3547.48,53.75,22,0,0.0,0.0,4 - Clean
1206,81,4370.09,53.95,26,1,24.55,1.235,3 - Watch
1207,96,5414.0,56.4,28,0,0.0,0.0,4 - Clean
1208,81,5398.86,66.65,27,28,2285.59,34.568,1 - Critical
1209,75,3664.53,48.86,26,0,0.0,0.0,4 - Clean
1210,95,4301.35,45.28,21,0,0.0,0.0,4 - Clean
1211,113,6154.27,54.46,37,1,231.3,0.885,3 - Watch
1212,143,6254.09,43.73,42,0,0.0,0.0,4 - Clean
1213,102,5397.15,52.91,34,1,417.85,0.98,3 - Watch
1214,82,3897.98,47.54,32,0,0.0,0.0,4 - Clean
1215,69,3033.55,43.96,27,0,0.0,0.0,4 - Clean
1216,87,5095.43,58.57,30,0,0.0,0.0,4 - Clean
1217,116,6168.98,53.18,33,0,0.0,0.0,4 - Clean
1218,94,5883.55,62.59,36,0,0.0,0.0,4 - Clean
1219,101,5921.7,58.63,27,0,0.0,0.0,4 - Clean
1220,79,5059.53,64.04,31,0,0.0,0.0,4 - Clean
1221,52,1863.8,35.84,21,0,0.0,0.0,4 - Clean
1222,82,5180.85,63.18,25,1,111.35,1.22,3 - Watch
1223,95,5047.19,53.13,35,0,0.0,0.0,4 - Clean
1224,89,5136.42,57.71,26,1,226.69,1.124,3 - Watch
1225,121,6717.56,55.52,43,1,299.45,0.826,3 - Watch
1226,73,3834.06,52.52,29,0,0.0,0.0,4 - Clean
1227,154,8964.21,58.21,47,0,0.0,0.0,4 - Clean
1228,68,3804.42,55.95,25,0,0.0,0.0,4 - Clean
1229,72,3169.73,44.02,22,18,897.93,25.0,1 - Critical
1230,74,4543.72,61.4,28,1,34.15,1.351,3 - Watch
1231,76,3573.57,47.02,33,1,224.64,1.316,3 - Watch
1232,71,3846.61,54.18,28,0,0.0,0.0,4 - Clean
1233,70,4176.77,59.67,29,0,0.0,0.0,4 - Clean
1234,98,5368.66,54.78,31,0,0.0,0.0,4 - Clean
1235,59,3608.93,61.17,22,0,0.0,0.0,4 - Clean
1236,128,6204.15,48.47,43,0,0.0,0.0,4 - Clean
1237,99,6471.32,65.37,26,1,168.15,1.01,3 - Watch
1238,102,5661.83,55.51,34,1,64.3,0.98,3 - Watch
1239,76,4163.52,54.78,25,0,0.0,0.0,4 - Clean
1240,88,5071.75,57.63,30,0,0.0,0.0,4 - Clean
1241,134,9275.29,69.22,40,0,0.0,0.0,4 - Clean
1242,94,3995.7,42.51,30,0,0.0,0.0,4 - Clean
1243,81,5306.99,65.52,35,0,0.0,0.0,4 - Clean
1244,107,4899.82,45.79,37,58,2572.11,54.206,1 - Critical
1245,75,3801.97,50.69,27,0,0.0,0.0,4 - Clean
1246,117,5395.44,46.11,41,2,934.6,1.709,3 - Watch
1247,89,5274.54,59.26,27,0,0.0,0.0,4 - Clean
1248,72,4243.92,58.94,26,0,0.0,0.0,4 - Clean
1249,100,6090.09,60.9,30,1,552.0,1.0,3 - Watch
1250,83,4210.39,50.73,28,0,0.0,0.0,4 - Clean
1251,96,4600.27,47.92,30,0,0.0,0.0,4 - Clean
1252,70,3867.94,55.26,25,0,0.0,0.0,4 - Clean
1253,61,2639.63,43.27,26,0,0.0,0.0,4 - Clean
1254,133,6848.99,51.5,39,0,0.0,0.0,4 - Clean
1255,78,4591.53,58.87,26,3,496.45,3.846,2 - High
1256,95,4963.58,52.25,28,0,0.0,0.0,4 - Clean
1257,155,10156.62,65.53,40,0,0.0,0.0,4 - Clean
1258,65,2770.83,42.63,26,0,0.0,0.0,4 - Clean
1259,49,2432.49,49.64,17,0,0.0,0.0,4 - Clean
1260,94,4615.83,49.1,34,0,0.0,0.0,4 - Clean
1261,93,5447.04,58.57,26,2,1005.2,2.151,2 - High
1262,82,4299.7,52.44,29,0,0.0,0.0,4 - Clean
1263,111,5557.71,50.07,30,0,0.0,0.0,4 - Clean
1264,101,5139.04,50.88,36,0,0.0,0.0,4 - Clean
1265,98,5623.69,57.38,32,1,233.3,1.02,3 - Watch
1266,55,3619.7,65.81,25,0,0.0,0.0,4 - Clean
1267,96,5398.2,56.23,29,2,243.25,2.083,2 - High
1268,82,3644.72,44.45,29,0,0.0,0.0,4 - Clean
1269,76,4080.57,53.69,29,0,0.0,0.0,4 - Clean
1270,76,4105.98,54.03,26,0,0.0,0.0,4 - Clean
1271,67,4155.42,62.02,24,0,0.0,0.0,4 - Clean
1272,91,4939.57,54.28,31,0,0.0,0.0,4 - Clean
1273,86,5442.15,63.28,24,1,250.73,1.163,3 - Watch
1274,74,4051.38,54.75,35,0,0.0,0.0,4 - Clean
1275,156,8377.86,53.7,38,0,0.0,0.0,4 - Clean
1276,98,4507.14,45.99,38,1,88.15,1.02,3 - Watch
1277,64,3303.33,51.61,25,0,0.0,0.0,4 - Clean
1278,76,3675.88,48.37,26,0,0.0,0.0,4 - Clean
1279,112,6899.4,61.6,45,1,587.7,0.893,3 - Watch
1280,86,4766.03,55.42,26,0,0.0,0.0,4 - Clean
1281,89,5047.45,56.71,29,0,0.0,0.0,4 - Clean
1282,81,5743.59,70.91,24,0,0.0,0.0,4 - Clean
1283,74,4221.7,57.05,32,0,0.0,0.0,4 - Clean
1284,84,3597.2,42.82,30,0,0.0,0.0,4 - Clean
1285,89,4983.03,55.99,30,0,0.0,0.0,4 - Clean
1286,73,4439.69,60.82,26,0,0.0,0.0,4 - Clean
1287,56,2410.47,43.04,20,0,0.0,0.0,4 - Clean
1288,66,3460.06,52.43,23,0,0.0,0.0,4 - Clean
1289,77,4796.93,62.3,25,1,238.1,1.299,3 - Watch
1290,89,4699.13,52.8,25,0,0.0,0.0,4 - Clean
1291,112,6715.54,59.96,30,0,0.0,0.0,4 - Clean
1292,91,6159.78,67.69,31,1,74.65,1.099,3 - Watch
1293,113,7046.07,62.35,33,0,0.0,0.0,4 - Clean
1294,63,3669.53,58.25,16,0,0.0,0.0,4 - Clean
1295,72,3768.16,52.34,31,0,0.0,0.0,4 - Clean
1296,78,4245.81,54.43,27,0,0.0,0.0,4 - Clean
1297,98,4954.4,50.56,31,0,0.0,0.0,4 - Clean
1298,96,3895.31,40.58,32,0,0.0,0.0,4 - Clean
1299,51,2728.02,53.49,13,0,0.0,0.0,4 - Clean
1300,149,8450.08,56.71,41,1,70.1,0.671,3 - Watch
1301,82,3952.24,48.2,30,0,0.0,0.0,4 - Clean
1302,79,5844.55,73.98,25,0,0.0,0.0,4 - Clean
1303,98,6381.1,65.11,29,0,0.0,0.0,4 - Clean
1304,119,7195.16,60.46,42,0,0.0,0.0,4 - Clean
1305,107,5741.05,53.65,37,0,0.0,0.0,4 - Clean
1306,87,4015.6,46.16,31,0,0.0,0.0,4 - Clean
1307,105,6705.23,63.86,33,1,125.15,0.952,3 - Watch
1308,107,6276.33,58.66,37,0,0.0,0.0,4 - Clean
1309,81,4490.71,55.44,27,0,0.0,0.0,4 - Clean
1310,82,4646.1,56.66,27,1,236.49,1.22,3 - Watch
1311,62,2816.47,45.43,19,0,0.0,0.0,4 - Clean
1312,153,6437.52,42.08,43,2,499.65,1.307,3 - Watch
1313,134,7292.78,54.42,43,1,413.8,0.746,3 - Watch
1314,99,5896.76,59.56,32,1,354.45,1.01,3 - Watch
1315,92,4305.26,46.8,31,0,0.0,0.0,4 - Clean
1316,94,4465.54,47.51,28,0,0.0,0.0,4 - Clean
1317,112,5588.19,49.89,39,0,0.0,0.0,4 - Clean
1318,104,5424.34,52.16,35,0,0.0,0.0,4 - Clean
1319,77,4112.55,53.41,30,1,170.95,1.299,3 - Watch
1320,72,4387.96,60.94,27,0,0.0,0.0,4 - Clean
1321,51,2467.18,48.38,20,0,0.0,0.0,4 - Clean
1322,75,4396.74,58.62,19,0,0.0,0.0,4 - Clean
1323,88,4250.54,48.3,30,0,0.0,0.0,4 - Clean
1324,86,5858.58,68.12,27,0,0.0,0.0,4 - Clean
1325,105,5344.16,50.9,38,0,0.0,0.0,4 - Clean
1326,95,5486.52,57.75,33,0,0.0,0.0,4 - Clean
1327,77,4482.86,58.22,31,0,0.0,0.0,4 - Clean
1328,76,4833.21,63.59,28,0,0.0,0.0,4 - Clean
1329,88,5618.17,63.84,36,0,0.0,0.0,4 - Clean
1330,85,4149.67,48.82,29,0,0.0,0.0,4 - Clean
1331,108,6628.05,61.37,31,2,436.75,1.852,3 - Watch
1332,130,7244.48,55.73,38,1,226.39,0.769,3 - Watch
1333,107,5341.86,49.92,33,0,0.0,0.0,4 - Clean
1334,79,3432.65,43.45,31,1,154.85,1.266,3 - Watch
1335,91,5169.4,56.81,27,1,325.05,1.099,3 - Watch
1336,96,4855.78,50.58,35,2,1025.85,2.083,2 - High
1337,77,3613.84,46.93,28,0,0.0,0.0,4 - Clean
1338,81,4468.5,55.17,25,0,0.0,0.0,4 - Clean
1339,97,5431.28,55.99,30,0,0.0,0.0,4 - Clean
1340,89,5130.94,57.65,33,0,0.0,0.0,4 - Clean
1341,57,3749.17,65.77,21,0,0.0,0.0,4 - Clean
1342,57,2913.49,51.11,22,0,0.0,0.0,4 - Clean
1343,102,4854.01,47.59,25,0,0.0,0.0,4 - Clean
1344,105,7576.83,72.16,33,1,657.55,0.952,3 - Watch
1345,97,4266.62,43.99,33,2,534.48,2.062,2 - High
1346,118,5648.87,47.87,32,0,0.0,0.0,4 - Clean
1347,81,3693.01,45.59,30,0,0.0,0.0,4 - Clean
1348,93,5913.13,63.58,28,27,1986.04,29.032,1 - Critical
1349,62,3746.18,60.42,25,0,0.0,0.0,4 - Clean
1350,81,3787.16,46.76,27,0,0.0,0.0,4 - Clean
1351,116,6702.8,57.78,31,0,0.0,0.0,4 - Clean
1352,98,4084.37,41.68,29,0,0.0,0.0,4 - Clean
1353,131,8460.92,64.59,30,0,0.0,0.0,4 - Clean
1354,89,5134.53,57.69,29,1,742.25,1.124,3 - Watch
1355,71,2891.59,40.73,30,0,0.0,0.0,4 - Clean
1356,133,8653.53,65.06,35,1,312.15,0.752,3 - Watch
1357,143,7757.18,54.25,44,0,0.0,0.0,4 - Clean
1358,84,3686.63,43.89,33,0,0.0,0.0,4 - Clean
1359,70,4619.64,65.99,24,0,0.0,0.0,4 - Clean
1360,55,2767.25,50.31,26,9,475.04,16.364,1 - Critical
1361,62,2640.71,42.59,15,0,0.0,0.0,4 - Clean
1362,112,5787.38,51.67,35,1,227.56,0.893,3 - Watch
1363,98,4466.29,45.57,37,0,0.0,0.0,4 - Clean
1364,120,5989.05,49.91,34,0,0.0,0.0,4 - Clean
1365,112,6158.94,54.99,35,0,0.0,0.0,4 - Clean
1366,121,7519.86,62.15,35,0,0.0,0.0,4 - Clean
1367,108,3981.76,36.87,38,0,0.0,0.0,4 - Clean
1368,83,5640.59,67.96,30,0,0.0,0.0,4 - Clean
1369,94,4799.88,51.06,34,0,0.0,0.0,4 - Clean
1370,55,2950.4,53.64,24,1,187.9,1.818,3 - Watch
1371,92,5575.83,60.61,29,1,435.55,1.087,3 - Watch
1372,89,5075.54,57.03,29,2,682.4,2.247,2 - High
1373,77,3375.4,43.84,28,0,0.0,0.0,4 - Clean
1374,114,6195.84,54.35,35,0,0.0,0.0,4 - Clean
1375,81,4179.28,51.6,27,0,0.0,0.0,4 - Clean
1376,51,2533.32,49.67,22,18,735.81,35.294,1 - Critical
1377,111,6112.35,55.07,42,1,248.9,0.901,3 - Watch
1378,73,3765.38,51.58,28,0,0.0,0.0,4 - Clean
1379,84,4060.52,48.34,29,0,0.0,0.0,4 - Clean
1380,122,7089.39,58.11,44,1,188.5,0.82,3 - Watch
1381,98,6986.33,71.29,35,0,0.0,0.0,4 - Clean
1382,74,3536.5,47.79,27,0,0.0,0.0,4 - Clean
1383,57,4072.56,71.45,20,1,234.42,1.754,3 - Watch
1384,102,5232.01,51.29,30,0,0.0,0.0,4 - Clean
1385,85,5072.49,59.68,28,2,469.5,2.353,2 - High
1386,69,4898.31,70.99,31,1,261.8,1.449,3 - Watch
1387,102,5866.32,57.51,33,0,0.0,0.0,4 - Clean
1388,102,4991.88,48.94,38,0,0.0,0.0,4 - Clean
1389,66,3399.35,51.51,27,1,250.1,1.515,3 - Watch
1390,134,7070.99,52.77,32,3,210.35,2.239,2 - High
1391,116,5532.51,47.69,39,0,0.0,0.0,4 - Clean
1392,118,6562.43,55.61,41,1,187.6,0.847,3 - Watch
1393,82,4494.05,54.81,28,0,0.0,0.0,4 - Clean
1394,91,5039.61,55.38,33,0,0.0,0.0,4 - Clean
1395,95,4221.05,44.43,31,0,0.0,0.0,4 - Clean
1396,79,4170.94,52.8,28,0,0.0,0.0,4 - Clean
1397,60,2603.17,43.39,24,1,260.45,1.667,3 - Watch
1398,98,4870.45,49.7,37,0,0.0,0.0,4 - Clean
1399,75,4424.66,59.0,25,0,0.0,0.0,4 - Clean
1400,116,4934.13,42.54,35,0,0.0,0.0,4 - Clean
1401,79,3852.5,48.77,27,0,0.0,0.0,4 - Clean
1402,85,4245.26,49.94,30,0,0.0,0.0,4 - Clean
1403,83,5121.16,61.7,21,0,0.0,0.0,4 - Clean
1404,94,5322.02,56.62,32,0,0.0,0.0,4 - Clean
1405,65,3253.14,50.05,24,0,0.0,0.0,4 - Clean
1406,79,3949.74,50.0,21,0,0.0,0.0,4 - Clean
1407,103,4903.88,47.61,39,0,0.0,0.0,4 - Clean
1408,115,6472.3,56.28,29,0,0.0,0.0,4 - Clean
1409,72,3518.13,48.86,27,0,0.0,0.0,4 - Clean
1410,119,7156.4,60.14,36,1,425.1,0.84,3 - Watch
1411,110,5767.82,52.43,35,0,0.0,0.0,4 - Clean
1412,112,6884.95,61.47,26,1,211.4,0.893,3 - Watch
1413,126,6786.44,53.86,45,0,0.0,0.0,4 - Clean
1414,81,4211.12,51.99,30,0,0.0,0.0,4 - Clean
1415,84,4607.94,54.86,32,0,0.0,0.0,4 - Clean
1416,102,5388.6,52.83,31,0,0.0,0.0,4 - Clean
1417,97,4768.43,49.16,30,0,0.0,0.0,4 - Clean
1418,86,4954.6,57.61,25,0,0.0,0.0,4 - Clean
1419,111,5617.39,50.61,26,0,0.0,0.0,4 - Clean
1420,106,5560.76,52.46,31,0,0.0,0.0,4 - Clean
1421,61,2376.85,38.96,23,0,0.0,0.0,4 - Clean
1422,92,4762.31,51.76,35,1,9.3,1.087,3 - Watch
1423,106,4866.74,45.91,25,1,293.65,0.943,3 - Watch
1424,100,5007.32,50.07,21,0,0.0,0.0,4 - Clean
1425,61,3675.77,60.26,18,0,0.0,0.0,4 - Clean
1426,82,4542.0,55.39,34,1,230.94,1.22,3 - Watch
1427,87,4636.8,53.3,28,0,0.0,0.0,4 - Clean
1428,42,2325.47,55.37,15,0,0.0,0.0,4 - Clean
1429,88,3954.25,44.93,31,0,0.0,0.0,4 - Clean
1430,69,3692.2,53.51,24,0,0.0,0.0,4 - Clean
1431,63,2861.31,45.42,20,0,0.0,0.0,4 - Clean
1432,78,4843.6,62.1,31,0,0.0,0.0,4 - Clean
1433,78,4978.07,63.82,31,0,0.0,0.0,4 - Clean
1434,92,4485.21,48.75,32,0,0.0,0.0,4 - Clean
1435,74,3199.0,43.23,21,1,94.05,1.351,3 - Watch
1436,102,4526.6,44.38,30,1,121.35,0.98,3 - Watch
1437,82,4868.46,59.37,30,0,0.0,0.0,4 - Clean
1438,75,3270.44,43.61,27,0,0.0,0.0,4 - Clean
1439,75,3971.02,52.95,27,0,0.0,0.0,4 - Clean
1440,74,3215.89,43.46,23,0,0.0,0.0,4 - Clean
1441,73,4864.31,66.63,25,0,0.0,0.0,4 - Clean
1442,83,4370.47,52.66,27,0,0.0,0.0,4 - Clean
1443,88,4554.94,51.76,28,0,0.0,0.0,4 - Clean
1444,133,7175.09,53.95,41,1,378.05,0.752,3 - Watch
1445,83,3793.86,45.71,33,0,0.0,0.0,4 - Clean
1446,105,6150.33,58.57,37,27,1827.59,25.714,1 - Critical
1447,120,6331.7,52.76,37,0,0.0,0.0,4 - Clean
1448,103,4318.44,41.93,34,0,0.0,0.0,4 - Clean
1449,93,5201.66,55.93,27,1,221.56,1.075,3 - Watch
1450,81,5524.26,68.2,24,0,0.0,0.0,4 - Clean
1451,70,3829.83,54.71,27,1,302.25,1.429,3 - Watch
1452,60,4637.46,77.29,26,0,0.0,0.0,4 - Clean
1453,90,4526.74,50.3,38,0,0.0,0.0,4 - Clean
1454,139,7896.72,56.81,43,2,177.65,1.439,3 - Watch
1455,40,3026.55,75.66,13,0,0.0,0.0,4 - Clean
1456,68,4176.0,61.41,28,0,0.0,0.0,4 - Clean
1457,75,3523.66,46.98,26,0,0.0,0.0,4 - Clean
1458,64,3614.68,56.48,21,0,0.0,0.0,4 - Clean
1459,85,5095.8,59.95,29,1,288.8,1.176,3 - Watch
1460,81,5679.14,70.11,31,1,543.25,1.235,3 - Watch
1461,105,4133.55,39.37,31,0,0.0,0.0,4 - Clean
1462,74,3868.93,52.28,27,0,0.0,0.0,4 - Clean
1463,80,3720.71,46.51,27,0,0.0,0.0,4 - Clean
1464,92,4795.38,52.12,29,0,0.0,0.0,4 - Clean
1465,85,5308.75,62.46,30,1,588.45,1.176,3 - Watch
1466,52,2800.9,53.86,19,0,0.0,0.0,4 - Clean
1467,88,4073.5,46.29,30,0,0.0,0.0,4 - Clean
1468,81,4858.88,59.99,34,1,646.7,1.235,3 - Watch
1469,112,5663.11,50.56,34,0,0.0,0.0,4 - Clean
1470,90,5299.25,58.88,35,1,223.47,1.111,3 - Watch
1471,94,4379.6,46.59,31,0,0.0,0.0,4 - Clean
1472,101,4833.76,47.86,27,0,0.0,0.0,4 - Clean
1473,76,4529.86,59.6,33,1,644.95,1.316,3 - Watch
1474,64,3340.57,52.2,27,1,331.15,1.562,3 - Watch
1475,68,3225.7,47.44,30,0,0.0,0.0,4 - Clean
1476,88,4631.83,52.63,24,1,532.05,1.136,3 - Watch
1477,69,4111.45,59.59,27,0,0.0,0.0,4 - Clean
1478,56,2661.75,47.53,22,0,0.0,0.0,4 - Clean
1479,96,4865.13,50.68,31,0,0.0,0.0,4 - Clean
1480,81,4700.32,58.03,31,0,0.0,0.0,4 - Clean
1481,115,5739.61,49.91,39,1,435.6,0.87,3 - Watch
1482,92,3813.8,41.45,38,1,221.9,1.087,3 - Watch
1483,94,5566.7,59.22,30,0,0.0,0.0,4 - Clean
1484,96,4751.91,49.5,27,0,0.0,0.0,4 - Clean
1485,67,3980.89,59.42,26,0,0.0,0.0,4 - Clean
1486,58,3275.04,56.47,16,0,0.0,0.0,4 - Clean
1487,115,6950.48,60.44,37,0,0.0,0.0,4 - Clean
1488,118,6224.45,52.75,33,2,554.65,1.695,3 - Watch
1489,79,3637.76,46.05,31,0,0.0,0.0,4 - Clean
1490,85,3828.81,45.04,29,0,0.0,0.0,4 - Clean
1491,97,4346.17,44.81,35,1,487.7,1.031,3 - Watch
1492,68,4469.91,65.73,29,0,0.0,0.0,4 - Clean
1493,39,2205.8,56.56,12,0,0.0,0.0,4 - Clean
1494,90,5878.19,65.31,25,0,0.0,0.0,4 - Clean
1495,82,3459.14,42.18,22,19,757.62,23.171,1 - Critical
1496,77,4050.47,52.6,28,0,0.0,0.0,4 - Clean
1497,96,5238.31,54.57,32,1,39.1,1.042,3 - Watch
1498,102,6379.29,62.54,36,0,0.0,0.0,4 - Clean
1499,75,3328.24,44.38,29,0,0.0,0.0,4 - Clean
1500,66,3064.98,46.44,27,0,0.0,0.0,4 - Clean
1501,108,5831.09,53.99,26,0,0.0,0.0,4 - Clean
1502,82,3624.28,44.2,25,0,0.0,0.0,4 - Clean
1503,97,4953.46,51.07,35,0,0.0,0.0,4 - Clean
1504,92,4367.4,47.47,29,0,0.0,0.0,4 - Clean
1505,76,3762.29,49.5,22,0,0.0,0.0,4 - Clean
1506,95,5496.9,57.86,28,0,0.0,0.0,4 - Clean
1507,93,4125.97,44.37,33,0,0.0,0.0,4 - Clean
1508,52,2926.47,56.28,23,0,0.0,0.0,4 - Clean
1509,81,3912.02,48.3,29,0,0.0,0.0,4 - Clean
1510,73,3444.37,47.18,17,0,0.0,0.0,4 - Clean
1511,63,3613.62,57.36,25,0,0.0,0.0,4 - Clean
1512,84,4378.97,52.13,29,0,0.0,0.0,4 - Clean
1513,115,5464.09,47.51,34,0,0.0,0.0,4 - Clean
1514,116,8763.68,75.55,32,0,0.0,0.0,4 - Clean
1515,74,4040.18,54.6,30,1,355.3,1.351,3 - Watch
1516,105,5391.24,51.35,32,1,154.7,0.952,3 - Watch
1517,78,4415.91,56.61,31,0,0.0,0.0,4 - Clean
1518,67,4329.18,64.61,15,0,0.0,0.0,4 - Clean
1519,95,4584.78,48.26,33,1,191.85,1.053,3 - Watch
1520,126,7405.47,58.77,47,1,53.2,0.794,3 - Watch
1521,112,5738.39,51.24,40,0,0.0,0.0,4 - Clean
1522,92,6170.04,67.07,31,1,748.5,1.087,3 - Watch
1523,70,4199.95,60.0,19,0,0.0,0.0,4 - Clean
1524,75,4146.33,55.28,31,0,0.0,0.0,4 - Clean
1525,65,3603.38,55.44,29,0,0.0,0.0,4 - Clean
1526,90,5598.32,62.2,30,0,0.0,0.0,4 - Clean
1527,93,4786.13,51.46,34,0,0.0,0.0,4 - Clean
1528,55,3401.5,61.85,22,1,235.73,1.818,3 - Watch
1529,103,4534.1,44.02,31,0,0.0,0.0,4 - Clean
1530,77,3690.44,47.93,25,1,159.55,1.299,3 - Watch
1531,99,5316.47,53.7,35,1,360.0,1.01,3 - Watch
1532,75,3826.9,51.03,30,0,0.0,0.0,4 - Clean
1533,75,3784.36,50.46,24,1,172.95,1.333,3 - Watch
1534,66,3741.58,56.69,22,0,0.0,0.0,4 - Clean
1535,80,4995.16,62.44,22,0,0.0,0.0,4 - Clean
1536,81,5779.51,71.35,28,0,0.0,0.0,4 - Clean
1537,90,3899.13,43.32,36,0,0.0,0.0,4 - Clean
1538,90,5750.8,63.9,24,0,0.0,0.0,4 - Clean
1539,79,3949.62,50.0,27,1,348.0,1.266,3 - Watch
1540,75,3796.64,50.62,25,0,0.0,0.0,4 - Clean
1541,47,2983.67,63.48,14,0,0.0,0.0,4 - Clean
1542,71,4776.18,67.27,22,0,0.0,0.0,4 - Clean
1543,86,4199.46,48.83,28,0,0.0,0.0,4 - Clean
1544,99,6264.32,63.28,33,0,0.0,0.0,4 - Clean
1545,53,2576.86,48.62,21,0,0.0,0.0,4 - Clean
1546,119,6570.39,55.21,34,0,0.0,0.0,4 - Clean
1547,75,4435.7,59.14,31,0,0.0,0.0,4 - Clean
1548,77,3678.82,47.78,27,0,0.0,0.0,4 - Clean
1549,94,4705.24,50.06,30,1,539.8,1.064,3 - Watch
1550,73,3764.1,51.56,26,0,0.0,0.0,4 - Clean
1551,94,4978.39,52.96,23,0,0.0,0.0,4 - Clean
1552,94,5163.07,54.93,28,0,0.0,0.0,4 - Clean
1553,79,3671.82,46.48,25,0,0.0,0.0,4 - Clean
1554,114,5866.24,51.46,39,1,84.7,0.877,3 - Watch
1555,51,2724.98,53.43,25,0,0.0,0.0,4 - Clean
1556,121,6773.87,55.98,37,0,0.0,0.0,4 - Clean
1557,62,3463.92,55.87,25,0,0.0,0.0,4 - Clean
1558,51,2481.75,48.66,15,0,0.0,0.0,4 - Clean
1559,92,4524.78,49.18,26,0,0.0,0.0,4 - Clean
1560,109,5707.92,52.37,39,0,0.0,0.0,4 - Clean
1561,101,4401.05,43.57,35,1,237.3,0.99,3 - Watch
1562,151,7330.72,48.55,36,1,228.7,0.662,3 - Watch
1563,62,3006.55,48.49,16,0,0.0,0.0,4 - Clean
1564,121,5591.98,46.21,38,2,465.81,1.653,3 - Watch
1565,77,4593.33,59.65,22,1,214.45,1.299,3 - Watch
1566,50,2531.33,50.63,13,0,0.0,0.0,4 - Clean
1567,76,3169.44,41.7,33,0,0.0,0.0,4 - Clean
1568,105,5378.07,51.22,39,0,0.0,0.0,4 - Clean
1569,78,3684.79,47.24,21,15,965.35,19.231,1 - Critical
1570,91,6160.11,67.69,29,1,71.85,1.099,3 - Watch
1571,117,6545.48,55.94,33,0,0.0,0.0,4 - Clean
1572,88,3441.58,39.11,33,1,41.15,1.136,3 - Watch
1573,63,4003.14,63.54,26,0,0.0,0.0,4 - Clean
1574,128,6497.5,50.76,32,0,0.0,0.0,4 - Clean
1575,89,4514.91,50.73,34,0,0.0,0.0,4 - Clean
1576,93,4289.36,46.12,32,0,0.0,0.0,4 - Clean
1577,69,3062.93,44.39,24,0,0.0,0.0,4 - Clean
1578,66,4402.41,66.7,19,2,657.95,3.03,2 - High
1579,70,3420.78,48.87,18,0,0.0,0.0,4 - Clean
1580,62,2510.97,40.5,25,0,0.0,0.0,4 - Clean
1581,80,5321.16,66.51,28,0,0.0,0.0,4 - Clean
1582,70,3761.19,53.73,23,0,0.0,0.0,4 - Clean
1583,70,4380.2,62.57,30,0,0.0,0.0,4 - Clean
1584,88,4674.33,53.12,23,1,64.5,1.136,3 - Watch
1585,87,5121.33,58.87,26,2,645.25,2.299,2 - High
1586,98,5691.12,58.07,29,0,0.0,0.0,4 - Clean
1587,76,4158.78,54.72,27,0,0.0,0.0,4 - Clean
1588,96,4671.37,48.66,31,0,0.0,0.0,4 - Clean
1589,83,4537.83,54.67,30,0,0.0,0.0,4 - Clean
1590,78,3870.03,49.62,26,0,0.0,0.0,4 - Clean
1591,81,5015.56,61.92,27,2,164.35,2.469,2 - High
1592,64,4331.75,67.68,20,0,0.0,0.0,4 - Clean
1593,55,2957.72,53.78,22,0,0.0,0.0,4 - Clean
1594,93,4212.5,45.3,35,0,0.0,0.0,4 - Clean
1595,66,3631.86,55.03,28,0,0.0,0.0,4 - Clean
1596,112,5105.11,45.58,32,0,0.0,0.0,4 - Clean
1597,96,5790.53,60.32,34,0,0.0,0.0,4 - Clean
1598,73,4313.65,59.09,24,0,0.0,0.0,4 - Clean
1599,112,5525.62,49.34,42,1,50.0,0.893,3 - Watch
1600,155,8069.91,52.06,45,0,0.0,0.0,4 - Clean
1601,90,5039.87,56.0,28,0,0.0,0.0,4 - Clean
1602,54,2609.41,48.32,22,0,0.0,0.0,4 - Clean
1603,119,6992.2,58.76,40,35,2289.39,29.412,1 - Critical
1604,160,9725.89,60.79,45,3,1103.14,1.875,3 - Watch
1605,77,3754.29,48.76,24,0,0.0,0.0,4 - Clean
1606,113,5363.88,47.47,32,0,0.0,0.0,4 - Clean
1607,93,4663.67,50.15,36,0,0.0,0.0,4 - Clean
1608,108,6648.2,61.56,33,0,0.0,0.0,4 - Clean
1609,93,4960.87,53.34,33,0,0.0,0.0,4 - Clean
1610,102,5556.29,54.47,30,0,0.0,0.0,4 - Clean
1611,146,9014.9,61.75,44,2,454.99,1.37,3 - Watch
1612,93,4614.04,49.61,36,0,0.0,0.0,4 - Clean
1613,149,7892.38,52.97,39,0,0.0,0.0,4 - Clean
1614,74,4764.95,64.39,19,0,0.0,0.0,4 - Clean
1615,51,2850.33,55.89,19,1,247.5,1.961,3 - Watch
1616,89,4874.46,54.77,31,0,0.0,0.0,4 - Clean
1617,94,4898.23,52.11,35,0,0.0,0.0,4 - Clean
1618,87,4591.26,52.77,31,1,259.37,1.149,3 - Watch
1619,104,5036.32,48.43,29,0,0.0,0.0,4 - Clean
1620,96,4584.26,47.75,35,0,0.0,0.0,4 - Clean
1621,58,4166.72,71.84,19,0,0.0,0.0,4 - Clean
1622,66,4097.62,62.09,24,0,0.0,0.0,4 - Clean
1623,141,5599.11,39.71,39,0,0.0,0.0,4 - Clean
1624,80,4393.67,54.92,34,0,0.0,0.0,4 - Clean
1625,91,5302.37,58.27,28,0,0.0,0.0,4 - Clean
1626,127,6299.6,49.6,46,0,0.0,0.0,4 - Clean
1627,58,3569.25,61.54,22,0,0.0,0.0,4 - Clean
1628,79,3977.37,50.35,29,0,0.0,0.0,4 - Clean
1629,81,3700.03,45.68,32,0,0.0,0.0,4 - Clean
1630,104,5483.95,52.73,37,0,0.0,0.0,4 - Clean
1631,133,6982.48,52.5,36,0,0.0,0.0,4 - Clean
1632,75,4650.78,62.01,19,0,0.0,0.0,4 - Clean
1633,95,5399.64,56.84,32,0,0.0,0.0,4 - Clean
1634,64,3042.7,47.54,22,0,0.0,0.0,4 - Clean
1635,56,3799.75,67.85,20,0,0.0,0.0,4 - Clean
1636,117,6920.26,59.15,42,1,355.5,0.855,3 - Watch
1637,80,3909.36,48.87,27,1,45.65,1.25,3 - Watch
1638,113,7332.57,64.89,31,0,0.0,0.0,4 - Clean
1639,73,4492.76,61.54,25,0,0.0,0.0,4 - Clean
1640,86,5559.31,64.64,30,0,0.0,0.0,4 - Clean
1641,94,5087.68,54.12,30,0,0.0,0.0,4 - Clean
1642,87,4504.31,51.77,28,0,0.0,0.0,4 - Clean
1643,126,6211.46,49.3,32,0,0.0,0.0,4 - Clean
1644,90,5816.98,64.63,30,1,226.97,1.111,3 - Watch
1645,87,4610.17,52.99,28,0,0.0,0.0,4 - Clean
1646,105,5933.36,56.51,33,0,0.0,0.0,4 - Clean
1647,107,5876.82,54.92,36,1,280.75,0.935,3 - Watch
1648,97,5085.16,52.42,32,1,407.95,1.031,3 - Watch
1649,103,5640.69,54.76,36,0,0.0,0.0,4 - Clean
1650,105,6395.51,60.91,34,0,0.0,0.0,4 - Clean
1651,81,3984.31,49.19,23,0,0.0,0.0,4 - Clean
1652,79,5421.93,68.63,22,0,0.0,0.0,4 - Clean
1653,71,3283.27,46.24,27,0,0.0,0.0,4 - Clean
1654,57,2703.9,47.44,23,0,0.0,0.0,4 - Clean
1655,90,5339.79,59.33,29,0,0.0,0.0,4 - Clean
1656,54,2801.25,51.88,22,21,1027.43,38.889,1 - Critical
1657,62,3496.89,56.4,25,0,0.0,0.0,4 - Clean
1658,65,3808.38,58.59,21,0,0.0,0.0,4 - Clean
1659,94,4612.34,49.07,31,0,0.0,0.0,4 - Clean
1660,109,6517.12,59.79,28,1,476.95,0.917,3 - Watch
1661,98,4231.97,43.18,39,0,0.0,0.0,4 - Clean
1662,72,4374.85,60.76,19,1,245.0,1.389,3 - Watch
1663,118,5410.18,45.85,42,1,133.75,0.847,3 - Watch
1664,82,4769.71,58.17,22,0,0.0,0.0,4 - Clean
1665,66,2659.84,40.3,17,1,170.95,1.515,3 - Watch
1666,100,4948.35,49.48,35,1,257.0,1.0,3 - Watch
1667,107,6184.21,57.8,30,0,0.0,0.0,4 - Clean
1668,91,4677.86,51.41,34,0,0.0,0.0,4 - Clean
1669,94,4189.14,44.57,31,0,0.0,0.0,4 - Clean
1670,85,4217.03,49.61,33,0,0.0,0.0,4 - Clean
1671,100,4713.66,47.14,28,0,0.0,0.0,4 - Clean
1672,78,4619.5,59.22,23,0,0.0,0.0,4 - Clean
1673,92,5510.87,59.9,32,1,321.05,1.087,3 - Watch
1674,75,3697.13,49.3,29,0,0.0,0.0,4 - Clean
1675,77,4083.81,53.04,26,0,0.0,0.0,4 - Clean
1676,82,4299.41,52.43,32,0,0.0,0.0,4 - Clean
1677,71,4448.44,62.65,23,0,0.0,0.0,4 - Clean
1678,84,3542.15,42.17,28,0,0.0,0.0,4 - Clean
1679,85,4424.32,52.05,30,0,0.0,0.0,4 - Clean
1680,50,2087.01,41.74,14,1,43.7,2.0,2 - High
1681,70,3147.39,44.96,24,0,0.0,0.0,4 - Clean
1682,77,4633.47,60.17,26,0,0.0,0.0,4 - Clean
1683,76,4079.15,53.67,28,0,0.0,0.0,4 - Clean
1684,73,4279.62,58.62,30,0,0.0,0.0,4 - Clean
1685,40,1828.87,45.72,18,0,0.0,0.0,4 - Clean
1686,98,4922.96,50.23,37,0,0.0,0.0,4 - Clean
1687,100,5834.87,58.35,34,32,2008.91,32.0,1 - Critical
1688,64,3400.63,53.13,22,0,0.0,0.0,4 - Clean
1689,89,4115.44,46.24,33,1,33.45,1.124,3 - Watch
1690,76,4828.95,63.54,29,0,0.0,0.0,4 - Clean
1691,56,3869.5,69.1,22,1,538.5,1.786,3 - Watch
1692,63,3698.6,58.71,23,0,0.0,0.0,4 - Clean
1693,78,5123.19,65.68,33,2,687.15,2.564,2 - High
1694,62,3311.75,53.42,31,0,0.0,0.0,4 - Clean
1695,115,4986.61,43.36,33,0,0.0,0.0,4 - Clean
1696,79,4271.79,54.07,26,0,0.0,0.0,4 - Clean
1697,118,6028.83,51.09,34,0,0.0,0.0,4 - Clean
1698,77,3131.47,40.67,25,0,0.0,0.0,4 - Clean
1699,86,5328.11,61.95,30,0,0.0,0.0,4 - Clean
1700,102,5627.66,55.17,34,0,0.0,0.0,4 - Clean
1701,54,3343.52,61.92,19,0,0.0,0.0,4 - Clean
1702,81,5761.96,71.14,27,1,146.85,1.235,3 - Watch
1703,71,3869.03,54.49,28,0,0.0,0.0,4 - Clean
1704,87,3934.55,45.22,38,0,0.0,0.0,4 - Clean
1705,72,4254.87,59.1,16,0,0.0,0.0,4 - Clean
1706,106,5551.71,52.37,33,1,310.6,0.943,3 - Watch
1707,68,3208.79,47.19,29,0,0.0,0.0,4 - Clean
1708,76,3206.06,42.18,28,0,0.0,0.0,4 - Clean
1709,91,5347.99,58.77,27,1,221.04,1.099,3 - Watch
1710,72,4308.8,59.84,29,0,0.0,0.0,4 - Clean
1711,74,3832.39,51.79,25,0,0.0,0.0,4 - Clean
1712,105,5212.68,49.64,33,0,0.0,0.0,4 - Clean
1713,96,4799.76,50.0,28,1,70.1,1.042,3 - Watch
1714,83,4885.07,58.86,29,0,0.0,0.0,4 - Clean
1715,144,8652.61,60.09,45,2,483.1,1.389,3 - Watch
1716,155,9572.74,61.76,45,2,575.77,1.29,3 - Watch
1717,106,6358.66,59.99,36,0,0.0,0.0,4 - Clean
1718,98,4799.8,48.98,32,0,0.0,0.0,4 - Clean
1719,64,3036.62,47.45,22,1,254.91,1.562,3 - Watch
1720,93,5082.57,54.65,28,0,0.0,0.0,4 - Clean
1721,57,3324.22,58.32,19,0,0.0,0.0,4 - Clean
1722,79,4072.96,51.56,32,0,0.0,0.0,4 - Clean
1723,73,3245.45,44.46,26,0,0.0,0.0,4 - Clean
1724,47,2923.68,62.21,21,0,0.0,0.0,4 - Clean
1725,78,3079.14,39.48,25,0,0.0,0.0,4 - Clean
1726,58,3939.65,67.92,30,1,825.85,1.724,3 - Watch
1727,82,5089.28,62.06,28,0,0.0,0.0,4 - Clean
1728,76,3741.48,49.23,24,0,0.0,0.0,4 - Clean
1729,88,4438.7,50.44,32,0,0.0,0.0,4 - Clean
1730,69,3694.2,53.54,28,0,0.0,0.0,4 - Clean
1731,84,4533.33,53.97,30,0,0.0,0.0,4 - Clean
1732,89,4066.08,45.69,25,0,0.0,0.0,4 - Clean
1733,72,4252.82,59.07,25,0,0.0,0.0,4 - Clean
1734,82,4916.83,59.96,23,0,0.0,0.0,4 - Clean
1735,79,3460.2,43.8,25,0,0.0,0.0,4 - Clean
1736,69,3275.36,47.47,28,0,0.0,0.0,4 - Clean
1737,95,4500.0,47.37,29,1,370.95,1.053,3 - Watch
1738,105,5262.4,50.12,36,0,0.0,0.0,4 - Clean
1739,48,2516.03,52.42,19,1,164.25,2.083,2 - High
1740,88,4022.0,45.7,32,0,0.0,0.0,4 - Clean
1741,88,4458.73,50.67,34,0,0.0,0.0,4 - Clean
1742,57,3127.73,54.87,24,0,0.0,0.0,4 - Clean
1743,82,3777.87,46.07,30,2,485.15,2.439,2 - High
1744,75,4677.42,62.37,25,1,272.45,1.333,3 - Watch
1745,102,6197.44,60.76,37,0,0.0,0.0,4 - Clean
1746,84,4852.46,57.77,31,0,0.0,0.0,4 - Clean
1747,85,4672.17,54.97,31,0,0.0,0.0,4 - Clean
1748,60,2886.18,48.1,23,0,0.0,0.0,4 - Clean
1749,100,4461.36,44.61,35,0,0.0,0.0,4 - Clean
1750,101,4444.01,44.0,36,1,320.3,0.99,3 - Watch
1751,77,3926.83,51.0,33,0,0.0,0.0,4 - Clean
1752,82,5338.75,65.11,29,0,0.0,0.0,4 - Clean
1753,103,6272.86,60.9,28,0,0.0,0.0,4 - Clean
1754,44,2182.25,49.6,21,0,0.0,0.0,4 - Clean
1755,95,4369.7,46.0,35,1,307.25,1.053,3 - Watch
1756,112,5581.3,49.83,35,0,0.0,0.0,4 - Clean
1757,114,4756.72,41.73,29,0,0.0,0.0,4 - Clean
1758,109,5024.39,46.1,32,0,0.0,0.0,4 - Clean
1759,73,3650.03,50.0,31,0,0.0,0.0,4 - Clean
1760,103,5406.59,52.49,39,1,115.55,0.971,3 - Watch
1761,103,5186.53,50.35,31,0,0.0,0.0,4 - Clean
1762,91,5413.53,59.49,30,2,248.45,2.198,2 - High
1763,122,5500.9,45.09,41,2,106.65,1.639,3 - Watch
1764,82,4787.99,58.39,28,28,1839.62,34.146,1 - Critical
1765,55,2994.9,54.45,18,0,0.0,0.0,4 - Clean
1766,102,4501.45,44.13,37,0,0.0,0.0,4 - Clean
1767,70,3686.08,52.66,29,0,0.0,0.0,4 - Clean
1768,55,3782.88,68.78,24,0,0.0,0.0,4 - Clean
1769,110,5566.57,50.61,24,0,0.0,0.0,4 - Clean
1770,111,5597.45,50.43,34,2,1000.45,1.802,3 - Watch
1771,103,5225.05,50.73,35,0,0.0,0.0,4 - Clean
1772,101,5047.08,49.97,39,0,0.0,0.0,4 - Clean
1773,87,5023.3,57.74,32,1,47.35,1.149,3 - Watch
1774,117,5227.21,44.68,36,0,0.0,0.0,4 - Clean
1775,87,4052.81,46.58,25,0,0.0,0.0,4 - Clean
1776,80,4569.57,57.12,28,0,0.0,0.0,4 - Clean
1777,74,4069.16,54.99,32,0,0.0,0.0,4 - Clean
1778,104,6779.94,65.19,27,1,254.4,0.962,3 - Watch
1779,83,4220.99,50.86,33,1,597.25,1.205,3 - Watch
1780,110,5327.2,48.43,31,0,0.0,0.0,4 - Clean
1781,79,3717.46,47.06,26,0,0.0,0.0,4 - Clean
1782,53,3077.26,58.06,22,0,0.0,0.0,4 - Clean
1783,174,8807.66,50.62,41,47,2045.12,27.011,1 - Critical
1784,67,3256.13,48.6,26,0,0.0,0.0,4 - Clean
1785,47,2806.03,59.7,14,0,0.0,0.0,4 - Clean
1786,120,6421.18,53.51,31,0,0.0,0.0,4 - Clean
1787,62,3458.06,55.78,17,1,222.94,1.613,3 - Watch
1788,75,4687.86,62.5,26,0,0.0,0.0,4 - Clean
1789,104,5616.99,54.01,36,0,0.0,0.0,4 - Clean
1790,108,4770.78,44.17,35,0,0.0,0.0,4 - Clean
1791,56,2579.59,46.06,19,0,0.0,0.0,4 - Clean
1792,131,6849.6,52.29,40,1,16.4,0.763,3 - Watch
1793,112,4794.68,42.81,39,0,0.0,0.0,4 - Clean
1794,62,3091.79,49.87,18,1,149.8,1.613,3 - Watch
1795,56,3044.99,54.37,23,0,0.0,0.0,4 - Clean
1796,126,7974.4,63.29,33,0,0.0,0.0,4 - Clean
1797,72,2734.37,37.98,21,0,0.0,0.0,4 - Clean
1798,95,4822.76,50.77,32,0,0.0,0.0,4 - Clean
1799,60,3406.48,56.77,16,0,0.0,0.0,4 - Clean
1800,61,3300.11,54.1,18,0,0.0,0.0,4 - Clean
1801,97,6323.56,65.19,35,1,214.75,1.031,3 - Watch
1802,74,4901.8,66.24,32,3,990.3,4.054,2 - High
1803,102,5082.69,49.83,35,0,0.0,0.0,4 - Clean
1804,94,5544.24,58.98,29,0,0.0,0.0,4 - Clean
1805,75,3964.93,52.87,30,0,0.0,0.0,4 - Clean
1806,74,3506.32,47.38,32,0,0.0,0.0,4 - Clean
1807,74,4460.42,60.28,29,0,0.0,0.0,4 - Clean
1808,59,3465.34,58.73,18,0,0.0,0.0,4 - Clean
1809,68,3217.12,47.31,23,0,0.0,0.0,4 - Clean
1810,92,4356.57,47.35,29,0,0.0,0.0,4 - Clean
1811,83,5188.14,62.51,31,1,506.9,1.205,3 - Watch
1812,107,6205.93,58.0,40,0,0.0,0.0,4 - Clean
1813,113,5920.24,52.39,35,1,227.01,0.885,3 - Watch
1814,74,4351.14,58.8,26,0,0.0,0.0,4 - Clean
1815,108,6900.03,63.89,35,0,0.0,0.0,4 - Clean
1816,116,6962.34,60.02,35,0,0.0,0.0,4 - Clean
1817,105,4769.69,45.43,29,0,0.0,0.0,4 - Clean
1818,51,2655.51,52.07,14,0,0.0,0.0,4 - Clean
1819,84,3981.68,47.4,32,0,0.0,0.0,4 - Clean
1820,123,5411.25,43.99,40,0,0.0,0.0,4 - Clean
1821,122,6289.11,51.55,38,0,0.0,0.0,4 - Clean
1822,84,4452.24,53.0,25,0,0.0,0.0,4 - Clean
1823,54,2902.72,53.75,15,0,0.0,0.0,4 - Clean
1824,102,6041.86,59.23,19,0,0.0,0.0,4 - Clean
1825,43,1996.5,46.43,19,0,0.0,0.0,4 - Clean
1826,77,3605.76,46.83,28,1,36.1,1.299,3 - Watch
1827,110,6047.47,54.98,35,0,0.0,0.0,4 - Clean
1828,117,5974.08,51.06,37,31,1276.49,26.496,1 - Critical
1829,74,3082.12,41.65,26,1,369.1,1.351,3 - Watch
1830,72,4210.27,58.48,23,0,0.0,0.0,4 - Clean
1831,94,4481.23,47.67,32,0,0.0,0.0,4 - Clean
1832,97,5617.57,57.91,36,1,273.25,1.031,3 - Watch
1833,79,3463.2,43.84,33,0,0.0,0.0,4 - Clean
1834,91,4158.86,45.7,31,0,0.0,0.0,4 - Clean
1835,104,5019.99,48.27,33,0,0.0,0.0,4 - Clean
1836,66,4335.13,65.68,22,1,587.75,1.515,3 - Watch
1837,67,4233.23,63.18,28,0,0.0,0.0,4 - Clean
1838,58,2722.04,46.93,23,1,90.5,1.724,3 - Watch
1839,68,4437.54,65.26,27,0,0.0,0.0,4 - Clean
1840,83,4446.1,53.57,28,0,0.0,0.0,4 - Clean
1841,84,3906.24,46.5,27,0,0.0,0.0,4 - Clean
1842,140,7033.97,50.24,41,0,0.0,0.0,4 - Clean
1843,90,4153.46,46.15,33,0,0.0,0.0,4 - Clean
1844,73,3139.79,43.01,30,1,263.81,1.37,3 - Watch
1845,70,2925.51,41.79,29,0,0.0,0.0,4 - Clean
1846,108,6134.94,56.81,31,3,339.03,2.778,2 - High
1847,100,6110.04,61.1,32,17,1684.5,17.0,1 - Critical
1848,116,5774.83,49.78,37,0,0.0,0.0,4 - Clean
1849,73,5183.32,71.0,23,0,0.0,0.0,4 - Clean
1850,104,5499.91,52.88,38,0,0.0,0.0,4 - Clean
1851,71,3888.53,54.77,25,0,0.0,0.0,4 - Clean
1852,102,5238.8,51.36,40,0,0.0,0.0,4 - Clean
1853,62,2501.29,40.34,25,0,0.0,0.0,4 - Clean
1854,63,3241.05,51.45,22,0,0.0,0.0,4 - Clean
1855,140,6473.23,46.24,40,1,205.2,0.714,3 - Watch
1856,72,3993.03,55.46,28,0,0.0,0.0,4 - Clean
1857,103,5197.92,50.47,39,0,0.0,0.0,4 - Clean
1858,76,4397.68,57.86,21,1,559.5,1.316,3 - Watch
1859,103,5908.7,57.37,27,1,12.45,0.971,3 - Watch
1860,93,5387.05,57.93,28,0,0.0,0.0,4 - Clean
1861,113,4533.18,40.12,37,0,0.0,0.0,4 - Clean
1862,111,7201.53,64.88,41,1,761.8,0.901,3 - Watch
1863,88,4726.76,53.71,29,0,0.0,0.0,4 - Clean
1864,117,6418.21,54.86,32,0,0.0,0.0,4 - Clean
1865,106,5851.28,55.2,27,0,0.0,0.0,4 - Clean
1866,103,6098.77,59.21,30,0,0.0,0.0,4 - Clean
1867,90,4736.34,52.63,31,0,0.0,0.0,4 - Clean
1868,106,5718.85,53.95,33,1,17.05,0.943,3 - Watch
1869,84,4502.45,53.6,30,0,0.0,0.0,4 - Clean
1870,89,4821.99,54.18,32,0,0.0,0.0,4 - Clean
1871,108,5215.15,48.29,37,0,0.0,0.0,4 - Clean
1872,89,3794.99,42.64,31,0,0.0,0.0,4 - Clean
1873,120,5807.51,48.4,38,0,0.0,0.0,4 - Clean
1874,98,4901.11,50.01,32,0,0.0,0.0,4 - Clean
1875,94,4349.53,46.27,35,0,0.0,0.0,4 - Clean
1876,66,3502.89,53.07,21,0,0.0,0.0,4 - Clean
1877,85,4077.75,47.97,27,0,0.0,0.0,4 - Clean
1878,64,4009.81,62.65,26,1,175.05,1.562,3 - Watch
1879,91,4277.04,47.0,35,0,0.0,0.0,4 - Clean
1880,78,3785.04,48.53,34,0,0.0,0.0,4 - Clean
1881,68,3669.42,53.96,27,0,0.0,0.0,4 - Clean
1882,84,5065.77,60.31,28,1,25.55,1.19,3 - Watch
1883,68,3317.04,48.78,26,0,0.0,0.0,4 - Clean
1884,99,5912.94,59.73,38,0,0.0,0.0,4 - Clean
1885,42,2577.27,61.36,16,0,0.0,0.0,4 - Clean
1886,95,5451.33,57.38,32,0,0.0,0.0,4 - Clean
1887,54,2248.9,41.65,22,0,0.0,0.0,4 - Clean
1888,74,3758.62,50.79,28,0,0.0,0.0,4 - Clean
1889,131,5491.93,41.92,34,0,0.0,0.0,4 - Clean
1890,50,2257.89,45.16,20,0,0.0,0.0,4 - Clean
1891,90,4824.5,53.61,30,0,0.0,0.0,4 - Clean
1892,69,4341.1,62.91,23,2,237.55,2.899,2 - High
1893,61,3081.81,50.52,25,0,0.0,0.0,4 - Clean
1894,86,3071.69,35.72,34,0,0.0,0.0,4 - Clean
1895,100,5698.67,56.99,31,0,0.0,0.0,4 - Clean
1896,90,5432.68,60.36,31,1,27.8,1.111,3 - Watch
1897,95,4497.61,47.34,30,0,0.0,0.0,4 - Clean
1898,81,3537.31,43.67,36,0,0.0,0.0,4 - Clean
1899,83,4415.21,53.2,33,0,0.0,0.0,4 - Clean
1900,79,4371.64,55.34,32,0,0.0,0.0,4 - Clean
1901,83,4323.23,52.09,30,0,0.0,0.0,4 - Clean
1902,111,7022.74,63.27,45,3,774.9,2.703,2 - High
1903,95,4690.56,49.37,29,1,224.8,1.053,3 - Watch
1904,73,3673.15,50.32,29,0,0.0,0.0,4 - Clean
1905,97,5450.74,56.19,28,1,235.66,1.031,3 - Watch
1906,78,3438.45,44.08,31,0,0.0,0.0,4 - Clean
1907,78,3881.34,49.76,20,0,0.0,0.0,4 - Clean
1908,59,3172.84,53.78,24,0,0.0,0.0,4 - Clean
1909,73,3934.83,53.9,31,23,1224.16,31.507,1 - Critical
1910,76,2649.32,34.86,24,0,0.0,0.0,4 - Clean
1911,110,5917.98,53.8,36,0,0.0,0.0,4 - Clean
1912,97,5118.1,52.76,34,0,0.0,0.0,4 - Clean
1913,86,4401.29,51.18,32,1,222.45,1.163,3 - Watch
1914,91,4308.02,47.34,32,0,0.0,0.0,4 - Clean
1915,127,7095.46,55.87,25,0,0.0,0.0,4 - Clean
1916,135,6839.99,50.67,46,0,0.0,0.0,4 - Clean
1917,74,3445.16,46.56,30,0,0.0,0.0,4 - Clean
1918,76,3138.49,41.3,29,0,0.0,0.0,4 - Clean
1919,94,3773.12,40.14,26,0,0.0,0.0,4 - Clean
1920,82,5241.64,63.92,28,0,0.0,0.0,4 - Clean
1921,100,6338.49,63.38,38,30,1686.96,30.0,1 - Critical
1922,111,5167.34,46.55,37,0,0.0,0.0,4 - Clean
1923,101,5768.92,57.12,28,0,0.0,0.0,4 - Clean
1924,145,6485.97,44.73,41,0,0.0,0.0,4 - Clean
1925,91,4477.46,49.2,29,0,0.0,0.0,4 - Clean
1926,80,3999.7,50.0,29,0,0.0,0.0,4 - Clean
1927,100,6476.48,64.76,38,0,0.0,0.0,4 - Clean
1928,111,5504.04,49.59,36,0,0.0,0.0,4 - Clean
1929,100,5259.05,52.59,30,0,0.0,0.0,4 - Clean
1930,97,5254.33,54.17,34,0,0.0,0.0,4 - Clean
1931,62,4981.45,80.35,16,0,0.0,0.0,4 - Clean
1932,106,5670.85,53.5,32,1,143.1,0.943,3 - Watch
1933,89,5511.64,61.93,32,0,0.0,0.0,4 - Clean
1934,105,4805.31,45.76,31,0,0.0,0.0,4 - Clean
1935,82,4802.5,58.57,29,0,0.0,0.0,4 - Clean
1936,101,5605.91,55.5,31,0,0.0,0.0,4 - Clean
1937,106,5833.66,55.03,36,1,243.2,0.943,3 - Watch
1938,107,6174.47,57.71,37,0,0.0,0.0,4 - Clean
1939,94,3923.71,41.74,22,0,0.0,0.0,4 - Clean
1940,76,3734.83,49.14,24,0,0.0,0.0,4 - Clean
1941,63,3111.8,49.39,26,0,0.0,0.0,4 - Clean
1942,74,4061.0,54.88,28,0,0.0,0.0,4 - Clean
1943,59,3570.65,60.52,21,0,0.0,0.0,4 - Clean
1944,87,3490.04,40.12,28,0,0.0,0.0,4 - Clean
1945,81,4145.27,51.18,30,1,221.13,1.235,3 - Watch
1946,75,3900.29,52.0,25,0,0.0,0.0,4 - Clean
1947,105,5690.95,54.2,31,1,129.95,0.952,3 - Watch
1948,56,3539.7,63.21,22,0,0.0,0.0,4 - Clean
1949,68,3224.24,47.42,26,0,0.0,0.0,4 - Clean
1950,51,2195.45,43.05,19,0,0.0,0.0,4 - Clean
1951,92,5526.26,60.07,34,0,0.0,0.0,4 - Clean
1952,83,3980.46,47.96,30,0,0.0,0.0,4 - Clean
1953,84,3944.52,46.96,41,1,150.7,1.19,3 - Watch
1954,81,4496.36,55.51,26,0,0.0,0.0,4 - Clean
1955,100,5440.53,54.41,33,0,0.0,0.0,4 - Clean
1956,77,4195.91,54.49,30,0,0.0,0.0,4 - Clean
1957,109,5060.83,46.43,33,0,0.0,0.0,4 - Clean
1958,102,4478.23,43.9,38,0,0.0,0.0,4 - Clean
1959,62,3298.61,53.2,22,0,0.0,0.0,4 - Clean
1960,78,3386.07,43.41,32,0,0.0,0.0,4 - Clean
1961,103,5328.55,51.73,28,0,0.0,0.0,4 - Clean
1962,71,3596.87,50.66,25,0,0.0,0.0,4 - Clean
1963,87,3793.24,43.6,27,1,46.3,1.149,3 - Watch
1964,123,7217.94,58.68,33,0,0.0,0.0,4 - Clean
1965,88,4997.21,56.79,32,0,0.0,0.0,4 - Clean
1966,105,5033.75,47.94,34,0,0.0,0.0,4 - Clean
1967,90,4970.28,55.23,26,0,0.0,0.0,4 - Clean
1968,93,4915.54,52.86,27,0,0.0,0.0,4 - Clean
1969,103,5308.83,51.54,33,0,0.0,0.0,4 - Clean
1970,104,6051.1,58.18,32,2,269.8,1.923,3 - Watch
1971,106,6529.89,61.6,29,0,0.0,0.0,4 - Clean
1972,80,4166.52,52.08,32,0,0.0,0.0,4 - Clean
1973,89,3928.91,44.15,24,0,0.0,0.0,4 - Clean
1974,64,3375.86,52.75,23,1,87.6,1.562,3 - Watch
1975,60,2524.99,42.08,22,0,0.0,0.0,4 - Clean
1976,92,4873.48,52.97,32,0,0.0,0.0,4 - Clean
1977,72,4719.1,65.54,30,26,1718.31,36.111,1 - Critical
1978,81,4814.86,59.44,31,0,0.0,0.0,4 - Clean
1979,91,5242.42,57.61,35,0,0.0,0.0,4 - Clean
1980,82,4267.72,52.05,28,0,0.0,0.0,4 - Clean
1981,57,3704.96,65.0,14,4,920.16,7.018,1 - Critical
1982,72,4556.93,63.29,28,0,0.0,0.0,4 - Clean
1983,89,4581.39,51.48,24,0,0.0,0.0,4 - Clean
1984,66,3576.97,54.2,28,0,0.0,0.0,4 - Clean
1985,120,5601.93,46.68,39,1,150.35,0.833,3 - Watch
1986,85,5333.6,62.75,31,0,0.0,0.0,4 - Clean
1987,96,5590.98,58.24,33,0,0.0,0.0,4 - Clean
1988,88,3714.65,42.21,34,0,0.0,0.0,4 - Clean
1989,102,5244.33,51.42,30,0,0.0,0.0,4 - Clean
1990,61,2987.17,48.97,27,0,0.0,0.0,4 - Clean
1991,88,4868.98,55.33,32,0,0.0,0.0,4 - Clean
1992,106,5282.85,49.84,33,0,0.0,0.0,4 - Clean
1993,71,2771.16,39.03,27,0,0.0,0.0,4 - Clean
1994,85,4054.0,47.69,32,0,0.0,0.0,4 - Clean
1995,86,4658.4,54.17,30,0,0.0,0.0,4 - Clean
1996,88,4491.87,51.04,25,0,0.0,0.0,4 - Clean
1997,77,4448.09,57.77,24,0,0.0,0.0,4 - Clean
1998,73,3585.69,49.12,26,0,0.0,0.0,4 - Clean
1999,82,5738.25,69.98,28,1,248.12,1.22,3 - Watch
2000,74,3891.05,52.58,24,0,0.0,0.0,4 - Clean
2001,95,5643.07,59.4,31,1,275.6,1.053,3 - Watch
2002,120,5262.2,43.85,36,1,239.93,0.833,3 - Watch
2003,117,5210.06,44.53,33,0,0.0,0.0,4 - Clean
2004,85,4025.19,47.36,27,0,0.0,0.0,4 - Clean
2005,83,3496.39,42.13,25,0,0.0,0.0,4 - Clean
2006,66,4044.01,61.27,25,0,0.0,0.0,4 - Clean
2007,86,5593.01,65.04,30,18,1443.9,20.93,1 - Critical
2008,83,5393.61,64.98,25,0,0.0,0.0,4 - Clean
2009,83,4444.91,53.55,33,0,0.0,0.0,4 - Clean
2010,78,3934.64,50.44,32,0,0.0,0.0,4 - Clean
2011,65,2550.35,39.24,24,0,0.0,0.0,4 - Clean
2012,80,3760.37,47.0,29,0,0.0,0.0,4 - Clean
2013,61,3308.69,54.24,26,0,0.0,0.0,4 - Clean
2014,79,4545.39,57.54,27,0,0.0,0.0,4 - Clean
2015,109,5705.28,52.34,33,0,0.0,0.0,4 - Clean
2016,59,3032.62,51.4,26,0,0.0,0.0,4 - Clean
2017,96,4635.72,48.29,33,0,0.0,0.0,4 - Clean
2018,65,3818.8,58.75,24,0,0.0,0.0,4 - Clean
2019,84,4912.85,58.49,27,0,0.0,0.0,4 - Clean
2020,88,5010.87,56.94,20,0,0.0,0.0,4 - Clean
2021,132,7633.99,57.83,37,1,349.9,0.758,3 - Watch
2022,72,3253.67,45.19,20,0,0.0,0.0,4 - Clean
2023,77,3616.58,46.97,25,0,0.0,0.0,4 - Clean
2024,54,2283.75,42.29,21,0,0.0,0.0,4 - Clean
2025,103,6101.16,59.23,35,0,0.0,0.0,4 - Clean
2026,79,6024.49,76.26,28,0,0.0,0.0,4 - Clean
2027,76,4435.31,58.36,25,2,553.65,2.632,2 - High
2028,72,4166.58,57.87,20,0,0.0,0.0,4 - Clean
2029,90,4615.45,51.28,34,0,0.0,0.0,4 - Clean
2030,118,6176.94,52.35,37,0,0.0,0.0,4 - Clean
2031,50,3227.01,64.54,22,0,0.0,0.0,4 - Clean
2032,84,5194.52,61.84,34,0,0.0,0.0,4 - Clean
2033,94,5952.61,63.33,28,1,900.05,1.064,3 - Watch
2034,92,4956.8,53.88,28,0,0.0,0.0,4 - Clean
2035,85,3413.18,40.16,31,0,0.0,0.0,4 - Clean
2036,93,5366.92,57.71,31,2,522.2,2.151,2 - High
2037,105,5069.95,48.29,33,37,1775.3,35.238,1 - Critical
2038,58,2719.02,46.88,22,1,143.9,1.724,3 - Watch
2039,96,4544.82,47.34,31,0,0.0,0.0,4 - Clean
2040,79,5648.98,71.51,29,1,307.4,1.266,3 - Watch
2041,108,4875.15,45.14,35,0,0.0,0.0,4 - Clean
2042,107,5494.93,51.35,37,0,0.0,0.0,4 - Clean
2043,79,3593.41,45.49,31,0,0.0,0.0,4 - Clean
2044,59,3245.66,55.01,27,0,0.0,0.0,4 - Clean
2045,99,5172.28,52.25,29,0,0.0,0.0,4 - Clean
2046,102,5596.17,54.86,34,0,0.0,0.0,4 - Clean
2047,72,3472.57,48.23,23,0,0.0,0.0,4 - Clean
2048,73,4192.61,57.43,27,0,0.0,0.0,4 - Clean
2049,88,4158.31,47.25,27,0,0.0,0.0,4 - Clean
2050,54,3096.72,57.35,21,5,306.71,9.259,1 - Critical
2051,86,4174.05,48.54,29,0,0.0,0.0,4 - Clean
2052,93,5215.64,56.08,31,0,0.0,0.0,4 - Clean
2053,60,2609.83,43.5,21,1,71.5,1.667,3 - Watch
2054,64,3163.42,49.43,26,0,0.0,0.0,4 - Clean
2055,85,3993.47,46.98,29,0,0.0,0.0,4 - Clean
2056,89,5132.67,57.67,30,0,0.0,0.0,4 - Clean
2057,80,4969.82,62.12,30,0,0.0,0.0,4 - Clean
2058,91,5275.22,57.97,33,0,0.0,0.0,4 - Clean
2059,64,3345.4,52.27,28,0,0.0,0.0,4 - Clean
2060,84,5015.67,59.71,33,0,0.0,0.0,4 - Clean
2061,92,5649.44,61.41,35,1,263.45,1.087,3 - Watch
2062,68,3758.24,55.27,22,0,0.0,0.0,4 - Clean
2063,87,4720.09,54.25,29,1,229.97,1.149,3 - Watch
2064,67,3979.63,59.4,27,0,0.0,0.0,4 - Clean
2065,76,3966.24,52.19,27,0,0.0,0.0,4 - Clean
2066,77,3541.96,46.0,27,0,0.0,0.0,4 - Clean
2067,98,5159.81,52.65,32,0,0.0,0.0,4 - Clean
2068,105,4688.57,44.65,37,0,0.0,0.0,4 - Clean
2069,126,7540.51,59.85,37,3,996.55,2.381,2 - High
2070,55,3298.71,59.98,21,1,423.9,1.818,3 - Watch
2071,93,4688.3,50.41,30,0,0.0,0.0,4 - Clean
2072,84,4242.36,50.5,27,0,0.0,0.0,4 - Clean
2073,67,2992.64,44.67,27,0,0.0,0.0,4 - Clean
2074,88,4778.44,54.3,33,0,0.0,0.0,4 - Clean
2075,91,4293.63,47.18,33,0,0.0,0.0,4 - Clean
2076,74,3993.83,53.97,25,0,0.0,0.0,4 - Clean
2077,82,3872.94,47.23,27,23,1149.69,28.049,1 - Critical
2078,70,4201.7,60.02,28,0,0.0,0.0,4 - Clean
2079,89,4151.7,46.65,22,0,0.0,0.0,4 - Clean
2080,89,5089.48,57.19,26,1,227.35,1.124,3 - Watch
2081,76,4829.4,63.54,27,1,440.1,1.316,3 - Watch
2082,70,4291.72,61.31,29,27,1585.68,38.571,1 - Critical
2083,93,5419.73,58.28,30,0,0.0,0.0,4 - Clean
2084,93,4725.6,50.81,30,0,0.0,0.0,4 - Clean
2085,98,5238.8,53.46,32,0,0.0,0.0,4 - Clean
2086,68,3875.48,56.99,21,0,0.0,0.0,4 - Clean
2087,91,4611.55,50.68,31,1,53.25,1.099,3 - Watch
2088,79,4396.98,55.66,27,0,0.0,0.0,4 - Clean
2089,69,4601.38,66.69,20,0,0.0,0.0,4 - Clean
2090,82,4765.35,58.11,33,1,525.7,1.22,3 - Watch
2091,99,5291.34,53.45,33,1,736.9,1.01,3 - Watch
2092,93,5030.24,54.09,34,1,54.45,1.075,3 - Watch
2093,122,7113.32,58.31,33,0,0.0,0.0,4 - Clean
2094,79,4296.52,54.39,25,0,0.0,0.0,4 - Clean
2095,113,6708.03,59.36,30,0,0.0,0.0,4 - Clean
2096,52,2486.64,47.82,16,0,0.0,0.0,4 - Clean
2097,81,4898.18,60.47,26,1,118.2,1.235,3 - Watch
2098,65,2341.82,36.03,25,0,0.0,0.0,4 - Clean
2099,69,3708.06,53.74,27,0,0.0,0.0,4 - Clean
2100,121,7402.48,61.18,33,0,0.0,0.0,4 - Clean
2101,93,4216.64,45.34,27,0,0.0,0.0,4 - Clean
2102,103,5709.47,55.43,33,0,0.0,0.0,4 - Clean
2103,77,3462.72,44.97,28,1,163.25,1.299,3 - Watch
2104,41,2375.21,57.93,17,1,80.3,2.439,2 - High
2105,80,4662.18,58.28,29,0,0.0,0.0,4 - Clean
2106,107,5866.17,54.82,34,0,0.0,0.0,4 - Clean
2107,77,3841.02,49.88,28,0,0.0,0.0,4 - Clean
2108,132,6932.36,52.52,27,0,0.0,0.0,4 - Clean
2109,125,8247.58,65.98,42,1,635.2,0.8,3 - Watch
2110,86,5160.09,60.0,32,0,0.0,0.0,4 - Clean
2111,110,5655.85,51.42,34,0,0.0,0.0,4 - Clean
2112,87,5011.83,57.61,31,0,0.0,0.0,4 - Clean
2113,71,3770.81,53.11,21,0,0.0,0.0,4 - Clean
2114,53,3027.58,57.12,14,0,0.0,0.0,4 - Clean
2115,104,5434.49,52.25,31,0,0.0,0.0,4 - Clean
2116,87,5726.74,65.82,32,0,0.0,0.0,4 - Clean
2117,104,6090.6,58.56,38,0,0.0,0.0,4 - Clean
2118,92,5392.35,58.61,29,0,0.0,0.0,4 - Clean
2119,57,2234.96,39.21,18,0,0.0,0.0,4 - Clean
2120,85,3392.79,39.92,29,0,0.0,0.0,4 - Clean
2121,67,2909.47,43.42,29,0,0.0,0.0,4 - Clean
2122,132,7281.56,55.16,39,0,0.0,0.0,4 - Clean
2123,95,7120.44,74.95,30,2,695.15,2.105,2 - High
2124,122,7908.04,64.82,37,1,568.4,0.82,3 - Watch
2125,78,4572.6,58.62,29,0,0.0,0.0,4 - Clean
2126,112,5201.5,46.44,39,0,0.0,0.0,4 - Clean
2127,53,3075.42,58.03,16,0,0.0,0.0,4 - Clean
2128,66,4187.0,63.44,28,0,0.0,0.0,4 - Clean
2129,107,4318.09,40.36,39,0,0.0,0.0,4 - Clean
2130,79,4578.13,57.95,29,1,400.05,1.266,3 - Watch
2131,91,5230.21,57.47,30,0,0.0,0.0,4 - Clean
2132,113,5470.35,48.41,39,0,0.0,0.0,4 - Clean
2133,82,3999.77,48.78,28,1,286.4,1.22,3 - Watch
2134,69,3631.92,52.64,26,0,0.0,0.0,4 - Clean
2135,75,4262.08,56.83,28,0,0.0,0.0,4 - Clean
2136,70,3259.24,46.56,26,0,0.0,0.0,4 - Clean
2137,68,4006.86,58.92,27,0,0.0,0.0,4 - Clean
2138,77,3829.1,49.73,26,0,0.0,0.0,4 - Clean
2139,60,2472.86,41.21,20,0,0.0,0.0,4 - Clean
2140,91,3890.66,42.75,28,0,0.0,0.0,4 - Clean
2141,44,2250.75,51.15,20,0,0.0,0.0,4 - Clean
2142,76,5115.19,67.31,27,1,228.76,1.316,3 - Watch
2143,107,5266.52,49.22,34,0,0.0,0.0,4 - Clean
2144,44,1806.29,41.05,13,0,0.0,0.0,4 - Clean
2145,79,3375.53,42.73,28,0,0.0,0.0,4 - Clean
2146,69,4091.02,59.29,25,0,0.0,0.0,4 - Clean
2147,50,2940.31,58.81,25,0,0.0,0.0,4 - Clean
2148,89,4774.39,53.64,31,0,0.0,0.0,4 - Clean
2149,94,5089.22,54.14,24,0,0.0,0.0,4 - Clean
2150,71,3345.0,47.11,25,0,0.0,0.0,4 - Clean
2151,81,4293.06,53.0,18,0,0.0,0.0,4 - Clean
2152,48,3048.45,63.51,20,0,0.0,0.0,4 - Clean
2153,58,3012.49,51.94,26,0,0.0,0.0,4 - Clean
2154,101,5225.02,51.73,38,0,0.0,0.0,4 - Clean
2155,85,4635.45,54.53,32,0,0.0,0.0,4 - Clean
2156,71,3534.19,49.78,23,0,0.0,0.0,4 - Clean
2157,109,4743.22,43.52,20,0,0.0,0.0,4 - Clean
2158,99,4721.24,47.69,35,0,0.0,0.0,4 - Clean
2159,99,6050.71,61.12,24,0,0.0,0.0,4 - Clean
2160,95,4875.5,51.32,37,0,0.0,0.0,4 - Clean
2161,78,3940.68,50.52,24,0,0.0,0.0,4 - Clean
2162,79,4043.32,51.18,30,1,215.4,1.266,3 - Watch
2163,79,4338.29,54.92,24,0,0.0,0.0,4 - Clean
2164,107,5838.25,54.56,37,0,0.0,0.0,4 - Clean
2165,99,6345.55,64.1,36,0,0.0,0.0,4 - Clean
2166,132,6694.81,50.72,39,1,374.85,0.758,3 - Watch
2167,99,5546.18,56.02,34,0,0.0,0.0,4 - Clean
2168,113,6818.47,60.34,44,2,755.0,1.77,3 - Watch
2169,80,4033.52,50.42,28,0,0.0,0.0,4 - Clean
2170,121,7415.54,61.29,35,0,0.0,0.0,4 - Clean
2171,80,4170.67,52.13,32,0,0.0,0.0,4 - Clean
2172,89,5059.45,56.85,29,0,0.0,0.0,4 - Clean
2173,59,2763.83,46.84,27,0,0.0,0.0,4 - Clean
2174,128,5216.75,40.76,40,0,0.0,0.0,4 - Clean
2175,118,6610.84,56.02,36,0,0.0,0.0,4 - Clean
2176,78,3971.93,50.92,35,0,0.0,0.0,4 - Clean
2177,78,3940.49,50.52,23,0,0.0,0.0,4 - Clean
2178,90,5098.25,56.65,35,0,0.0,0.0,4 - Clean
2179,66,4030.83,61.07,17,0,0.0,0.0,4 - Clean
2180,115,6641.69,57.75,31,1,379.35,0.87,3 - Watch
2181,83,5290.14,63.74,21,0,0.0,0.0,4 - Clean
2182,91,6080.66,66.82,28,2,431.85,2.198,2 - High
2183,91,5097.66,56.02,28,1,224.22,1.099,3 - Watch
2184,88,4246.73,48.26,31,0,0.0,0.0,4 - Clean
2185,115,5665.02,49.26,35,0,0.0,0.0,4 - Clean
2186,88,5285.25,60.06,30,0,0.0,0.0,4 - Clean
2187,81,4439.23,54.81,30,0,0.0,0.0,4 - Clean
2188,102,5436.0,53.29,27,0,0.0,0.0,4 - Clean
2189,67,4066.34,60.69,29,0,0.0,0.0,4 - Clean
2190,92,5752.39,62.53,32,0,0.0,0.0,4 - Clean
2191,99,4871.04,49.2,34,0,0.0,0.0,4 - Clean
2192,76,4109.9,54.08,30,0,0.0,0.0,4 - Clean
2193,89,4337.6,48.74,31,0,0.0,0.0,4 - Clean
2194,82,4470.03,54.51,26,0,0.0,0.0,4 - Clean
2195,58,3050.89,52.6,21,0,0.0,0.0,4 - Clean
2196,152,8206.11,53.99,42,0,0.0,0.0,4 - Clean
2197,106,5058.39,47.72,29,27,1288.62,25.472,1 - Critical
2198,93,4097.93,44.06,32,0,0.0,0.0,4 - Clean
2199,106,4850.08,45.76,32,0,0.0,0.0,4 - Clean
2200,83,4602.8,55.46,25,0,0.0,0.0,4 - Clean
2201,110,6871.67,62.47,40,1,175.8,0.909,3 - Watch
2202,72,4066.17,56.47,30,0,0.0,0.0,4 - Clean
2203,70,3365.28,48.08,27,0,0.0,0.0,4 - Clean
2204,83,4293.76,51.73,26,0,0.0,0.0,4 - Clean
2205,65,3478.44,53.51,27,1,265.6,1.538,3 - Watch
2206,34,1825.83,53.7,12,0,0.0,0.0,4 - Clean
2207,108,6373.99,59.02,32,0,0.0,0.0,4 - Clean
2208,86,5042.91,58.64,26,1,409.6,1.163,3 - Watch
2209,73,3189.83,43.7,26,0,0.0,0.0,4 - Clean
2210,138,6391.15,46.31,48,0,0.0,0.0,4 - Clean
2211,72,3179.0,44.15,23,0,0.0,0.0,4 - Clean
2212,74,4502.81,60.85,32,0,0.0,0.0,4 - Clean
2213,51,2701.21,52.96,22,0,0.0,0.0,4 - Clean
2214,102,4186.15,41.04,38,0,0.0,0.0,4 - Clean
2215,71,4142.1,58.34,16,0,0.0,0.0,4 - Clean
2216,84,4414.82,52.56,34,0,0.0,0.0,4 - Clean
2217,70,3813.9,54.48,22,0,0.0,0.0,4 - Clean
2218,70,2922.18,41.75,20,0,0.0,0.0,4 - Clean
2219,83,4671.75,56.29,23,0,0.0,0.0,4 - Clean
2220,96,5117.56,53.31,34,1,232.46,1.042,3 - Watch
2221,113,7029.91,62.21,33,0,0.0,0.0,4 - Clean
2222,96,5158.98,53.74,31,0,0.0,0.0,4 - Clean
2223,85,4523.19,53.21,18,0,0.0,0.0,4 - Clean
2224,89,3974.43,44.66,32,0,0.0,0.0,4 - Clean
2225,119,6086.18,51.14,37,0,0.0,0.0,4 - Clean
2226,81,4050.68,50.01,31,0,0.0,0.0,4 - Clean
2227,60,3166.77,52.78,20,0,0.0,0.0,4 - Clean
2228,87,4103.69,47.17,35,0,0.0,0.0,4 - Clean
2229,69,3452.91,50.04,22,0,0.0,0.0,4 - Clean
2230,71,4762.09,67.07,26,0,0.0,0.0,4 - Clean
2231,60,3400.17,56.67,21,0,0.0,0.0,4 - Clean
2232,86,4168.92,48.48,31,1,343.15,1.163,3 - Watch
2233,85,4383.72,51.57,29,0,0.0,0.0,4 - Clean
2234,97,5616.32,57.9,34,0,0.0,0.0,4 - Clean
2235,80,3786.14,47.33,27,1,235.36,1.25,3 - Watch
2236,81,4537.27,56.02,29,1,222.19,1.235,3 - Watch
2237,141,6339.84,44.96,41,0,0.0,0.0,4 - Clean
2238,97,6049.41,62.37,27,0,0.0,0.0,4 - Clean
2239,54,2492.29,46.15,21,0,0.0,0.0,4 - Clean
2240,88,5011.63,56.95,29,0,0.0,0.0,4 - Clean
2241,110,5185.81,47.14,38,0,0.0,0.0,4 - Clean
2242,104,3742.55,35.99,34,0,0.0,0.0,4 - Clean
2243,86,3713.2,43.18,29,0,0.0,0.0,4 - Clean
2244,63,3017.01,47.89,26,1,461.15,1.587,3 - Watch
2245,90,5577.05,61.97,29,0,0.0,0.0,4 - Clean
2246,66,3672.16,55.64,29,0,0.0,0.0,4 - Clean
2247,100,4496.21,44.96,31,0,0.0,0.0,4 - Clean
2248,108,6126.13,56.72,29,1,403.35,0.926,3 - Watch
2249,56,3256.88,58.16,16,0,0.0,0.0,4 - Clean
2250,91,3951.5,43.42,28,0,0.0,0.0,4 - Clean
2251,87,4568.23,52.51,28,0,0.0,0.0,4 - Clean
2252,93,6096.33,65.55,31,1,447.6,1.075,3 - Watch
2253,87,5675.88,65.24,27,0,0.0,0.0,4 - Clean
2254,131,6871.43,52.45,38,2,288.1,1.527,3 - Watch
2255,111,5917.32,53.31,38,0,0.0,0.0,4 - Clean
2256,103,5426.9,52.69,30,0,0.0,0.0,4 - Clean
2257,88,4226.82,48.03,27,0,0.0,0.0,4 - Clean
2258,151,7978.0,52.83,44,0,0.0,0.0,4 - Clean
2259,93,5218.18,56.11,26,0,0.0,0.0,4 - Clean
2260,81,4510.0,55.68,31,0,0.0,0.0,4 - Clean
2261,78,4582.18,58.75,31,0,0.0,0.0,4 - Clean
2262,93,5064.91,54.46,34,0,0.0,0.0,4 - Clean
2263,57,2606.19,45.72,14,0,0.0,0.0,4 - Clean
2264,86,3925.3,45.64,31,0,0.0,0.0,4 - Clean
2265,103,6256.97,60.75,26,1,56.35,0.971,3 - Watch
2266,84,4358.96,51.89,33,0,0.0,0.0,4 - Clean
2267,110,6329.28,57.54,32,0,0.0,0.0,4 - Clean
2268,97,4049.25,41.74,35,0,0.0,0.0,4 - Clean
2269,100,4566.48,45.66,38,0,0.0,0.0,4 - Clean
2270,93,4720.13,50.75,32,0,0.0,0.0,4 - Clean
2271,96,3400.65,35.42,32,0,0.0,0.0,4 - Clean
2272,94,5082.04,54.06,32,0,0.0,0.0,4 - Clean
2273,51,3459.5,67.83,23,0,0.0,0.0,4 - Clean
2274,90,3997.01,44.41,26,0,0.0,0.0,4 - Clean
2275,70,3797.98,54.26,25,0,0.0,0.0,4 - Clean
2276,43,2434.19,56.61,19,0,0.0,0.0,4 - Clean
2277,111,4889.19,44.05,37,0,0.0,0.0,4 - Clean
2278,115,6360.43,55.31,39,0,0.0,0.0,4 - Clean
2279,104,5434.32,52.25,40,0,0.0,0.0,4 - Clean
2280,103,6215.05,60.34,36,0,0.0,0.0,4 - Clean
2281,92,4956.46,53.87,34,0,0.0,0.0,4 - Clean
2282,52,2392.28,46.01,21,0,0.0,0.0,4 - Clean
2283,100,5036.21,50.36,29,0,0.0,0.0,4 - Clean
2284,106,6365.52,60.05,38,2,684.58,1.887,3 - Watch
2285,92,3989.64,43.37,28,0,0.0,0.0,4 - Clean
2286,112,6369.88,56.87,36,0,0.0,0.0,4 - Clean
2287,81,4694.16,57.95,25,0,0.0,0.0,4 - Clean
2288,80,5153.41,64.42,30,0,0.0,0.0,4 - Clean
2289,83,4370.88,52.66,27,1,226.34,1.205,3 - Watch
2290,85,4491.26,52.84,31,1,7.8,1.176,3 - Watch
2291,70,3701.47,52.88,31,0,0.0,0.0,4 - Clean
2292,97,5621.99,57.96,42,0,0.0,0.0,4 - Clean
2293,74,4085.03,55.2,23,29,1754.07,39.189,1 - Critical
2294,142,6233.39,43.9,43,0,0.0,0.0,4 - Clean
2295,102,5675.87,55.65,38,0,0.0,0.0,4 - Clean
2296,73,3600.38,49.32,24,1,70.6,1.37,3 - Watch
2297,69,3400.76,49.29,30,0,0.0,0.0,4 - Clean
2298,100,4330.92,43.31,29,0,0.0,0.0,4 - Clean
2299,58,2955.14,50.95,25,1,228.75,1.724,3 - Watch
2300,109,5486.28,50.33,34,0,0.0,0.0,4 - Clean
2301,68,3937.78,57.91,24,1,38.5,1.471,3 - Watch
2302,76,4259.86,56.05,27,0,0.0,0.0,4 - Clean
2303,100,6064.18,60.64,33,1,400.05,1.0,3 - Watch
2304,68,3744.3,55.06,27,1,157.25,1.471,3 - Watch
2305,92,5143.06,55.9,27,0,0.0,0.0,4 - Clean
2306,81,4063.3,50.16,28,0,0.0,0.0,4 - Clean
2307,80,5157.04,64.46,31,0,0.0,0.0,4 - Clean
2308,102,5545.39,54.37,36,0,0.0,0.0,4 - Clean
2309,82,4827.93,58.88,31,0,0.0,0.0,4 - Clean
2310,68,3957.14,58.19,26,1,228.13,1.471,3 - Watch
2311,152,6527.28,42.94,37,0,0.0,0.0,4 - Clean
2312,103,5156.03,50.06,31,0,0.0,0.0,4 - Clean
2313,118,5743.74,48.68,35,1,87.1,0.847,3 - Watch
2314,77,3821.02,49.62,26,0,0.0,0.0,4 - Clean
2315,115,4991.22,43.4,33,0,0.0,0.0,4 - Clean
2316,82,5193.38,63.33,20,0,0.0,0.0,4 - Clean
2317,91,4411.61,48.48,31,0,0.0,0.0,4 - Clean
2318,93,5447.77,58.58,37,1,634.25,1.075,3 - Watch
2319,104,4505.31,43.32,40,0,0.0,0.0,4 - Clean
2320,59,3411.87,57.83,16,0,0.0,0.0,4 - Clean
2321,68,3157.77,46.44,21,0,0.0,0.0,4 - Clean
2322,89,4958.83,55.72,34,0,0.0,0.0,4 - Clean
2323,67,3062.84,45.71,25,0,0.0,0.0,4 - Clean
2324,76,4171.97,54.89,30,0,0.0,0.0,4 - Clean
2325,56,3130.1,55.89,21,0,0.0,0.0,4 - Clean
2326,65,3968.87,61.06,17,0,0.0,0.0,4 - Clean
2327,95,5196.23,54.7,32,0,0.0,0.0,4 - Clean
2328,116,6977.88,60.15,31,0,0.0,0.0,4 - Clean
2329,105,4005.11,38.14,34,0,0.0,0.0,4 - Clean
2330,77,3684.37,47.85,28,0,0.0,0.0,4 - Clean
2331,67,3735.44,55.75,17,0,0.0,0.0,4 - Clean
2332,93,5073.68,54.56,29,0,0.0,0.0,4 - Clean
2333,159,8029.25,50.5,49,0,0.0,0.0,4 - Clean
2334,81,4610.6,56.92,31,0,0.0,0.0,4 - Clean
2335,67,3450.18,51.5,26,0,0.0,0.0,4 - Clean
2336,133,6753.66,50.78,36,0,0.0,0.0,4 - Clean
2337,84,5177.09,61.63,28,0,0.0,0.0,4 - Clean
2338,107,5683.12,53.11,37,0,0.0,0.0,4 - Clean
2339,95,6122.62,64.45,29,0,0.0,0.0,4 - Clean
2340,64,3753.19,58.64,27,0,0.0,0.0,4 - Clean
2341,69,3679.1,53.32,28,0,0.0,0.0,4 - Clean
2342,113,6211.29,54.97,27,0,0.0,0.0,4 - Clean
2343,94,4526.81,48.16,32,0,0.0,0.0,4 - Clean
2344,54,2421.24,44.84,22,0,0.0,0.0,4 - Clean
2345,95,4260.35,44.85,28,1,87.75,1.053,3 - Watch
2346,89,4393.42,49.36,31,0,0.0,0.0,4 - Clean
2347,50,2221.03,44.42,24,0,0.0,0.0,4 - Clean
2348,86,4620.58,53.73,31,0,0.0,0.0,4 - Clean
2349,102,5614.11,55.04,33,0,0.0,0.0,4 - Clean
2350,106,5502.3,51.91,35,0,0.0,0.0,4 - Clean
2351,113,5367.53,47.5,37,0,0.0,0.0,4 - Clean
2352,58,4291.39,73.99,24,0,0.0,0.0,4 - Clean
2353,66,3430.74,51.98,26,8,216.94,12.121,1 - Critical
2354,96,5673.67,59.1,34,0,0.0,0.0,4 - Clean
2355,105,6000.56,57.15,33,0,0.0,0.0,4 - Clean
2356,82,4444.27,54.2,34,0,0.0,0.0,4 - Clean
2357,101,5799.25,57.42,26,0,0.0,0.0,4 - Clean
2358,77,4433.18,57.57,27,0,0.0,0.0,4 - Clean
2359,75,5498.26,73.31,31,1,683.35,1.333,3 - Watch
2360,61,3545.91,58.13,21,0,0.0,0.0,4 - Clean
2361,69,2774.6,40.21,23,0,0.0,0.0,4 - Clean
2362,97,4517.92,46.58,27,0,0.0,0.0,4 - Clean
2363,107,5724.61,53.5,35,0,0.0,0.0,4 - Clean
2364,56,2896.7,51.73,20,0,0.0,0.0,4 - Clean
2365,68,3351.09,49.28,22,0,0.0,0.0,4 - Clean
2366,85,4551.18,53.54,29,0,0.0,0.0,4 - Clean
2367,95,5315.21,55.95,27,0,0.0,0.0,4 - Clean
2368,67,4330.93,64.64,21,0,0.0,0.0,4 - Clean
2369,85,4336.42,51.02,32,0,0.0,0.0,4 - Clean
2370,99,5794.57,58.53,30,1,231.69,1.01,3 - Watch
2371,108,6328.2,58.59,40,0,0.0,0.0,4 - Clean
2372,83,4834.03,58.24,35,0,0.0,0.0,4 - Clean
2373,83,4308.38,51.91,33,0,0.0,0.0,4 - Clean
2374,106,5546.6,52.33,29,0,0.0,0.0,4 - Clean
2375,79,4439.42,56.2,30,0,0.0,0.0,4 - Clean
2376,59,3326.37,56.38,22,0,0.0,0.0,4 - Clean
2377,131,6203.83,47.36,34,1,244.13,0.763,3 - Watch
2378,103,4730.76,45.93,37,0,0.0,0.0,4 - Clean
2379,79,3785.73,47.92,24,0,0.0,0.0,4 - Clean
2380,82,3766.06,45.93,27,0,0.0,0.0,4 - Clean
2381,81,4837.71,59.72,34,0,0.0,0.0,4 - Clean
2382,74,3776.67,51.04,27,0,0.0,0.0,4 - Clean
2383,67,4276.31,63.83,27,1,7.4,1.493,3 - Watch
2384,74,4478.7,60.52,27,0,0.0,0.0,4 - Clean
2385,72,3279.34,45.55,28,0,0.0,0.0,4 - Clean
2386,129,6607.07,51.22,29,0,0.0,0.0,4 - Clean
2387,99,5208.59,52.61,32,0,0.0,0.0,4 - Clean
2388,82,3919.76,47.8,31,0,0.0,0.0,4 - Clean
2389,87,4684.0,53.84,26,0,0.0,0.0,4 - Clean
2390,50,3102.53,62.05,22,13,920.93,26.0,1 - Critical
2391,54,2852.18,52.82,18,0,0.0,0.0,4 - Clean
2392,126,7146.38,56.72,41,0,0.0,0.0,4 - Clean
2393,64,4035.35,63.05,27,0,0.0,0.0,4 - Clean
2394,103,5299.91,51.46,34,1,403.0,0.971,3 - Watch
2395,112,6492.67,57.97,33,0,0.0,0.0,4 - Clean
2396,82,4444.54,54.2,30,0,0.0,0.0,4 - Clean
2397,85,5412.79,63.68,34,1,221.11,1.176,3 - Watch
2398,114,7018.48,61.57,37,0,0.0,0.0,4 - Clean
2399,79,4673.22,59.15,29,0,0.0,0.0,4 - Clean
2400,51,2343.31,45.95,22,0,0.0,0.0,4 - Clean
2401,78,4540.48,58.21,31,0,0.0,0.0,4 - Clean
2402,75,4626.66,61.69,30,1,288.4,1.333,3 - Watch
2403,104,6256.1,60.15,29,2,489.6,1.923,3 - Watch
2404,76,3972.37,52.27,29,0,0.0,0.0,4 - Clean
2405,102,4688.37,45.96,32,0,0.0,0.0,4 - Clean
2406,44,1681.61,38.22,20,0,0.0,0.0,4 - Clean
2407,60,2483.33,41.39,21,0,0.0,0.0,4 - Clean
2408,97,4357.34,44.92,33,0,0.0,0.0,4 - Clean
2409,49,2316.77,47.28,11,1,93.65,2.041,2 - High
2410,91,4486.87,49.31,27,2,437.2,2.198,2 - High
2411,107,4138.87,38.68,29,0,0.0,0.0,4 - Clean
2412,97,4777.66,49.25,32,0,0.0,0.0,4 - Clean
2413,115,6190.14,53.83,39,0,0.0,0.0,4 - Clean
2414,100,5715.11,57.15,31,1,295.85,1.0,3 - Watch
2415,83,5319.41,64.09,29,1,108.6,1.205,3 - Watch
2416,62,3119.11,50.31,22,0,0.0,0.0,4 - Clean
2417,80,3888.59,48.61,34,1,221.79,1.25,3 - Watch
2418,65,3330.09,51.23,22,0,0.0,0.0,4 - Clean
2419,68,3644.98,53.6,26,0,0.0,0.0,4 - Clean
2420,116,6207.31,53.51,35,1,243.7,0.862,3 - Watch
2421,77,4657.41,60.49,29,1,149.95,1.299,3 - Watch
2422,131,5781.57,44.13,40,0,0.0,0.0,4 - Clean
2423,65,3432.48,52.81,24,0,0.0,0.0,4 - Clean
2424,89,4683.37,52.62,32,0,0.0,0.0,4 - Clean
2425,145,8380.5,57.8,38,0,0.0,0.0,4 - Clean
2426,123,6841.94,55.63,38,1,257.54,0.813,3 - Watch
2427,95,5180.52,54.53,29,0,0.0,0.0,4 - Clean
2428,78,4583.36,58.76,31,0,0.0,0.0,4 - Clean
2429,124,6411.59,51.71,34,0,0.0,0.0,4 - Clean
2430,98,4927.37,50.28,29,0,0.0,0.0,4 - Clean
2431,62,3485.25,56.21,24,0,0.0,0.0,4 - Clean
2432,90,5829.5,64.77,24,0,0.0,0.0,4 - Clean
2433,94,5485.33,58.35,32,1,323.65,1.064,3 - Watch
2434,115,8237.73,71.63,41,1,45.6,0.87,3 - Watch
2435,70,3442.2,49.17,29,0,0.0,0.0,4 - Clean
2436,75,3711.02,49.48,25,0,0.0,0.0,4 - Clean
2437,79,4039.54,51.13,28,0,0.0,0.0,4 - Clean
2438,105,6072.75,57.84,33,0,0.0,0.0,4 - Clean
2439,111,4814.69,43.38,32,2,268.3,1.802,3 - Watch
2440,103,5558.52,53.97,35,0,0.0,0.0,4 - Clean
2441,130,6857.35,52.75,40,0,0.0,0.0,4 - Clean
2442,118,6104.26,51.73,34,0,0.0,0.0,4 - Clean
2443,65,3953.71,60.83,24,0,0.0,0.0,4 - Clean
2444,71,4281.88,60.31,26,1,22.9,1.408,3 - Watch
2445,82,3833.47,46.75,27,0,0.0,0.0,4 - Clean
2446,60,2391.95,39.87,14,0,0.0,0.0,4 - Clean
2447,88,4415.33,50.17,30,1,39.1,1.136,3 - Watch
2448,123,7082.18,57.58,36,1,358.0,0.813,3 - Watch
2449,42,1727.95,41.14,9,0,0.0,0.0,4 - Clean
2450,73,3353.07,45.93,29,0,0.0,0.0,4 - Clean
2451,51,3621.41,71.01,28,1,709.55,1.961,3 - Watch
2452,40,1901.01,47.53,14,0,0.0,0.0,4 - Clean
2453,74,3441.41,46.51,34,0,0.0,0.0,4 - Clean
2454,122,5797.99,47.52,39,0,0.0,0.0,4 - Clean
2455,75,3868.25,51.58,30,1,385.6,1.333,3 - Watch
2456,76,4185.59,55.07,19,0,0.0,0.0,4 - Clean
2457,92,4933.58,53.63,30,7,415.7,7.609,1 - Critical
2458,83,4779.56,57.59,27,0,0.0,0.0,4 - Clean
2459,79,4502.7,57.0,28,1,409.4,1.266,3 - Watch
2460,95,3949.22,41.57,31,0,0.0,0.0,4 - Clean
2461,98,5028.65,51.31,37,1,247.9,1.02,3 - Watch
2462,97,5281.97,54.45,28,1,7.8,1.031,3 - Watch
2463,124,7295.27,58.83,38,2,606.1,1.613,3 - Watch
2464,119,6940.41,58.32,34,0,0.0,0.0,4 - Clean
2465,66,4039.85,61.21,27,1,233.74,1.515,3 - Watch
2466,104,4516.27,43.43,36,0,0.0,0.0,4 - Clean
2467,79,3009.71,38.1,27,0,0.0,0.0,4 - Clean
2468,119,6463.52,54.32,36,0,0.0,0.0,4 - Clean
2469,73,3965.6,54.32,22,0,0.0,0.0,4 - Clean
2470,115,5654.28,49.17,35,0,0.0,0.0,4 - Clean
2471,123,7173.61,58.32,36,0,0.0,0.0,4 - Clean
2472,108,4908.45,45.45,33,0,0.0,0.0,4 - Clean
2473,68,4960.92,72.95,17,0,0.0,0.0,4 - Clean
2474,90,5308.48,58.98,32,1,135.1,1.111,3 - Watch
2475,169,9095.52,53.82,53,0,0.0,0.0,4 - Clean
2476,109,6657.93,61.08,36,0,0.0,0.0,4 - Clean
2477,55,2406.09,43.75,21,0,0.0,0.0,4 - Clean
2478,68,3898.36,57.33,28,0,0.0,0.0,4 - Clean
2479,104,6823.02,65.61,39,0,0.0,0.0,4 - Clean
2480,145,7031.33,48.49,45,0,0.0,0.0,4 - Clean
2481,105,5355.45,51.0,27,1,241.95,0.952,3 - Watch
2482,90,5223.37,58.04,30,1,460.9,1.111,3 - Watch
2483,95,6741.71,70.97,31,2,810.93,2.105,2 - High
2484,77,4169.74,54.15,27,0,0.0,0.0,4 - Clean
2485,61,3897.06,63.89,16,0,0.0,0.0,4 - Clean
2486,87,5654.03,64.99,31,0,0.0,0.0,4 - Clean
2487,96,4601.6,47.93,31,0,0.0,0.0,4 - Clean
2488,118,7211.17,61.11,37,1,268.8,0.847,3 - Watch
2489,96,5455.13,56.82,30,1,220.37,1.042,3 - Watch
2490,89,5092.53,57.22,29,1,29.2,1.124,3 - Watch
2491,90,4400.68,48.9,33,0,0.0,0.0,4 - Clean
2492,124,5367.79,43.29,35,0,0.0,0.0,4 - Clean
2493,89,4204.56,47.24,26,0,0.0,0.0,4 - Clean
2494,85,4174.29,49.11,33,0,0.0,0.0,4 - Clean
2495,57,2254.62,39.55,22,0,0.0,0.0,4 - Clean
2496,65,3082.24,47.42,23,0,0.0,0.0,4 - Clean
2497,81,4626.86,57.12,26,1,224.88,1.235,3 - Watch
2498,95,4309.21,45.36,35,0,0.0,0.0,4 - Clean
2499,49,2399.71,48.97,16,0,0.0,0.0,4 - Clean
2500,85,4382.48,51.56,31,0,0.0,0.0,4 - Clean
2501,72,3707.69,51.5,19,0,0.0,0.0,4 - Clean
2502,116,5796.29,49.97,36,1,189.6,0.862,3 - Watch
2503,99,3844.86,38.84,33,0,0.0,0.0,4 - Clean
2504,90,5817.52,64.64,34,0,0.0,0.0,4 - Clean
2505,86,4908.4,57.07,32,0,0.0,0.0,4 - Clean
2506,65,3926.38,60.41,21,0,0.0,0.0,4 - Clean
2507,112,5959.87,53.21,34,2,488.0,1.786,3 - Watch
2508,98,4074.53,41.58,34,0,0.0,0.0,4 - Clean
2509,95,4713.4,49.61,32,0,0.0,0.0,4 - Clean
2510,121,5825.28,48.14,38,2,469.05,1.653,3 - Watch
2511,64,2601.9,40.65,14,0,0.0,0.0,4 - Clean
2512,86,4716.92,54.85,28,0,0.0,0.0,4 - Clean
2513,87,5066.37,58.23,32,0,0.0,0.0,4 - Clean
2514,136,8210.38,60.37,42,0,0.0,0.0,4 - Clean
2515,101,5002.95,49.53,38,0,0.0,0.0,4 - Clean
2516,106,5439.79,51.32,35,38,2220.16,35.849,1 - Critical
2517,83,5681.17,68.45,27,0,0.0,0.0,4 - Clean
2518,100,5055.72,50.56,32,3,472.15,3.0,2 - High
2519,124,7946.54,64.08,37,1,177.05,0.806,3 - Watch
2520,75,4248.52,56.65,28,0,0.0,0.0,4 - Clean
2521,69,4321.77,62.63,24,0,0.0,0.0,4 - Clean
2522,83,4420.77,53.26,32,0,0.0,0.0,4 - Clean
2523,62,3058.88,49.34,24,0,0.0,0.0,4 - Clean
2524,84,4167.66,49.61,25,0,0.0,0.0,4 - Clean
2525,116,6130.6,52.85,31,0,0.0,0.0,4 - Clean
2526,107,5398.46,50.45,32,1,293.25,0.935,3 - Watch
2527,76,3757.79,49.44,27,0,0.0,0.0,4 - Clean
2528,62,3573.67,57.64,21,0,0.0,0.0,4 - Clean
2529,66,3759.13,56.96,18,0,0.0,0.0,4 - Clean
2530,84,5448.87,64.87,27,0,0.0,0.0,4 - Clean
2531,77,4524.04,58.75,23,1,446.6,1.299,3 - Watch
2532,66,3196.23,48.43,29,0,0.0,0.0,4 - Clean
2533,73,3721.03,50.97,23,0,0.0,0.0,4 - Clean
2534,33,1554.07,47.09,15,0,0.0,0.0,4 - Clean
2535,59,3084.38,52.28,17,0,0.0,0.0,4 - Clean
2536,65,4657.89,71.66,24,0,0.0,0.0,4 - Clean
2537,124,7077.31,57.08,29,0,0.0,0.0,4 - Clean
2538,56,3176.44,56.72,21,1,567.95,1.786,3 - Watch
2539,112,6462.91,57.7,22,0,0.0,0.0,4 - Clean
2540,74,3361.24,45.42,28,0,0.0,0.0,4 - Clean
2541,80,4524.81,56.56,29,0,0.0,0.0,4 - Clean
2542,128,6764.93,52.85,40,0,0.0,0.0,4 - Clean
2543,78,3748.55,48.06,21,0,0.0,0.0,4 - Clean
2544,125,6201.67,49.61,44,2,470.5,1.6,3 - Watch
2545,103,4689.64,45.53,35,0,0.0,0.0,4 - Clean
2546,89,5640.54,63.38,27,0,0.0,0.0,4 - Clean
2547,98,4401.97,44.92,31,0,0.0,0.0,4 - Clean
2548,83,4138.33,49.86,31,0,0.0,0.0,4 - Clean
2549,79,5061.98,64.08,18,2,408.4,2.532,2 - High
2550,75,3486.54,46.49,28,0,0.0,0.0,4 - Clean
2551,99,4970.77,50.21,31,0,0.0,0.0,4 - Clean
2552,69,3239.35,46.95,29,0,0.0,0.0,4 - Clean
2553,88,5184.03,58.91,32,0,0.0,0.0,4 - Clean
2554,84,4362.74,51.94,28,0,0.0,0.0,4 - Clean
2555,75,4248.96,56.65,28,1,61.9,1.333,3 - Watch
2556,83,4475.45,53.92,29,1,205.1,1.205,3 - Watch
2557,90,4624.25,51.38,24,0,0.0,0.0,4 - Clean
2558,87,4374.86,50.29,33,0,0.0,0.0,4 - Clean
2559,79,5525.53,69.94,31,1,222.87,1.266,3 - Watch
2560,83,5564.37,67.04,33,2,589.51,2.41,2 - High
2561,102,3989.76,39.12,33,0,0.0,0.0,4 - Clean
2562,88,5498.6,62.48,32,2,700.6,2.273,2 - High
2563,73,3877.18,53.11,21,0,0.0,0.0,4 - Clean
2564,68,3420.99,50.31,25,0,0.0,0.0,4 - Clean
2565,99,5161.66,52.14,30,0,0.0,0.0,4 - Clean
2566,119,6609.15,55.54,31,0,0.0,0.0,4 - Clean
2567,93,5957.74,64.06,30,1,234.38,1.075,3 - Watch
2568,58,3350.48,57.77,24,0,0.0,0.0,4 - Clean
2569,111,6494.56,58.51,30,0,0.0,0.0,4 - Clean
2570,110,4859.14,44.17,32,0,0.0,0.0,4 - Clean
2571,115,6544.73,56.91,36,2,1131.0,1.739,3 - Watch
2572,119,5809.05,48.82,40,1,107.15,0.84,3 - Watch
2573,65,3139.7,48.3,23,0,0.0,0.0,4 - Clean
2574,92,5315.11,57.77,33,22,1547.98,23.913,1 - Critical
2575,82,5141.1,62.7,27,0,0.0,0.0,4 - Clean
2576,106,4347.37,41.01,37,0,0.0,0.0,4 - Clean
2577,122,6818.52,55.89,39,0,0.0,0.0,4 - Clean
2578,80,5333.36,66.67,28,0,0.0,0.0,4 - Clean
2579,110,6063.39,55.12,36,0,0.0,0.0,4 - Clean
2580,64,3175.23,49.61,23,22,1079.25,34.375,1 - Critical
2581,116,6443.75,55.55,34,0,0.0,0.0,4 - Clean
2582,116,6257.15,53.94,31,0,0.0,0.0,4 - Clean
2583,83,5909.32,71.2,22,1,567.35,1.205,3 - Watch
2584,147,8869.12,60.33,43,0,0.0,0.0,4 - Clean
2585,60,3013.63,50.23,22,0,0.0,0.0,4 - Clean
2586,122,6884.74,56.43,34,0,0.0,0.0,4 - Clean
2587,75,4609.48,61.46,23,0,0.0,0.0,4 - Clean
2588,119,5682.78,47.75,35,0,0.0,0.0,4 - Clean
2589,104,4882.7,46.95,36,0,0.0,0.0,4 - Clean
2590,90,5752.56,63.92,24,0,0.0,0.0,4 - Clean
2591,76,5350.77,70.4,24,0,0.0,0.0,4 - Clean
2592,73,3704.53,50.75,25,0,0.0,0.0,4 - Clean
2593,90,6611.1,73.46,33,3,1248.5,3.333,2 - High
2594,110,6010.46,54.64,38,0,0.0,0.0,4 - Clean
2595,103,4534.71,44.03,35,0,0.0,0.0,4 - Clean
2596,78,4804.02,61.59,28,0,0.0,0.0,4 - Clean
2597,82,4357.13,53.14,31,0,0.0,0.0,4 - Clean
2598,77,5105.59,66.31,28,1,480.25,1.299,3 - Watch
2599,108,5370.87,49.73,34,1,160.8,0.926,3 - Watch
2600,91,4647.77,51.07,34,0,0.0,0.0,4 - Clean
2601,75,4082.67,54.44,32,1,337.85,1.333,3 - Watch
2602,56,3073.67,54.89,21,0,0.0,0.0,4 - Clean
2603,102,6134.93,60.15,30,0,0.0,0.0,4 - Clean
2604,98,5762.09,58.8,34,0,0.0,0.0,4 - Clean
2605,92,4480.13,48.7,32,0,0.0,0.0,4 - Clean
2606,73,4161.64,57.01,29,0,0.0,0.0,4 - Clean
2607,84,4920.21,58.57,26,0,0.0,0.0,4 - Clean
2608,82,3933.51,47.97,30,0,0.0,0.0,4 - Clean
2609,83,4200.18,50.6,31,0,0.0,0.0,4 - Clean
2610,58,2741.38,47.27,27,0,0.0,0.0,4 - Clean
2611,81,4921.59,60.76,28,1,154.3,1.235,3 - Watch
2612,71,3737.25,52.64,27,0,0.0,0.0,4 - Clean
2613,126,6239.6,49.52,43,0,0.0,0.0,4 - Clean
2614,67,3354.63,50.07,26,0,0.0,0.0,4 - Clean
2615,66,4075.62,61.75,18,0,0.0,0.0,4 - Clean
2616,82,5007.07,61.06,29,0,0.0,0.0,4 - Clean
2617,116,5013.02,43.22,33,0,0.0,0.0,4 - Clean
2618,45,2412.44,53.61,22,0,0.0,0.0,4 - Clean
2619,59,3123.04,52.93,22,0,0.0,0.0,4 - Clean
2620,48,3648.33,76.01,13,0,0.0,0.0,4 - Clean
2621,75,3413.1,45.51,29,0,0.0,0.0,4 - Clean
2622,117,7583.94,64.82,35,0,0.0,0.0,4 - Clean
2623,125,7031.45,56.25,42,0,0.0,0.0,4 - Clean
2624,90,4938.3,54.87,29,1,264.8,1.111,3 - Watch
2625,121,4956.95,40.97,40,0,0.0,0.0,4 - Clean
2626,84,3790.55,45.13,29,0,0.0,0.0,4 - Clean
2627,95,5578.99,58.73,33,0,0.0,0.0,4 - Clean
2628,72,3488.38,48.45,26,0,0.0,0.0,4 - Clean
2629,89,4635.82,52.09,29,0,0.0,0.0,4 - Clean
2630,101,5016.68,49.67,35,0,0.0,0.0,4 - Clean
2631,89,4897.85,55.03,30,0,0.0,0.0,4 - Clean
2632,89,4732.98,53.18,35,0,0.0,0.0,4 - Clean
2633,66,3439.39,52.11,25,0,0.0,0.0,4 - Clean
2634,111,4843.78,43.64,38,0,0.0,0.0,4 - Clean
2635,91,4839.92,53.19,36,1,286.6,1.099,3 - Watch
2636,106,7503.0,70.78,31,1,198.6,0.943,3 - Watch
2637,93,5066.19,54.48,32,0,0.0,0.0,4 - Clean
2638,99,4758.23,48.06,31,0,0.0,0.0,4 - Clean
2639,100,6130.83,61.31,37,0,0.0,0.0,4 - Clean
2640,89,5286.17,59.4,34,1,245.24,1.124,3 - Watch
2641,101,5513.85,54.59,27,1,76.55,0.99,3 - Watch
2642,99,5540.87,55.97,31,1,453.75,1.01,3 - Watch
2643,95,5176.37,54.49,32,0,0.0,0.0,4 - Clean
2644,93,5644.69,60.7,31,0,0.0,0.0,4 - Clean
2645,107,7138.54,66.72,39,2,405.9,1.869,3 - Watch
2646,80,3892.33,48.65,28,0,0.0,0.0,4 - Clean
2647,80,4617.47,57.72,31,0,0.0,0.0,4 - Clean
2648,86,5101.1,59.32,27,0,0.0,0.0,4 - Clean
2649,54,2954.21,54.71,23,1,262.0,1.852,3 - Watch
2650,99,6099.31,61.61,34,1,230.39,1.01,3 - Watch
2651,116,5492.87,47.35,35,0,0.0,0.0,4 - Clean
2652,89,3221.03,36.19,26,0,0.0,0.0,4 - Clean
2653,65,3953.71,60.83,24,0,0.0,0.0,4 - Clean
2654,73,3356.41,45.98,27,0,0.0,0.0,4 - Clean
2655,93,4551.29,48.94,29,0,0.0,0.0,4 - Clean
2656,78,4478.55,57.42,32,0,0.0,0.0,4 - Clean
2657,82,4474.65,54.57,27,0,0.0,0.0,4 - Clean
2658,98,6254.96,63.83,33,0,0.0,0.0,4 - Clean
2659,104,6065.37,58.32,34,0,0.0,0.0,4 - Clean
2660,80,5597.13,69.96,26,1,104.35,1.25,3 - Watch
2661,97,4501.46,46.41,28,1,124.85,1.031,3 - Watch
2662,78,3965.84,50.84,30,0,0.0,0.0,4 - Clean
2663,160,8295.04,51.84,36,0,0.0,0.0,4 - Clean
2664,56,3142.24,56.11,21,0,0.0,0.0,4 - Clean
2665,75,3654.02,48.72,22,2,427.85,2.667,2 - High
2666,45,1701.9,37.82,14,0,0.0,0.0,4 - Clean
2667,122,5995.12,49.14,42,0,0.0,0.0,4 - Clean
2668,85,6301.24,74.13,34,1,893.65,1.176,3 - Watch
2669,57,3392.53,59.52,20,0,0.0,0.0,4 - Clean
2670,118,5959.63,50.51,37,0,0.0,0.0,4 - Clean
2671,105,5836.02,55.58,32,0,0.0,0.0,4 - Clean
2672,64,2406.32,37.6,26,0,0.0,0.0,4 - Clean
2673,112,7360.27,65.72,28,0,0.0,0.0,4 - Clean
2674,115,7367.38,64.06,40,2,1263.4,1.739,3 - Watch
2675,87,4510.44,51.84,30,0,0.0,0.0,4 - Clean
2676,82,3529.46,43.04,30,0,0.0,0.0,4 - Clean
2677,99,6076.6,61.38,29,0,0.0,0.0,4 - Clean
2678,102,5793.19,56.8,33,1,266.31,0.98,3 - Watch
2679,76,4482.0,58.97,26,0,0.0,0.0,4 - Clean
2680,65,2906.82,44.72,22,0,0.0,0.0,4 - Clean
2681,93,4853.61,52.19,26,0,0.0,0.0,4 - Clean
2682,113,4902.68,43.39,41,0,0.0,0.0,4 - Clean
2683,83,4634.04,55.83,24,0,0.0,0.0,4 - Clean
2684,62,4335.74,69.93,21,0,0.0,0.0,4 - Clean
2685,67,3417.77,51.01,27,0,0.0,0.0,4 - Clean
2686,97,5895.63,60.78,31,2,332.15,2.062,2 - High
2687,67,4247.93,63.4,21,0,0.0,0.0,4 - Clean
2688,95,5708.42,60.09,31,29,1927.4,30.526,1 - Critical
2689,105,5166.27,49.2,32,0,0.0,0.0,4 - Clean
2690,115,5743.61,49.94,36,0,0.0,0.0,4 - Clean
2691,47,2538.67,54.01,12,0,0.0,0.0,4 - Clean
2692,87,5892.29,67.73,20,0,0.0,0.0,4 - Clean
2693,95,5388.54,56.72,36,0,0.0,0.0,4 - Clean
2694,77,4924.64,63.96,34,2,383.8,2.597,2 - High
2695,81,4584.68,56.6,28,0,0.0,0.0,4 - Clean
2696,82,4358.83,53.16,29,0,0.0,0.0,4 - Clean
2697,88,4900.02,55.68,34,0,0.0,0.0,4 - Clean
2698,76,3589.12,47.23,33,0,0.0,0.0,4 - Clean
2699,110,5730.91,52.1,41,0,0.0,0.0,4 - Clean
2700,112,5062.01,45.2,30,0,0.0,0.0,4 - Clean
2701,88,4556.1,51.77,29,0,0.0,0.0,4 - Clean
2702,106,6574.57,62.02,33,0,0.0,0.0,4 - Clean
2703,83,6568.93,79.14,32,1,633.65,1.205,3 - Watch
2704,64,4037.31,63.08,21,1,291.25,1.562,3 - Watch
2705,88,4646.4,52.8,34,0,0.0,0.0,4 - Clean
2706,109,5174.68,47.47,35,1,25.65,0.917,3 - Watch
2707,80,5119.57,63.99,29,0,0.0,0.0,4 - Clean
2708,84,3565.22,42.44,29,0,0.0,0.0,4 - Clean
2709,82,3782.16,46.12,27,1,152.3,1.22,3 - Watch
2710,80,4696.69,58.71,30,0,0.0,0.0,4 - Clean
2711,81,4002.2,49.41,29,0,0.0,0.0,4 - Clean
2712,121,4194.64,34.67,35,0,0.0,0.0,4 - Clean
2713,63,2686.94,42.65,24,0,0.0,0.0,4 - Clean
2714,68,3903.24,57.4,24,0,0.0,0.0,4 - Clean
2715,93,4763.22,51.22,32,1,86.3,1.075,3 - Watch
2716,72,3367.74,46.77,20,0,0.0,0.0,4 - Clean
2717,110,5506.35,50.06,34,0,0.0,0.0,4 - Clean
2718,73,5626.51,77.08,25,2,877.12,2.74,2 - High
2719,66,3829.31,58.02,25,0,0.0,0.0,4 - Clean
2720,86,5352.64,62.24,22,2,723.4,2.326,2 - High
2721,94,4692.53,49.92,28,0,0.0,0.0,4 - Clean
2722,91,4579.47,50.32,28,0,0.0,0.0,4 - Clean
2723,74,4061.57,54.89,30,0,0.0,0.0,4 - Clean
2724,91,4567.52,50.19,31,0,0.0,0.0,4 - Clean
2725,97,5264.15,54.27,31,1,524.15,1.031,3 - Watch
2726,91,4523.32,49.71,34,0,0.0,0.0,4 - Clean
2727,103,6049.31,58.73,34,3,885.65,2.913,2 - High
2728,68,3149.47,46.32,25,0,0.0,0.0,4 - Clean
2729,108,4953.41,45.86,29,0,0.0,0.0,4 - Clean
2730,119,5701.13,47.91,37,1,306.35,0.84,3 - Watch
2731,100,4805.84,48.06,32,0,0.0,0.0,4 - Clean
2732,85,3726.68,43.84,25,0,0.0,0.0,4 - Clean
2733,72,4060.27,56.39,28,0,0.0,0.0,4 - Clean
2734,92,3792.24,41.22,32,0,0.0,0.0,4 - Clean
2735,98,3548.76,36.21,27,0,0.0,0.0,4 - Clean
2736,143,8634.71,60.38,45,1,352.35,0.699,3 - Watch
2737,125,6264.83,50.12,37,0,0.0,0.0,4 - Clean
2738,106,5412.66,51.06,37,0,0.0,0.0,4 - Clean
2739,102,5605.65,54.96,29,1,113.1,0.98,3 - Watch
2740,106,6512.9,61.44,39,1,291.8,0.943,3 - Watch
2741,76,4271.82,56.21,19,0,0.0,0.0,4 - Clean
2742,75,3826.05,51.01,33,1,356.5,1.333,3 - Watch
2743,101,5486.61,54.32,35,0,0.0,0.0,4 - Clean
2744,93,5985.95,64.37,30,0,0.0,0.0,4 - Clean
2745,93,5503.04,59.17,31,0,0.0,0.0,4 - Clean
2746,73,4529.32,62.05,27,0,0.0,0.0,4 - Clean
2747,111,5114.02,46.07,33,0,0.0,0.0,4 - Clean
2748,82,4937.18,60.21,29,0,0.0,0.0,4 - Clean
2749,97,5448.78,56.17,32,0,0.0,0.0,4 - Clean
2750,53,3301.55,62.29,25,1,223.22,1.887,3 - Watch
2751,69,4179.1,60.57,26,1,42.2,1.449,3 - Watch
2752,44,2243.24,50.98,20,0,0.0,0.0,4 - Clean
2753,76,3654.61,48.09,31,0,0.0,0.0,4 - Clean
2754,107,5645.46,52.76,34,0,0.0,0.0,4 - Clean
2755,59,3021.81,51.22,22,0,0.0,0.0,4 - Clean
2756,98,5569.78,56.83,26,0,0.0,0.0,4 - Clean
2757,112,6198.18,55.34,40,0,0.0,0.0,4 - Clean
2758,83,4343.08,52.33,25,1,180.5,1.205,3 - Watch
2759,85,5194.54,61.11,31,0,0.0,0.0,4 - Clean
2760,85,4910.92,57.78,29,0,0.0,0.0,4 - Clean
2761,88,4199.84,47.73,26,0,0.0,0.0,4 - Clean
2762,76,4324.47,56.9,33,0,0.0,0.0,4 - Clean
2763,80,3862.13,48.28,36,0,0.0,0.0,4 - Clean
2764,117,6537.81,55.88,38,0,0.0,0.0,4 - Clean
2765,100,5687.29,56.87,31,0,0.0,0.0,4 - Clean
2766,114,6796.9,59.62,37,0,0.0,0.0,4 - Clean
2767,113,5403.83,47.82,37,0,0.0,0.0,4 - Clean
2768,78,4139.45,53.07,26,0,0.0,0.0,4 - Clean
2769,73,4945.8,67.75,23,2,622.99,2.74,2 - High
2770,55,2942.55,53.5,19,2,406.73,3.636,2 - High
2771,65,3569.99,54.92,22,0,0.0,0.0,4 - Clean
2772,76,5155.0,67.83,26,0,0.0,0.0,4 - Clean
2773,56,2729.22,48.74,15,0,0.0,0.0,4 - Clean
2774,102,5399.78,52.94,34,0,0.0,0.0,4 - Clean
2775,64,3449.36,53.9,31,0,0.0,0.0,4 - Clean
2776,84,5358.63,63.79,26,2,503.75,2.381,2 - High
2777,84,4633.73,55.16,26,0,0.0,0.0,4 - Clean
2778,107,6519.48,60.93,33,1,257.28,0.935,3 - Watch
2779,131,6119.49,46.71,37,0,0.0,0.0,4 - Clean
2780,98,5083.44,51.87,29,0,0.0,0.0,4 - Clean
2781,130,8335.16,64.12,32,1,746.5,0.769,3 - Watch
2782,110,5571.87,50.65,37,0,0.0,0.0,4 - Clean
2783,63,3497.66,55.52,23,1,110.1,1.587,3 - Watch
2784,92,3747.32,40.73,33,0,0.0,0.0,4 - Clean
2785,96,4223.75,44.0,31,0,0.0,0.0,4 - Clean
2786,53,2574.83,48.58,21,0,0.0,0.0,4 - Clean
2787,120,6624.48,55.2,33,0,0.0,0.0,4 - Clean
2788,107,5662.69,52.92,26,0,0.0,0.0,4 - Clean
2789,94,5720.14,60.85,33,0,0.0,0.0,4 - Clean
2790,98,4944.45,50.45,27,0,0.0,0.0,4 - Clean
2791,70,4419.82,63.14,23,0,0.0,0.0,4 - Clean
2792,92,5018.95,54.55,26,0,0.0,0.0,4 - Clean
2793,69,4553.1,65.99,23,0,0.0,0.0,4 - Clean
2794,74,3302.98,44.63,33,0,0.0,0.0,4 - Clean
2795,99,4214.2,42.57,31,1,78.75,1.01,3 - Watch
2796,87,4477.9,51.47,31,0,0.0,0.0,4 - Clean
2797,124,6041.01,48.72,41,0,0.0,0.0,4 - Clean
2798,97,5864.25,60.46,26,0,0.0,0.0,4 - Clean
2799,128,6997.24,54.67,46,1,82.65,0.781,3 - Watch
2800,78,5259.23,67.43,27,0,0.0,0.0,4 - Clean
2801,46,1986.19,43.18,16,0,0.0,0.0,4 - Clean
2802,83,3553.78,42.82,26,0,0.0,0.0,4 - Clean
2803,85,2882.17,33.91,19,0,0.0,0.0,4 - Clean
2804,79,3620.34,45.83,26,0,0.0,0.0,4 - Clean
2805,103,6434.58,62.47,33,1,161.0,0.971,3 - Watch
2806,116,6245.2,53.84,33,0,0.0,0.0,4 - Clean
2807,85,4935.17,58.06,28,1,200.25,1.176,3 - Watch
2808,47,3310.72,70.44,17,0,0.0,0.0,4 - Clean
2809,74,3863.24,52.21,25,0,0.0,0.0,4 - Clean
2810,101,4750.77,47.04,34,0,0.0,0.0,4 - Clean
2811,122,5877.18,48.17,28,0,0.0,0.0,4 - Clean
2812,91,4260.52,46.82,28,0,0.0,0.0,4 - Clean
2813,83,4586.59,55.26,27,1,253.05,1.205,3 - Watch
2814,100,5411.46,54.11,37,0,0.0,0.0,4 - Clean
2815,103,5070.28,49.23,34,0,0.0,0.0,4 - Clean
2816,66,4230.37,64.1,18,0,0.0,0.0,4 - Clean
2817,103,4425.99,42.97,31,0,0.0,0.0,4 - Clean
2818,96,5236.47,54.55,34,1,474.1,1.042,3 - Watch
2819,104,5260.72,50.58,30,0,0.0,0.0,4 - Clean
2820,94,5566.33,59.22,29,1,600.85,1.064,3 - Watch
2821,59,3227.69,54.71,21,0,0.0,0.0,4 - Clean
2822,101,6075.44,60.15,31,1,172.75,0.99,3 - Watch
2823,103,4461.76,43.32,37,2,124.85,1.942,3 - Watch
2824,52,2424.4,46.62,18,0,0.0,0.0,4 - Clean
2825,89,3343.06,37.56,31,0,0.0,0.0,4 - Clean
2826,72,3452.71,47.95,27,0,0.0,0.0,4 - Clean
2827,80,4440.89,55.51,28,0,0.0,0.0,4 - Clean
2828,80,4455.72,55.7,30,0,0.0,0.0,4 - Clean
2829,32,1225.1,38.28,14,0,0.0,0.0,4 - Clean
2830,113,7292.12,64.53,28,0,0.0,0.0,4 - Clean
2831,72,4230.57,58.76,28,0,0.0,0.0,4 - Clean
2832,72,4351.66,60.44,24,0,0.0,0.0,4 - Clean
2833,55,3092.22,56.22,14,0,0.0,0.0,4 - Clean
2834,109,4785.67,43.91,31,0,0.0,0.0,4 - Clean
2835,78,3785.29,48.53,24,0,0.0,0.0,4 - Clean
2836,79,4243.02,53.71,22,30,1547.08,37.975,1 - Critical
2837,92,4619.34,50.21,35,0,0.0,0.0,4 - Clean
2838,89,4898.66,55.04,34,0,0.0,0.0,4 - Clean
2839,104,5217.34,50.17,32,0,0.0,0.0,4 - Clean
2840,81,4252.81,52.5,24,0,0.0,0.0,4 - Clean
2841,82,4052.11,49.42,35,1,39.35,1.22,3 - Watch
2842,72,3854.39,53.53,24,0,0.0,0.0,4 - Clean
2843,122,6367.31,52.19,40,2,656.8,1.639,3 - Watch
2844,107,6000.2,56.08,34,1,225.13,0.935,3 - Watch
2845,94,4158.88,44.24,41,0,0.0,0.0,4 - Clean
2846,70,4540.01,64.86,19,0,0.0,0.0,4 - Clean
2847,91,5036.3,55.34,29,1,14.25,1.099,3 - Watch
2848,115,6002.1,52.19,34,1,55.55,0.87,3 - Watch
2849,62,2504.26,40.39,15,0,0.0,0.0,4 - Clean
2850,97,4554.65,46.96,35,0,0.0,0.0,4 - Clean
2851,70,4223.03,60.33,31,0,0.0,0.0,4 - Clean
2852,63,2380.42,37.78,28,0,0.0,0.0,4 - Clean
2853,51,2511.42,49.24,25,1,229.93,1.961,3 - Watch
2854,74,4491.24,60.69,28,0,0.0,0.0,4 - Clean
2855,81,4976.96,61.44,35,0,0.0,0.0,4 - Clean
2856,79,3898.89,49.35,28,0,0.0,0.0,4 - Clean
2857,117,5425.9,46.38,35,0,0.0,0.0,4 - Clean
2858,64,4578.81,71.54,26,0,0.0,0.0,4 - Clean
2859,94,7287.74,77.53,32,2,1451.35,2.128,2 - High
2860,79,5515.95,69.82,25,0,0.0,0.0,4 - Clean
2861,92,4377.47,47.58,35,0,0.0,0.0,4 - Clean
2862,111,6274.01,56.52,35,0,0.0,0.0,4 - Clean
2863,100,5925.65,59.26,35,0,0.0,0.0,4 - Clean
2864,73,4378.95,59.99,25,1,377.1,1.37,3 - Watch
2865,106,6350.05,59.91,35,0,0.0,0.0,4 - Clean
2866,85,4949.16,58.23,24,0,0.0,0.0,4 - Clean
2867,94,5174.95,55.05,35,0,0.0,0.0,4 - Clean
2868,75,4731.75,63.09,25,1,375.95,1.333,3 - Watch
2869,85,4314.91,50.76,26,0,0.0,0.0,4 - Clean
2870,62,2591.12,41.79,21,0,0.0,0.0,4 - Clean
2871,83,3969.44,47.82,29,0,0.0,0.0,4 - Clean
2872,81,4678.45,57.76,25,0,0.0,0.0,4 - Clean
2873,65,2832.25,43.57,26,0,0.0,0.0,4 - Clean
2874,73,4313.03,59.08,22,0,0.0,0.0,4 - Clean
2875,63,4012.14,63.68,21,0,0.0,0.0,4 - Clean
2876,95,6013.06,63.3,29,0,0.0,0.0,4 - Clean
2877,95,4888.74,51.46,31,0,0.0,0.0,4 - Clean
2878,93,4643.85,49.93,33,0,0.0,0.0,4 - Clean
2879,69,3214.85,46.59,26,0,0.0,0.0,4 - Clean
2880,115,6119.88,53.22,40,0,0.0,0.0,4 - Clean
2881,89,4873.64,54.76,30,0,0.0,0.0,4 - Clean
2882,117,6552.79,56.01,37,3,1019.7,2.564,2 - High
2883,110,6363.54,57.85,44,1,471.95,0.909,3 - Watch
2884,59,4011.92,68.0,24,1,229.12,1.695,3 - Watch
2885,69,4628.41,67.08,22,0,0.0,0.0,4 - Clean
2886,88,5187.35,58.95,27,0,0.0,0.0,4 - Clean
2887,111,5018.67,45.21,27,1,220.17,0.901,3 - Watch
2888,62,3044.25,49.1,17,0,0.0,0.0,4 - Clean
2889,111,6600.29,59.46,26,0,0.0,0.0,4 - Clean
2890,72,5086.74,70.65,16,0,0.0,0.0,4 - Clean
2891,99,5069.64,51.21,28,0,0.0,0.0,4 - Clean
2892,95,5784.26,60.89,27,2,501.67,2.105,2 - High
2893,65,3284.12,50.52,25,0,0.0,0.0,4 - Clean
2894,113,5971.85,52.85,30,0,0.0,0.0,4 - Clean
2895,95,4535.25,47.74,33,0,0.0,0.0,4 - Clean
2896,81,3741.17,46.19,28,0,0.0,0.0,4 - Clean
2897,95,5941.47,62.54,28,1,266.4,1.053,3 - Watch
2898,88,5046.94,57.35,35,0,0.0,0.0,4 - Clean
2899,111,5956.63,53.66,40,0,0.0,0.0,4 - Clean
2900,129,6152.32,47.69,35,0,0.0,0.0,4 - Clean
2901,79,4777.86,60.48,22,0,0.0,0.0,4 - Clean
2902,121,6578.9,54.37,39,0,0.0,0.0,4 - Clean
2903,79,3948.59,49.98,28,0,0.0,0.0,4 - Clean
2904,79,2759.68,34.93,31,0,0.0,0.0,4 - Clean
2905,74,3992.78,53.96,25,0,0.0,0.0,4 - Clean
2906,97,5842.51,60.23,30,0,0.0,0.0,4 - Clean
2907,59,2837.99,48.1,19,0,0.0,0.0,4 - Clean
2908,98,5664.33,57.8,35,0,0.0,0.0,4 - Clean
2909,74,4121.91,55.7,28,0,0.0,0.0,4 - Clean
2910,101,6405.45,63.42,39,0,0.0,0.0,4 - Clean
2911,83,4290.65,51.69,24,0,0.0,0.0,4 - Clean
2912,126,6245.61,49.57,39,0,0.0,0.0,4 - Clean
2913,96,5061.85,52.73,33,0,0.0,0.0,4 - Clean
2914,93,4963.88,53.38,26,0,0.0,0.0,4 - Clean
2915,100,5671.95,56.72,30,0,0.0,0.0,4 - Clean
2916,97,6272.1,64.66,25,0,0.0,0.0,4 - Clean
2917,77,4253.19,55.24,26,0,0.0,0.0,4 - Clean
2918,86,4232.0,49.21,28,0,0.0,0.0,4 - Clean
2919,143,7549.97,52.8,48,1,33.25,0.699,3 - Watch
2920,135,6847.13,50.72,40,0,0.0,0.0,4 - Clean
2921,96,5266.61,54.86,34,0,0.0,0.0,4 - Clean
2922,96,4497.48,46.85,25,0,0.0,0.0,4 - Clean
2923,95,5428.35,57.14,28,0,0.0,0.0,4 - Clean
2924,88,4597.98,52.25,34,0,0.0,0.0,4 - Clean
2925,113,6225.08,55.09,34,0,0.0,0.0,4 - Clean
2926,80,4180.28,52.25,31,0,0.0,0.0,4 - Clean
2927,94,6017.77,64.02,42,1,292.2,1.064,3 - Watch
2928,91,5513.54,60.59,37,0,0.0,0.0,4 - Clean
2929,76,3670.44,48.3,27,0,0.0,0.0,4 - Clean
2930,56,2837.79,50.67,22,0,0.0,0.0,4 - Clean
2931,45,1666.34,37.03,13,0,0.0,0.0,4 - Clean
2932,120,5280.38,44.0,35,0,0.0,0.0,4 - Clean
2933,106,5288.23,49.89,38,0,0.0,0.0,4 - Clean
2934,82,4801.61,58.56,30,0,0.0,0.0,4 - Clean
2935,71,3359.57,47.32,27,1,60.3,1.408,3 - Watch
2936,94,5343.9,56.85,24,0,0.0,0.0,4 - Clean
2937,98,5525.99,56.39,31,0,0.0,0.0,4 - Clean
2938,66,2977.76,45.12,26,0,0.0,0.0,4 - Clean
2939,96,5658.62,58.94,34,0,0.0,0.0,4 - Clean
2940,87,3998.41,45.96,29,0,0.0,0.0,4 - Clean
2941,86,4683.29,54.46,35,1,69.75,1.163,3 - Watch
2942,79,3355.61,42.48,25,1,221.17,1.266,3 - Watch
2943,86,5118.67,59.52,26,0,0.0,0.0,4 - Clean
2944,133,7678.96,57.74,41,0,0.0,0.0,4 - Clean
2945,126,7222.97,57.33,35,0,0.0,0.0,4 - Clean
2946,51,3178.53,62.32,21,0,0.0,0.0,4 - Clean
2947,118,7125.06,60.38,32,1,238.81,0.847,3 - Watch
2948,147,7552.75,51.38,36,0,0.0,0.0,4 - Clean
2949,50,3211.9,64.24,12,0,0.0,0.0,4 - Clean
2950,135,7166.46,53.08,30,1,101.45,0.741,3 - Watch
2951,92,5469.93,59.46,34,3,968.75,3.261,2 - High
2952,68,4439.21,65.28,28,0,0.0,0.0,4 - Clean
2953,90,4443.29,49.37,29,0,0.0,0.0,4 - Clean
2954,53,2375.81,44.83,20,0,0.0,0.0,4 - Clean
2955,104,5144.57,49.47,32,0,0.0,0.0,4 - Clean
2956,98,4973.75,50.75,31,0,0.0,0.0,4 - Clean
2957,84,4164.71,49.58,26,0,0.0,0.0,4 - Clean
2958,91,5177.5,56.9,29,0,0.0,0.0,4 - Clean
2959,78,4596.7,58.93,25,0,0.0,0.0,4 - Clean
2960,94,6652.54,70.77,33,0,0.0,0.0,4 - Clean
2961,72,4747.87,65.94,28,0,0.0,0.0,4 - Clean
2962,95,7259.53,76.42,29,2,632.84,2.105,2 - High
2963,83,4545.24,54.76,29,0,0.0,0.0,4 - Clean
2964,74,4541.29,61.37,32,1,236.3,1.351,3 - Watch
2965,92,4447.19,48.34,36,1,41.0,1.087,3 - Watch
2966,85,5448.2,64.1,30,0,0.0,0.0,4 - Clean
2967,104,5867.72,56.42,31,0,0.0,0.0,4 - Clean
2968,109,6122.68,56.17,34,0,0.0,0.0,4 - Clean
2969,76,4780.9,62.91,28,0,0.0,0.0,4 - Clean
2970,72,4557.56,63.3,25,0,0.0,0.0,4 - Clean
2971,145,8084.05,55.75,41,0,0.0,0.0,4 - Clean
2972,107,6494.05,60.69,25,1,360.15,0.935,3 - Watch
2973,57,3131.4,54.94,28,1,266.52,1.754,3 - Watch
2974,77,3663.78,47.58,26,0,0.0,0.0,4 - Clean
2975,83,4501.56,54.24,28,0,0.0,0.0,4 - Clean
2976,113,5397.8,47.77,38,0,0.0,0.0,4 - Clean
2977,99,4805.99,48.55,31,0,0.0,0.0,4 - Clean
2978,123,6999.19,56.9,37,1,524.65,0.813,3 - Watch
2979,106,7041.52,66.43,32,0,0.0,0.0,4 - Clean
2980,74,5034.42,68.03,27,0,0.0,0.0,4 - Clean
2981,132,7491.83,56.76,29,0,0.0,0.0,4 - Clean
2982,99,5460.69,55.16,36,2,395.8,2.02,2 - High
2983,112,4611.27,41.17,33,0,0.0,0.0,4 - Clean
2984,77,4267.42,55.42,30,1,5.4,1.299,3 - Watch
2985,84,5141.04,61.2,28,29,1837.81,34.524,1 - Critical
2986,91,4619.63,50.77,28,0,0.0,0.0,4 - Clean
2987,109,7003.9,64.26,35,0,0.0,0.0,4 - Clean
2988,80,4671.34,58.39,28,1,297.55,1.25,3 - Watch
2989,102,5348.93,52.44,37,1,106.5,0.98,3 - Watch
2990,62,3486.55,56.23,22,0,0.0,0.0,4 - Clean
2991,83,4235.74,51.03,33,2,228.2,2.41,2 - High
2992,121,5815.47,48.06,31,0,0.0,0.0,4 - Clean
2993,138,5880.75,42.61,40,0,0.0,0.0,4 - Clean
2994,123,5685.19,46.22,36,2,301.75,1.626,3 - Watch
2995,81,4754.72,58.7,26,0,0.0,0.0,4 - Clean
2996,101,6776.43,67.09,26,0,0.0,0.0,4 - Clean
2997,63,4176.54,66.29,26,1,429.35,1.587,3 - Watch
2998,83,4539.23,54.69,31,0,0.0,0.0,4 - Clean
2999,107,5089.01,47.56,32,0,0.0,0.0,4 - Clean
3000,103,5693.6,55.28,31,0,0.0,0.0,4 - Clean
3001,94,4807.44,51.14,36,0,0.0,0.0,4 - Clean
3002,134,6399.05,47.75,36,1,234.75,0.746,3 - Watch
3003,70,3854.75,55.07,29,0,0.0,0.0,4 - Clean
3004,94,4758.72,50.62,26,0,0.0,0.0,4 - Clean
3005,68,3582.45,52.68,22,1,234.43,1.471,3 - Watch
3006,110,5288.81,48.08,42,1,176.4,0.909,3 - Watch
3007,63,3539.44,56.18,22,0,0.0,0.0,4 - Clean
3008,45,2688.26,59.74,14,0,0.0,0.0,4 - Clean
3009,76,4460.27,58.69,30,0,0.0,0.0,4 - Clean
3010,97,6024.35,62.11,31,0,0.0,0.0,4 - Clean
3011,108,6303.88,58.37,29,0,0.0,0.0,4 - Clean
3012,93,4661.53,50.12,27,0,0.0,0.0,4 - Clean
3013,84,4344.44,51.72,29,0,0.0,0.0,4 - Clean
3014,88,4729.84,53.75,29,0,0.0,0.0,4 - Clean
3015,106,6829.94,64.43,31,1,168.35,0.943,3 - Watch
3016,106,6003.53,56.64,34,1,199.85,0.943,3 - Watch
3017,70,4260.13,60.86,22,0,0.0,0.0,4 - Clean
3018,74,3692.06,49.89,32,0,0.0,0.0,4 - Clean
3019,89,4603.67,51.73,28,0,0.0,0.0,4 - Clean
3020,108,5745.34,53.2,33,0,0.0,0.0,4 - Clean
3021,66,2741.58,41.54,28,0,0.0,0.0,4 - Clean
3022,73,2983.6,40.87,27,0,0.0,0.0,4 - Clean
3023,86,3685.35,42.85,34,0,0.0,0.0,4 - Clean
3024,112,4899.57,43.75,34,0,0.0,0.0,4 - Clean
3025,61,3579.12,58.67,18,0,0.0,0.0,4 - Clean
3026,77,6145.92,79.82,28,0,0.0,0.0,4 - Clean
3027,51,2425.42,47.56,20,0,0.0,0.0,4 - Clean
3028,85,5040.25,59.3,30,0,0.0,0.0,4 - Clean
3029,83,4575.59,55.13,31,0,0.0,0.0,4 - Clean
3030,143,9862.89,68.97,39,1,330.25,0.699,3 - Watch
3031,88,4499.46,51.13,33,0,0.0,0.0,4 - Clean
3032,117,7146.98,61.09,38,0,0.0,0.0,4 - Clean
3033,108,4354.65,40.32,39,0,0.0,0.0,4 - Clean
3034,77,3651.25,47.42,27,0,0.0,0.0,4 - Clean
3035,73,4405.87,60.35,25,1,257.75,1.37,3 - Watch
3036,75,4701.99,62.69,32,0,0.0,0.0,4 - Clean
3037,120,6298.29,52.49,36,3,948.56,2.5,2 - High
3038,91,4728.49,51.96,29,1,116.35,1.099,3 - Watch
3039,84,5217.62,62.11,35,1,246.91,1.19,3 - Watch
3040,69,3607.99,52.29,30,0,0.0,0.0,4 - Clean
3041,64,3759.53,58.74,24,0,0.0,0.0,4 - Clean
3042,86,3759.17,43.71,31,0,0.0,0.0,4 - Clean
3043,75,4269.29,56.92,28,0,0.0,0.0,4 - Clean
3044,85,4588.29,53.98,33,0,0.0,0.0,4 - Clean
3045,79,3822.05,48.38,24,0,0.0,0.0,4 - Clean
3046,66,3346.85,50.71,23,0,0.0,0.0,4 - Clean
3047,66,3386.48,51.31,21,0,0.0,0.0,4 - Clean
3048,117,6266.78,53.56,42,1,92.45,0.855,3 - Watch
3049,91,6842.72,75.19,30,1,318.1,1.099,3 - Watch
3050,71,3531.99,49.75,28,0,0.0,0.0,4 - Clean
3051,96,5380.9,56.05,32,1,440.15,1.042,3 - Watch
3052,64,2884.88,45.08,22,0,0.0,0.0,4 - Clean
3053,87,6115.29,70.29,36,1,240.36,1.149,3 - Watch
3054,90,5403.27,60.04,29,0,0.0,0.0,4 - Clean
3055,108,6316.26,58.48,39,1,716.5,0.926,3 - Watch
3056,88,4467.35,50.77,33,0,0.0,0.0,4 - Clean
3057,107,5243.19,49.0,33,0,0.0,0.0,4 - Clean
3058,100,4772.11,47.72,32,1,609.75,1.0,3 - Watch
3059,96,6109.34,63.64,29,1,225.41,1.042,3 - Watch
3060,88,4072.94,46.28,31,0,0.0,0.0,4 - Clean
3061,80,3856.44,48.21,25,0,0.0,0.0,4 - Clean
3062,79,4515.58,57.16,29,1,226.04,1.266,3 - Watch
3063,95,5190.43,54.64,29,0,0.0,0.0,4 - Clean
3064,43,1796.97,41.79,18,0,0.0,0.0,4 - Clean
3065,60,3489.28,58.15,25,1,255.53,1.667,3 - Watch
3066,33,2225.85,67.45,12,0,0.0,0.0,4 - Clean
3067,63,2669.52,42.37,24,0,0.0,0.0,4 - Clean
3068,86,4777.41,55.55,28,0,0.0,0.0,4 - Clean
3069,111,5724.22,51.57,34,0,0.0,0.0,4 - Clean
3070,58,2903.82,50.07,20,0,0.0,0.0,4 - Clean
3071,50,2405.71,48.11,21,0,0.0,0.0,4 - Clean
3072,87,4477.65,51.47,33,0,0.0,0.0,4 - Clean
3073,80,4904.79,61.31,30,0,0.0,0.0,4 - Clean
3074,61,2723.42,44.65,26,0,0.0,0.0,4 - Clean
3075,92,5475.3,59.51,30,0,0.0,0.0,4 - Clean
3076,70,3010.53,43.01,29,0,0.0,0.0,4 - Clean
3077,81,4013.45,49.55,27,0,0.0,0.0,4 - Clean
3078,91,5645.11,62.03,32,0,0.0,0.0,4 - Clean
3079,65,2748.71,42.29,24,0,0.0,0.0,4 - Clean
3080,95,5727.9,60.29,34,1,249.1,1.053,3 - Watch
3081,88,4914.07,55.84,34,0,0.0,0.0,4 - Clean
3082,29,1400.89,48.31,11,0,0.0,0.0,4 - Clean
3083,122,6734.03,55.2,36,0,0.0,0.0,4 - Clean
3084,99,5027.09,50.78,29,0,0.0,0.0,4 - Clean
3085,51,2427.52,47.6,21,0,0.0,0.0,4 - Clean
3086,62,2505.12,40.41,28,0,0.0,0.0,4 - Clean
3087,122,7019.23,57.53,33,1,524.85,0.82,3 - Watch
3088,68,3137.46,46.14,26,0,0.0,0.0,4 - Clean
3089,81,3956.95,48.85,24,0,0.0,0.0,4 - Clean
3090,80,4740.53,59.26,19,0,0.0,0.0,4 - Clean
3091,87,5387.18,61.92,31,0,0.0,0.0,4 - Clean
3092,63,3509.62,55.71,24,0,0.0,0.0,4 - Clean
3093,59,3298.01,55.9,23,0,0.0,0.0,4 - Clean
3094,50,2521.74,50.43,17,0,0.0,0.0,4 - Clean
3095,81,4463.44,55.1,31,1,72.4,1.235,3 - Watch
3096,89,5250.89,59.0,31,0,0.0,0.0,4 - Clean
3097,94,3934.39,41.86,31,0,0.0,0.0,4 - Clean
3098,100,6520.37,65.2,29,1,227.93,1.0,3 - Watch
3099,70,3573.74,51.05,30,0,0.0,0.0,4 - Clean
3100,65,2744.65,42.23,16,0,0.0,0.0,4 - Clean
3101,69,3061.17,44.36,16,0,0.0,0.0,4 - Clean
3102,68,4173.09,61.37,21,0,0.0,0.0,4 - Clean
3103,107,5155.61,48.18,25,0,0.0,0.0,4 - Clean
3104,116,7179.8,61.89,35,44,3206.63,37.931,1 - Critical
3105,73,3201.42,43.86,19,0,0.0,0.0,4 - Clean
3106,85,4406.39,51.84,32,1,10.2,1.176,3 - Watch
3107,78,3992.98,51.19,29,0,0.0,0.0,4 - Clean
3108,98,6974.57,71.17,35,1,560.2,1.02,3 - Watch
3109,78,4045.62,51.87,28,0,0.0,0.0,4 - Clean
3110,104,5727.19,55.07,29,0,0.0,0.0,4 - Clean
3111,91,5550.63,61.0,31,0,0.0,0.0,4 - Clean
3112,66,2801.23,42.44,27,0,0.0,0.0,4 - Clean
3113,148,7992.23,54.0,34,1,103.7,0.676,3 - Watch
3114,114,6030.07,52.9,46,0,0.0,0.0,4 - Clean
3115,117,6210.09,53.08,32,0,0.0,0.0,4 - Clean
3116,98,4217.75,43.04,39,0,0.0,0.0,4 - Clean
3117,120,7657.77,63.81,36,1,220.55,0.833,3 - Watch
3118,100,6495.23,64.95,33,0,0.0,0.0,4 - Clean
3119,114,4982.22,43.7,39,1,199.9,0.877,3 - Watch
3120,92,4719.63,51.3,32,0,0.0,0.0,4 - Clean
3121,68,3753.16,55.19,28,0,0.0,0.0,4 - Clean
3122,82,4526.84,55.21,28,1,140.75,1.22,3 - Watch
3123,74,4287.11,57.93,26,0,0.0,0.0,4 - Clean
3124,51,2862.88,56.13,20,1,78.45,1.961,3 - Watch
3125,134,5942.94,44.35,41,0,0.0,0.0,4 - Clean
3126,80,4995.03,62.44,26,0,0.0,0.0,4 - Clean
3127,80,4153.87,51.92,29,0,0.0,0.0,4 - Clean
3128,106,5712.02,53.89,36,0,0.0,0.0,4 - Clean
3129,90,6700.16,74.45,31,0,0.0,0.0,4 - Clean
3130,71,4310.78,60.72,30,0,0.0,0.0,4 - Clean
3131,92,4671.85,50.78,26,0,0.0,0.0,4 - Clean
3132,60,3512.71,58.55,24,0,0.0,0.0,4 - Clean
3133,71,3848.03,54.2,32,0,0.0,0.0,4 - Clean
3134,127,7663.03,60.34,40,2,437.65,1.575,3 - Watch
3135,67,3866.45,57.71,29,0,0.0,0.0,4 - Clean
3136,115,5253.95,45.69,33,0,0.0,0.0,4 - Clean
3137,121,7188.19,59.41,35,0,0.0,0.0,4 - Clean
3138,95,5563.57,58.56,28,0,0.0,0.0,4 - Clean
3139,119,5990.71,50.34,35,0,0.0,0.0,4 - Clean
3140,109,6926.5,63.55,31,1,241.0,0.917,3 - Watch
3141,87,4578.74,52.63,31,0,0.0,0.0,4 - Clean
3142,103,5928.67,57.56,31,0,0.0,0.0,4 - Clean
3143,71,4129.18,58.16,27,0,0.0,0.0,4 - Clean
3144,116,6730.63,58.02,31,1,220.38,0.862,3 - Watch
3145,64,3187.67,49.81,17,0,0.0,0.0,4 - Clean
3146,93,5165.73,55.55,32,1,193.5,1.075,3 - Watch
3147,109,6313.24,57.92,38,1,276.95,0.917,3 - Watch
3148,77,3674.29,47.72,24,1,263.9,1.299,3 - Watch
3149,109,6267.7,57.5,31,0,0.0,0.0,4 - Clean
3150,41,2249.08,54.86,13,0,0.0,0.0,4 - Clean
3151,69,3490.74,50.59,25,0,0.0,0.0,4 - Clean
3152,106,5914.19,55.79,34,2,86.05,1.887,3 - Watch
3153,90,5575.74,61.95,24,0,0.0,0.0,4 - Clean
3154,103,6099.79,59.22,35,1,232.89,0.971,3 - Watch
3155,128,6455.13,50.43,39,0,0.0,0.0,4 - Clean
3156,67,2753.72,41.1,26,0,0.0,0.0,4 - Clean
3157,79,3944.59,49.93,24,0,0.0,0.0,4 - Clean
3158,55,2608.84,47.43,20,0,0.0,0.0,4 - Clean
3159,102,5714.04,56.02,27,0,0.0,0.0,4 - Clean
3160,77,3958.31,51.41,27,0,0.0,0.0,4 - Clean
3161,90,5455.07,60.61,31,0,0.0,0.0,4 - Clean
3162,85,3902.98,45.92,26,0,0.0,0.0,4 - Clean
3163,87,5259.52,60.45,27,1,164.35,1.149,3 - Watch
3164,87,3781.97,43.47,35,0,0.0,0.0,4 - Clean
3165,67,3210.34,47.92,26,0,0.0,0.0,4 - Clean
3166,80,4695.05,58.69,30,0,0.0,0.0,4 - Clean
3167,85,4403.25,51.8,32,2,146.9,2.353,2 - High
3168,127,6455.92,50.83,38,1,538.8,0.787,3 - Watch
3169,112,4564.82,40.76,41,0,0.0,0.0,4 - Clean
3170,83,2954.1,35.59,31,0,0.0,0.0,4 - Clean
3171,80,4469.28,55.87,29,0,0.0,0.0,4 - Clean
3172,88,4302.53,48.89,29,0,0.0,0.0,4 - Clean
3173,66,3410.75,51.68,24,0,0.0,0.0,4 - Clean
3174,57,3001.01,52.65,20,0,0.0,0.0,4 - Clean
3175,65,3325.99,51.17,23,0,0.0,0.0,4 - Clean
3176,75,3813.35,50.84,27,0,0.0,0.0,4 - Clean
3177,53,3165.31,59.72,19,0,0.0,0.0,4 - Clean
3178,73,3982.33,54.55,30,1,223.38,1.37,3 - Watch
3179,56,3137.81,56.03,26,0,0.0,0.0,4 - Clean
3180,81,3818.54,47.14,26,0,0.0,0.0,4 - Clean
3181,83,4783.17,57.63,28,0,0.0,0.0,4 - Clean
3182,66,4205.63,63.72,24,0,0.0,0.0,4 - Clean
3183,79,4639.76,58.73,25,0,0.0,0.0,4 - Clean
3184,95,4626.1,48.7,33,0,0.0,0.0,4 - Clean
3185,84,4527.25,53.9,32,0,0.0,0.0,4 - Clean
3186,79,4665.12,59.05,33,0,0.0,0.0,4 - Clean
3187,62,3813.57,61.51,27,1,237.11,1.613,3 - Watch
3188,78,3610.36,46.29,25,0,0.0,0.0,4 - Clean
3189,63,3240.37,51.43,16,1,629.55,1.587,3 - Watch
3190,80,3886.2,48.58,28,0,0.0,0.0,4 - Clean
3191,109,4516.62,41.44,34,0,0.0,0.0,4 - Clean
3192,106,5386.99,50.82,38,1,362.15,0.943,3 - Watch
3193,74,4364.09,58.97,28,0,0.0,0.0,4 - Clean
3194,94,5050.98,53.73,40,0,0.0,0.0,4 - Clean
3195,88,5995.49,68.13,20,0,0.0,0.0,4 - Clean
3196,78,4395.05,56.35,25,0,0.0,0.0,4 - Clean
3197,61,3169.25,51.95,27,0,0.0,0.0,4 - Clean
3198,97,5326.15,54.91,38,0,0.0,0.0,4 - Clean
3199,149,7641.97,51.29,38,0,0.0,0.0,4 - Clean
3200,88,5265.83,59.84,27,0,0.0,0.0,4 - Clean
3201,71,4211.28,59.31,30,0,0.0,0.0,4 - Clean
3202,83,4919.46,59.27,26,0,0.0,0.0,4 - Clean
3203,69,4009.71,58.11,26,0,0.0,0.0,4 - Clean
3204,102,5204.0,51.02,30,0,0.0,0.0,4 - Clean
3205,89,4610.54,51.8,33,1,14.65,1.124,3 - Watch
3206,72,3741.63,51.97,27,0,0.0,0.0,4 - Clean
3207,54,3388.47,62.75,22,0,0.0,0.0,4 - Clean
3208,76,4857.37,63.91,33,0,0.0,0.0,4 - Clean
3209,149,8827.24,59.24,33,1,194.05,0.671,3 - Watch
3210,114,6526.92,57.25,26,0,0.0,0.0,4 - Clean
3211,89,4032.19,45.31,33,1,114.05,1.124,3 - Watch
3212,78,4547.36,58.3,25,0,0.0,0.0,4 - Clean
3213,105,6105.19,58.14,32,0,0.0,0.0,4 - Clean
3214,80,3221.42,40.27,23,0,0.0,0.0,4 - Clean
3215,94,5397.91,57.42,33,0,0.0,0.0,4 - Clean
3216,79,4226.31,53.5,27,0,0.0,0.0,4 - Clean
3217,68,3916.57,57.6,28,0,0.0,0.0,4 - Clean
3218,102,4852.15,47.57,33,0,0.0,0.0,4 - Clean
3219,81,4529.58,55.92,33,0,0.0,0.0,4 - Clean
3220,96,5649.62,58.85,39,0,0.0,0.0,4 - Clean
3221,94,5694.89,60.58,37,0,0.0,0.0,4 - Clean
3222,134,5712.92,42.63,42,1,118.35,0.746,3 - Watch
3223,100,5468.54,54.69,35,1,149.15,1.0,3 - Watch
3224,70,4183.34,59.76,20,23,1277.35,32.857,1 - Critical
3225,64,3487.48,54.49,29,0,0.0,0.0,4 - Clean
3226,86,5257.7,61.14,30,1,227.63,1.163,3 - Watch
3227,75,4374.61,58.33,27,1,89.5,1.333,3 - Watch
3228,89,5571.33,62.6,32,0,0.0,0.0,4 - Clean
3229,116,6257.98,53.95,42,0,0.0,0.0,4 - Clean
3230,98,5337.0,54.46,33,0,0.0,0.0,4 - Clean
3231,112,5684.26,50.75,30,1,351.85,0.893,3 - Watch
3232,85,4302.84,50.62,24,2,415.7,2.353,2 - High
3233,88,4671.27,53.08,33,0,0.0,0.0,4 - Clean
3234,137,7822.07,57.1,45,1,211.65,0.73,3 - Watch
3235,109,5019.85,46.05,39,0,0.0,0.0,4 - Clean
3236,88,5806.02,65.98,24,0,0.0,0.0,4 - Clean
3237,74,3871.1,52.31,23,1,374.6,1.351,3 - Watch
3238,92,4204.76,45.7,31,0,0.0,0.0,4 - Clean
3239,77,4091.08,53.13,28,0,0.0,0.0,4 - Clean
3240,59,2855.03,48.39,24,0,0.0,0.0,4 - Clean
3241,74,4134.45,55.87,29,0,0.0,0.0,4 - Clean
3242,71,4201.19,59.17,27,0,0.0,0.0,4 - Clean
3243,127,7886.87,62.1,33,0,0.0,0.0,4 - Clean
3244,71,4168.93,58.72,23,1,156.7,1.408,3 - Watch
3245,104,6026.27,57.94,39,0,0.0,0.0,4 - Clean
3246,66,4399.43,66.66,24,0,0.0,0.0,4 - Clean
3247,120,7576.5,63.14,28,1,472.15,0.833,3 - Watch
3248,76,4688.68,61.69,28,0,0.0,0.0,4 - Clean
3249,120,7201.86,60.02,30,0,0.0,0.0,4 - Clean
3250,98,5252.38,53.6,40,1,350.45,1.02,3 - Watch
3251,72,5206.42,72.31,20,0,0.0,0.0,4 - Clean
3252,94,5393.24,57.37,34,1,205.45,1.064,3 - Watch
3253,71,4169.55,58.73,28,0,0.0,0.0,4 - Clean
3254,132,7065.1,53.52,44,0,0.0,0.0,4 - Clean
3255,87,5154.34,59.25,32,0,0.0,0.0,4 - Clean
3256,71,4285.05,60.35,26,0,0.0,0.0,4 - Clean
3257,77,4468.99,58.04,27,0,0.0,0.0,4 - Clean
3258,86,5728.5,66.61,26,0,0.0,0.0,4 - Clean
3259,86,4688.77,54.52,27,1,59.55,1.163,3 - Watch
3260,56,2667.96,47.64,25,0,0.0,0.0,4 - Clean
3261,81,3654.41,45.12,28,2,384.0,2.469,2 - High
3262,99,5042.38,50.93,30,0,0.0,0.0,4 - Clean
3263,88,5419.36,61.58,30,0,0.0,0.0,4 - Clean
3264,117,6237.96,53.32,34,0,0.0,0.0,4 - Clean
3265,105,6080.96,57.91,33,0,0.0,0.0,4 - Clean
3266,80,4960.03,62.0,32,0,0.0,0.0,4 - Clean
3267,74,3019.73,40.81,29,1,112.75,1.351,3 - Watch
3268,92,4653.01,50.58,31,0,0.0,0.0,4 - Clean
3269,128,5794.52,45.27,30,0,0.0,0.0,4 - Clean
3270,75,4378.93,58.39,28,0,0.0,0.0,4 - Clean
3271,65,3145.86,48.4,27,1,231.5,1.538,3 - Watch
3272,73,3579.31,49.03,21,1,58.35,1.37,3 - Watch
3273,86,3803.55,44.23,32,0,0.0,0.0,4 - Clean
3274,85,4922.05,57.91,25,0,0.0,0.0,4 - Clean
3275,67,3284.81,49.03,24,0,0.0,0.0,4 - Clean
3276,87,4841.58,55.65,32,0,0.0,0.0,4 - Clean
3277,87,4781.81,54.96,27,0,0.0,0.0,4 - Clean
3278,71,2985.86,42.05,28,0,0.0,0.0,4 - Clean
3279,120,5802.0,48.35,36,0,0.0,0.0,4 - Clean
3280,76,5123.85,67.42,18,2,697.0,2.632,2 - High
3281,65,3392.13,52.19,20,0,0.0,0.0,4 - Clean
3282,105,6099.43,58.09,33,0,0.0,0.0,4 - Clean
3283,67,3872.84,57.8,33,0,0.0,0.0,4 - Clean
3284,65,4471.57,68.79,23,0,0.0,0.0,4 - Clean
3285,73,3456.54,47.35,26,1,82.8,1.37,3 - Watch
3286,76,4154.99,54.67,26,0,0.0,0.0,4 - Clean
3287,77,3814.99,49.55,32,0,0.0,0.0,4 - Clean
3288,105,5811.5,55.35,35,0,0.0,0.0,4 - Clean
3289,138,7220.29,52.32,34,0,0.0,0.0,4 - Clean
3290,63,3135.77,49.77,25,0,0.0,0.0,4 - Clean
3291,75,4027.83,53.7,25,0,0.0,0.0,4 - Clean
3292,114,6247.84,54.81,35,0,0.0,0.0,4 - Clean
3293,51,2979.97,58.43,16,0,0.0,0.0,4 - Clean
3294,117,7272.86,62.16,33,1,231.85,0.855,3 - Watch
3295,76,4537.02,59.7,26,0,0.0,0.0,4 - Clean
3296,65,4272.81,65.74,20,0,0.0,0.0,4 - Clean
3297,71,3429.94,48.31,25,0,0.0,0.0,4 - Clean
3298,106,4927.56,46.49,37,0,0.0,0.0,4 - Clean
3299,83,5097.43,61.41,30,0,0.0,0.0,4 - Clean
3300,120,5103.29,42.53,33,0,0.0,0.0,4 - Clean
3301,110,6929.8,63.0,38,0,0.0,0.0,4 - Clean
3302,112,6036.07,53.89,36,0,0.0,0.0,4 - Clean
3303,91,4104.86,45.11,31,0,0.0,0.0,4 - Clean
3304,134,7108.68,53.05,36,1,245.69,0.746,3 - Watch
3305,126,5492.99,43.6,42,0,0.0,0.0,4 - Clean
3306,101,5343.43,52.91,37,0,0.0,0.0,4 - Clean
3307,92,5887.75,64.0,26,0,0.0,0.0,4 - Clean
3308,121,7115.41,58.81,33,3,1358.39,2.479,2 - High
3309,79,4256.7,53.88,28,2,614.52,2.532,2 - High
3310,66,3086.35,46.76,26,0,0.0,0.0,4 - Clean
3311,88,5204.57,59.14,33,0,0.0,0.0,4 - Clean
3312,87,5136.36,59.04,27,0,0.0,0.0,4 - Clean
3313,102,5327.3,52.23,34,0,0.0,0.0,4 - Clean
3314,93,6076.23,65.34,22,0,0.0,0.0,4 - Clean
3315,90,5485.13,60.95,21,0,0.0,0.0,4 - Clean
3316,104,7265.75,69.86,41,2,283.1,1.923,3 - Watch
3317,74,4284.68,57.9,31,0,0.0,0.0,4 - Clean
3318,91,4803.82,52.79,28,0,0.0,0.0,4 - Clean
3319,94,4933.64,52.49,28,0,0.0,0.0,4 - Clean
3320,118,5526.97,46.84,36,0,0.0,0.0,4 - Clean
3321,74,4204.46,56.82,25,0,0.0,0.0,4 - Clean
3322,76,4202.42,55.3,27,0,0.0,0.0,4 - Clean
3323,71,3423.23,48.21,26,0,0.0,0.0,4 - Clean
3324,83,4624.46,55.72,32,0,0.0,0.0,4 - Clean
3325,94,5040.7,53.62,31,0,0.0,0.0,4 - Clean
3326,160,8292.9,51.83,42,0,0.0,0.0,4 - Clean
3327,96,4968.0,51.75,29,0,0.0,0.0,4 - Clean
3328,55,3062.18,55.68,24,3,196.9,5.455,1 - Critical
3329,92,5387.56,58.56,34,0,0.0,0.0,4 - Clean
3330,102,6491.93,63.65,32,1,414.0,0.98,3 - Watch
3331,99,3853.71,38.93,33,0,0.0,0.0,4 - Clean
3332,83,4158.95,50.11,30,0,0.0,0.0,4 - Clean
3333,128,6911.88,54.0,41,0,0.0,0.0,4 - Clean
3334,91,5901.92,64.86,29,3,576.92,3.297,2 - High
3335,95,5623.76,59.2,31,1,71.75,1.053,3 - Watch
3336,101,6537.34,64.73,29,0,0.0,0.0,4 - Clean
3337,44,2135.85,48.54,14,0,0.0,0.0,4 - Clean
3338,76,3614.73,47.56,27,0,0.0,0.0,4 - Clean
3339,66,4038.78,61.19,22,1,229.76,1.515,3 - Watch
3340,77,4202.77,54.58,32,0,0.0,0.0,4 - Clean
3341,86,3103.43,36.09,32,0,0.0,0.0,4 - Clean
3342,73,4337.38,59.42,22,0,0.0,0.0,4 - Clean
3343,101,5679.71,56.23,31,0,0.0,0.0,4 - Clean
3344,95,4567.44,48.08,28,1,247.45,1.053,3 - Watch
3345,108,6144.3,56.89,38,1,548.85,0.926,3 - Watch
3346,73,3551.2,48.65,29,21,905.62,28.767,1 - Critical
3347,108,4991.41,46.22,32,0,0.0,0.0,4 - Clean
3348,94,5692.99,60.56,34,1,205.0,1.064,3 - Watch
3349,110,5165.68,46.96,39,1,365.2,0.909,3 - Watch
3350,58,3039.13,52.4,23,1,240.25,1.724,3 - Watch
3351,58,2816.99,48.57,17,0,0.0,0.0,4 - Clean
3352,72,4176.68,58.01,23,0,0.0,0.0,4 - Clean
3353,111,5919.6,53.33,39,1,85.65,0.901,3 - Watch
3354,85,3795.9,44.66,30,2,82.85,2.353,2 - High
3355,86,4183.4,48.64,31,0,0.0,0.0,4 - Clean
3356,114,6991.58,61.33,31,0,0.0,0.0,4 - Clean
3357,122,7484.72,61.35,37,0,0.0,0.0,4 - Clean
3358,88,5599.01,63.63,28,1,477.35,1.136,3 - Watch
3359,59,3692.22,62.58,25,0,0.0,0.0,4 - Clean
3360,73,5305.7,72.68,27,0,0.0,0.0,4 - Clean
3361,74,4229.84,57.16,26,0,0.0,0.0,4 - Clean
3362,65,4883.04,75.12,28,0,0.0,0.0,4 - Clean
3363,76,4040.95,53.17,28,0,0.0,0.0,4 - Clean
3364,71,3683.26,51.88,28,0,0.0,0.0,4 - Clean
3365,95,5220.69,54.95,28,1,238.75,1.053,3 - Watch
3366,88,5859.34,66.58,24,1,496.7,1.136,3 - Watch
3367,109,5089.33,46.69,33,0,0.0,0.0,4 - Clean
3368,56,2878.85,51.41,22,1,254.2,1.786,3 - Watch
3369,84,4485.19,53.4,31,0,0.0,0.0,4 - Clean
3370,74,4115.05,55.61,28,0,0.0,0.0,4 - Clean
3371,83,4178.66,50.35,29,0,0.0,0.0,4 - Clean
3372,96,5884.74,61.3,30,0,0.0,0.0,4 - Clean
3373,111,3831.82,34.52,31,0,0.0,0.0,4 - Clean
3374,106,6227.19,58.75,34,1,339.7,0.943,3 - Watch
3375,98,4782.92,48.81,37,0,0.0,0.0,4 - Clean
3376,50,2529.2,50.58,25,1,62.25,2.0,2 - High
3377,74,3668.06,49.57,34,0,0.0,0.0,4 - Clean
3378,70,4136.59,59.09,29,1,100.75,1.429,3 - Watch
3379,67,3655.91,54.57,23,0,0.0,0.0,4 - Clean
3380,67,4110.65,61.35,27,1,672.8,1.493,3 - Watch
3381,96,5622.02,58.56,39,1,363.2,1.042,3 - Watch
3382,108,5321.69,49.27,29,0,0.0,0.0,4 - Clean
3383,78,5175.76,66.36,29,1,225.35,1.282,3 - Watch
3384,122,5020.32,41.15,35,1,152.8,0.82,3 - Watch
3385,68,4586.81,67.45,24,1,587.7,1.471,3 - Watch
3386,67,3055.65,45.61,23,0,0.0,0.0,4 - Clean
3387,73,3360.07,46.03,27,0,0.0,0.0,4 - Clean
3388,99,5420.71,54.75,26,0,0.0,0.0,4 - Clean
3389,61,3417.67,56.03,28,0,0.0,0.0,4 - Clean
3390,105,4445.13,42.33,29,0,0.0,0.0,4 - Clean
3391,102,5997.95,58.8,26,0,0.0,0.0,4 - Clean
3392,128,8006.19,62.55,33,0,0.0,0.0,4 - Clean
3393,94,5207.89,55.4,31,0,0.0,0.0,4 - Clean
3394,55,2630.88,47.83,23,0,0.0,0.0,4 - Clean
3395,69,3842.09,55.68,24,0,0.0,0.0,4 - Clean
3396,81,4318.52,53.32,23,0,0.0,0.0,4 - Clean
3397,89,4313.96,48.47,29,0,0.0,0.0,4 - Clean
3398,88,4745.72,53.93,33,1,708.2,1.136,3 - Watch
3399,121,6716.17,55.51,36,1,702.85,0.826,3 - Watch
3400,56,2486.35,44.4,25,0,0.0,0.0,4 - Clean
3401,119,5939.47,49.91,37,1,40.75,0.84,3 - Watch
3402,87,5038.05,57.91,34,1,234.81,1.149,3 - Watch
3403,95,5993.39,63.09,36,0,0.0,0.0,4 - Clean
3404,93,4595.4,49.41,33,1,16.4,1.075,3 - Watch
3405,90,4238.03,47.09,25,1,105.35,1.111,3 - Watch
3406,114,6117.6,53.66,36,1,157.15,0.877,3 - Watch
3407,95,3766.23,39.64,28,1,127.45,1.053,3 - Watch
3408,92,5124.65,55.7,29,0,0.0,0.0,4 - Clean
3409,95,6148.43,64.72,28,0,0.0,0.0,4 - Clean
3410,108,4790.88,44.36,32,0,0.0,0.0,4 - Clean
3411,119,6079.38,51.09,31,1,297.55,0.84,3 - Watch
3412,78,3945.78,50.59,31,0,0.0,0.0,4 - Clean
3413,97,4911.16,50.63,31,27,1441.46,27.835,1 - Critical
3414,129,6941.02,53.81,41,0,0.0,0.0,4 - Clean
3415,93,4132.46,44.44,33,1,77.1,1.075,3 - Watch
3416,72,3450.14,47.92,28,0,0.0,0.0,4 - Clean
3417,76,5088.78,66.96,33,0,0.0,0.0,4 - Clean
3418,147,8048.02,54.75,37,2,138.75,1.361,3 - Watch
3419,102,4799.1,47.05,30,1,154.05,0.98,3 - Watch
3420,67,4043.2,60.35,24,0,0.0,0.0,4 - Clean
3421,116,6465.0,55.73,38,2,122.55,1.724,3 - Watch
3422,108,5341.05,49.45,38,0,0.0,0.0,4 - Clean
3423,116,5846.69,50.4,37,1,336.65,0.862,3 - Watch
3424,102,7080.26,69.41,29,2,553.6,1.961,3 - Watch
3425,116,5930.93,51.13,35,0,0.0,0.0,4 - Clean
3426,105,6183.04,58.89,37,1,50.3,0.952,3 - Watch
3427,82,3821.44,46.6,31,0,0.0,0.0,4 - Clean
3428,83,5496.24,66.22,27,2,732.15,2.41,2 - High
3429,96,3465.12,36.1,31,0,0.0,0.0,4 - Clean
3430,92,3570.43,38.81,28,0,0.0,0.0,4 - Clean
3431,116,6727.58,58.0,31,0,0.0,0.0,4 - Clean
3432,92,4634.48,50.37,31,0,0.0,0.0,4 - Clean
3433,119,7308.79,61.42,46,11,1023.35,9.244,1 - Critical
3434,74,4317.41,58.34,27,1,224.03,1.351,3 - Watch
3435,77,4695.64,60.98,25,0,0.0,0.0,4 - Clean
3436,107,7092.82,66.29,34,0,0.0,0.0,4 - Clean
3437,87,4267.83,49.06,29,0,0.0,0.0,4 - Clean
3438,94,4653.04,49.5,30,0,0.0,0.0,4 - Clean
3439,101,4609.28,45.64,30,0,0.0,0.0,4 - Clean
3440,63,3854.12,61.18,26,0,0.0,0.0,4 - Clean
3441,103,5111.72,49.63,31,0,0.0,0.0,4 - Clean
3442,96,6385.92,66.52,34,0,0.0,0.0,4 - Clean
3443,77,3732.51,48.47,24,1,274.4,1.299,3 - Watch
3444,92,5623.84,61.13,30,1,268.9,1.087,3 - Watch
3445,94,6907.81,73.49,24,3,1288.2,3.191,2 - High
3446,69,2769.14,40.13,28,0,0.0,0.0,4 - Clean
3447,92,4927.12,53.56,28,0,0.0,0.0,4 - Clean
3448,81,3844.91,47.47,27,0,0.0,0.0,4 - Clean
3449,58,3515.79,60.62,28,0,0.0,0.0,4 - Clean
3450,115,7515.3,65.35,37,0,0.0,0.0,4 - Clean
3451,57,2839.85,49.82,23,0,0.0,0.0,4 - Clean
3452,66,4131.83,62.6,20,0,0.0,0.0,4 - Clean
3453,92,5301.71,57.63,29,0,0.0,0.0,4 - Clean
3454,73,3694.91,50.62,30,0,0.0,0.0,4 - Clean
3455,58,3314.08,57.14,19,0,0.0,0.0,4 - Clean
3456,80,3852.91,48.16,28,0,0.0,0.0,4 - Clean
3457,79,4977.23,63.0,26,0,0.0,0.0,4 - Clean
3458,75,4778.24,63.71,29,1,225.95,1.333,3 - Watch
3459,61,2793.1,45.79,25,0,0.0,0.0,4 - Clean
3460,58,3481.13,60.02,24,1,49.4,1.724,3 - Watch
3461,90,4741.09,52.68,31,0,0.0,0.0,4 - Clean
3462,111,7260.8,65.41,30,2,508.4,1.802,3 - Watch
3463,93,5216.04,56.09,32,1,287.79,1.075,3 - Watch
3464,57,2852.23,50.04,24,0,0.0,0.0,4 - Clean
3465,98,5911.53,60.32,32,34,2524.36,34.694,1 - Critical
3466,64,3502.25,54.72,27,0,0.0,0.0,4 - Clean
3467,67,3517.4,52.5,20,0,0.0,0.0,4 - Clean
3468,86,4326.54,50.31,31,0,0.0,0.0,4 - Clean
3469,86,5644.5,65.63,32,0,0.0,0.0,4 - Clean
3470,70,4267.26,60.96,19,0,0.0,0.0,4 - Clean
3471,56,2816.26,50.29,23,0,0.0,0.0,4 - Clean
3472,66,3984.39,60.37,22,23,1455.65,34.848,1 - Critical
3473,74,3154.33,42.63,29,1,383.0,1.351,3 - Watch
3474,69,3174.4,46.01,21,0,0.0,0.0,4 - Clean
3475,87,4560.14,52.42,24,1,234.28,1.149,3 - Watch
3476,90,5369.66,59.66,32,0,0.0,0.0,4 - Clean
3477,124,7267.86,58.61,36,1,19.2,0.806,3 - Watch
3478,111,6695.69,60.32,28,2,848.85,1.802,3 - Watch
3479,72,3693.76,51.3,26,0,0.0,0.0,4 - Clean
3480,82,4443.06,54.18,23,0,0.0,0.0,4 - Clean
3481,96,4755.39,49.54,30,0,0.0,0.0,4 - Clean
3482,65,3384.27,52.07,22,0,0.0,0.0,4 - Clean
3483,139,6915.05,49.75,37,0,0.0,0.0,4 - Clean
3484,99,4187.6,42.3,28,1,377.55,1.01,3 - Watch
3485,75,4450.24,59.34,29,1,242.95,1.333,3 - Watch
3486,86,4869.48,56.62,29,0,0.0,0.0,4 - Clean
3487,87,5129.86,58.96,28,0,0.0,0.0,4 - Clean
3488,73,3978.07,54.49,29,0,0.0,0.0,4 - Clean
3489,81,3954.66,48.82,30,0,0.0,0.0,4 - Clean
3490,88,4674.62,53.12,26,0,0.0,0.0,4 - Clean
3491,82,5225.1,63.72,31,0,0.0,0.0,4 - Clean
3492,84,5280.98,62.87,27,0,0.0,0.0,4 - Clean
3493,95,4997.04,52.6,29,0,0.0,0.0,4 - Clean
3494,86,4896.6,56.94,31,0,0.0,0.0,4 - Clean
3495,63,3160.7,50.17,28,0,0.0,0.0,4 - Clean
3496,90,3061.58,34.02,29,0,0.0,0.0,4 - Clean
3497,78,4166.1,53.41,28,0,0.0,0.0,4 - Clean
3498,108,5538.06,51.28,35,1,340.05,0.926,3 - Watch
3499,78,3229.88,41.41,27,0,0.0,0.0,4 - Clean
3500,97,6193.07,63.85,35,1,359.6,1.031,3 - Watch
3501,80,4703.84,58.8,22,0,0.0,0.0,4 - Clean
3502,87,4548.71,52.28,29,0,0.0,0.0,4 - Clean
3503,85,4192.56,49.32,35,0,0.0,0.0,4 - Clean
3504,100,5065.89,50.66,35,0,0.0,0.0,4 - Clean
3505,72,3325.96,46.19,25,0,0.0,0.0,4 - Clean
3506,86,3997.73,46.49,28,1,68.05,1.163,3 - Watch
3507,75,3895.77,51.94,26,1,72.25,1.333,3 - Watch
3508,90,4833.82,53.71,30,0,0.0,0.0,4 - Clean
3509,128,5353.62,41.83,41,0,0.0,0.0,4 - Clean
3510,90,4207.79,46.75,29,0,0.0,0.0,4 - Clean
3511,106,5120.62,48.31,39,0,0.0,0.0,4 - Clean
3512,84,4634.43,55.17,29,0,0.0,0.0,4 - Clean
3513,71,3096.2,43.61,27,0,0.0,0.0,4 - Clean
3514,77,4279.22,55.57,20,1,473.65,1.299,3 - Watch
3515,67,3648.44,54.45,23,0,0.0,0.0,4 - Clean
3516,81,3494.41,43.14,30,0,0.0,0.0,4 - Clean
3517,112,6906.4,61.66,39,1,618.35,0.893,3 - Watch
3518,81,4619.03,57.03,29,0,0.0,0.0,4 - Clean
3519,88,4156.06,47.23,27,0,0.0,0.0,4 - Clean
3520,99,5237.2,52.9,34,1,404.0,1.01,3 - Watch
3521,137,7866.32,57.42,37,1,72.65,0.73,3 - Watch
3522,69,3387.23,49.09,29,1,596.0,1.449,3 - Watch
3523,91,4571.08,50.23,32,0,0.0,0.0,4 - Clean
3524,75,4167.92,55.57,30,0,0.0,0.0,4 - Clean
3525,92,4463.45,48.52,28,0,0.0,0.0,4 - Clean
3526,26,1659.69,63.83,10,0,0.0,0.0,4 - Clean
3527,98,5014.08,51.16,35,0,0.0,0.0,4 - Clean
3528,82,5239.7,63.9,28,0,0.0,0.0,4 - Clean
3529,56,3234.49,57.76,24,0,0.0,0.0,4 - Clean
3530,57,2111.67,37.05,23,0,0.0,0.0,4 - Clean
3531,84,4673.48,55.64,28,0,0.0,0.0,4 - Clean
3532,108,4766.85,44.14,37,0,0.0,0.0,4 - Clean
3533,96,5602.33,58.36,28,2,716.7,2.083,2 - High
3534,85,5603.88,65.93,26,0,0.0,0.0,4 - Clean
3535,58,3040.38,52.42,25,1,241.55,1.724,3 - Watch
3536,99,5248.41,53.01,31,0,0.0,0.0,4 - Clean
3537,119,5395.18,45.34,32,0,0.0,0.0,4 - Clean
3538,104,5562.25,53.48,35,0,0.0,0.0,4 - Clean
3539,122,6350.8,52.06,40,0,0.0,0.0,4 - Clean
3540,63,2857.38,45.36,26,0,0.0,0.0,4 - Clean
3541,80,4149.99,51.87,35,0,0.0,0.0,4 - Clean
3542,71,3349.24,47.17,22,0,0.0,0.0,4 - Clean
3543,82,4180.79,50.99,34,0,0.0,0.0,4 - Clean
3544,92,6892.61,74.92,29,1,147.5,1.087,3 - Watch
3545,102,4824.52,47.3,35,0,0.0,0.0,4 - Clean
3546,88,3585.29,40.74,26,0,0.0,0.0,4 - Clean
3547,64,3553.45,55.52,16,0,0.0,0.0,4 - Clean
3548,77,3955.9,51.38,20,0,0.0,0.0,4 - Clean
3549,61,3264.25,53.51,20,0,0.0,0.0,4 - Clean
3550,119,5798.3,48.73,30,0,0.0,0.0,4 - Clean
3551,94,5444.1,57.92,30,0,0.0,0.0,4 - Clean
3552,91,4937.43,54.26,32,1,227.16,1.099,3 - Watch
3553,92,4729.6,51.41,33,1,98.55,1.087,3 - Watch
3554,128,4638.89,36.24,35,0,0.0,0.0,4 - Clean
3555,106,5534.74,52.21,35,30,1327.79,28.302,1 - Critical
3556,30,1313.94,43.8,10,0,0.0,0.0,4 - Clean
3557,98,4652.42,47.47,34,0,0.0,0.0,4 - Clean
3558,128,7324.08,57.22,37,1,214.35,0.781,3 - Watch
3559,115,4524.83,39.35,38,0,0.0,0.0,4 - Clean
3560,42,2558.64,60.92,20,0,0.0,0.0,4 - Clean
3561,88,4864.65,55.28,27,0,0.0,0.0,4 - Clean
3562,56,2078.36,37.11,22,0,0.0,0.0,4 - Clean
3563,67,3474.67,51.86,33,0,0.0,0.0,4 - Clean
3564,53,2464.08,46.49,24,0,0.0,0.0,4 - Clean
3565,88,3533.78,40.16,29,0,0.0,0.0,4 - Clean
3566,106,5910.79,55.76,34,0,0.0,0.0,4 - Clean
3567,55,3471.91,63.13,24,0,0.0,0.0,4 - Clean
3568,73,3979.59,54.51,29,0,0.0,0.0,4 - Clean
3569,56,3541.95,63.25,17,0,0.0,0.0,4 - Clean
3570,69,3293.82,47.74,24,0,0.0,0.0,4 - Clean
3571,135,7175.65,53.15,33,1,196.25,0.741,3 - Watch
3572,98,5116.3,52.21,33,0,0.0,0.0,4 - Clean
3573,75,3194.77,42.6,25,0,0.0,0.0,4 - Clean
3574,110,6015.15,54.68,34,0,0.0,0.0,4 - Clean
3575,50,3198.47,63.97,15,0,0.0,0.0,4 - Clean
3576,83,4938.76,59.5,27,1,394.1,1.205,3 - Watch
3577,83,4513.85,54.38,26,0,0.0,0.0,4 - Clean
3578,96,5437.71,56.64,30,0,0.0,0.0,4 - Clean
3579,122,6919.93,56.72,39,0,0.0,0.0,4 - Clean
3580,92,5146.98,55.95,32,0,0.0,0.0,4 - Clean
3581,92,3881.61,42.19,32,0,0.0,0.0,4 - Clean
3582,89,4594.69,51.63,29,0,0.0,0.0,4 - Clean
3583,84,3846.84,45.8,29,0,0.0,0.0,4 - Clean
3584,111,5860.25,52.8,34,3,324.95,2.703,2 - High
3585,110,5428.85,49.35,40,0,0.0,0.0,4 - Clean
3586,93,5592.8,60.14,28,0,0.0,0.0,4 - Clean
3587,69,3702.26,53.66,25,0,0.0,0.0,4 - Clean
3588,99,5724.56,57.82,30,0,0.0,0.0,4 - Clean
3589,89,4651.31,52.26,34,0,0.0,0.0,4 - Clean
3590,102,4903.3,48.07,37,0,0.0,0.0,4 - Clean
3591,109,5802.77,53.24,39,0,0.0,0.0,4 - Clean
3592,71,4067.83,57.29,30,0,0.0,0.0,4 - Clean
3593,57,2654.01,46.56,22,0,0.0,0.0,4 - Clean
3594,84,4332.91,51.58,30,0,0.0,0.0,4 - Clean
3595,102,4859.98,47.65,41,0,0.0,0.0,4 - Clean
3596,123,6609.55,53.74,43,0,0.0,0.0,4 - Clean
3597,85,4718.57,55.51,26,0,0.0,0.0,4 - Clean
3598,112,5499.44,49.1,32,0,0.0,0.0,4 - Clean
3599,102,5274.89,51.71,33,0,0.0,0.0,4 - Clean
3600,62,3471.62,55.99,24,0,0.0,0.0,4 - Clean
3601,109,4928.28,45.21,38,1,76.65,0.917,3 - Watch
3602,103,5787.79,56.19,29,0,0.0,0.0,4 - Clean
3603,82,3865.0,47.13,27,0,0.0,0.0,4 - Clean
3604,55,2910.18,52.91,21,0,0.0,0.0,4 - Clean
3605,73,4469.55,61.23,35,0,0.0,0.0,4 - Clean
3606,105,6010.72,57.24,43,0,0.0,0.0,4 - Clean
3607,81,5054.83,62.41,32,1,77.05,1.235,3 - Watch
3608,62,2871.12,46.31,19,0,0.0,0.0,4 - Clean
3609,114,6267.44,54.98,39,0,0.0,0.0,4 - Clean
3610,85,4804.66,56.53,29,0,0.0,0.0,4 - Clean
3611,76,4057.83,53.39,24,0,0.0,0.0,4 - Clean
3612,94,5725.17,60.91,33,1,509.6,1.064,3 - Watch
3613,90,4381.32,48.68,31,0,0.0,0.0,4 - Clean
3614,80,5051.54,63.14,33,0,0.0,0.0,4 - Clean
3615,87,3203.36,36.82,28,0,0.0,0.0,4 - Clean
3616,79,3884.59,49.17,29,0,0.0,0.0,4 - Clean
3617,109,6238.54,57.23,36,0,0.0,0.0,4 - Clean
3618,97,4475.93,46.14,37,0,0.0,0.0,4 - Clean
3619,104,5931.12,57.03,34,17,805.65,16.346,1 - Critical
3620,67,3910.15,58.36,21,0,0.0,0.0,4 - Clean
3621,98,6275.62,64.04,29,1,250.83,1.02,3 - Watch
3622,77,5035.31,65.39,21,0,0.0,0.0,4 - Clean
3623,84,4219.23,50.23,25,0,0.0,0.0,4 - Clean
3624,91,5115.02,56.21,32,0,0.0,0.0,4 - Clean
3625,109,5322.58,48.83,37,0,0.0,0.0,4 - Clean
3626,62,3212.16,51.81,23,0,0.0,0.0,4 - Clean
3627,69,3994.62,57.89,23,0,0.0,0.0,4 - Clean
3628,97,5712.51,58.89,29,1,320.3,1.031,3 - Watch
3629,51,3040.77,59.62,15,0,0.0,0.0,4 - Clean
3630,73,3241.47,44.4,23,0,0.0,0.0,4 - Clean
3631,80,3370.2,42.13,27,0,0.0,0.0,4 - Clean
3632,96,4225.42,44.01,20,0,0.0,0.0,4 - Clean
3633,78,3157.36,40.48,25,0,0.0,0.0,4 - Clean
3634,96,6551.11,68.24,25,1,403.55,1.042,3 - Watch
3635,98,5204.32,53.11,34,0,0.0,0.0,4 - Clean
3636,122,6851.07,56.16,32,0,0.0,0.0,4 - Clean
3637,117,5687.81,48.61,32,19,846.76,16.239,1 - Critical
3638,102,3707.56,36.35,30,0,0.0,0.0,4 - Clean
3639,72,3814.05,52.97,26,0,0.0,0.0,4 - Clean
3640,115,5578.04,48.5,38,0,0.0,0.0,4 - Clean
3641,69,3660.18,53.05,28,0,0.0,0.0,4 - Clean
3642,68,2654.68,39.04,28,0,0.0,0.0,4 - Clean
3643,97,4190.95,43.21,27,1,500.75,1.031,3 - Watch
3644,113,6727.26,59.53,40,58,3629.46,51.327,1 - Critical
3645,114,6269.18,54.99,34,0,0.0,0.0,4 - Clean
3646,85,3401.33,40.02,29,0,0.0,0.0,4 - Clean
3647,71,3761.96,52.99,20,0,0.0,0.0,4 - Clean
3648,81,4069.48,50.24,29,0,0.0,0.0,4 - Clean
3649,62,3516.74,56.72,24,1,133.4,1.613,3 - Watch
3650,69,4328.77,62.74,26,0,0.0,0.0,4 - Clean
3651,70,3127.23,44.67,25,0,0.0,0.0,4 - Clean
3652,78,4259.34,54.61,22,0,0.0,0.0,4 - Clean
3653,122,4942.27,40.51,40,0,0.0,0.0,4 - Clean
3654,81,4344.99,53.64,32,0,0.0,0.0,4 - Clean
3655,101,6725.97,66.59,33,2,934.65,1.98,3 - Watch
3656,90,4302.08,47.8,31,1,104.55,1.111,3 - Watch
3657,96,4112.78,42.84,26,1,173.4,1.042,3 - Watch
3658,102,5873.24,57.58,30,1,241.99,0.98,3 - Watch
3659,129,7693.92,59.64,39,0,0.0,0.0,4 - Clean
3660,69,3103.49,44.98,27,0,0.0,0.0,4 - Clean
3661,118,7847.12,66.5,41,1,415.65,0.847,3 - Watch
3662,90,4677.04,51.97,31,0,0.0,0.0,4 - Clean
3663,71,3274.26,46.12,27,0,0.0,0.0,4 - Clean
3664,79,3096.97,39.2,27,0,0.0,0.0,4 - Clean
3665,108,8136.2,75.34,40,2,960.4,1.852,3 - Watch
3666,83,4806.96,57.92,29,0,0.0,0.0,4 - Clean
3667,47,2052.04,43.66,14,0,0.0,0.0,4 - Clean
3668,62,3948.9,63.69,27,0,0.0,0.0,4 - Clean
3669,96,4303.32,44.83,34,0,0.0,0.0,4 - Clean
3670,82,4478.57,54.62,27,0,0.0,0.0,4 - Clean
3671,79,4449.49,56.32,28,0,0.0,0.0,4 - Clean
3672,69,3409.48,49.41,29,0,0.0,0.0,4 - Clean
3673,125,6733.88,53.87,31,0,0.0,0.0,4 - Clean
3674,70,4126.5,58.95,29,0,0.0,0.0,4 - Clean
3675,91,5265.08,57.86,27,0,0.0,0.0,4 - Clean
3676,57,4251.96,74.6,20,0,0.0,0.0,4 - Clean
3677,74,4066.25,54.95,25,0,0.0,0.0,4 - Clean
3678,60,3175.78,52.93,27,0,0.0,0.0,4 - Clean
3679,107,6639.58,62.05,34,0,0.0,0.0,4 - Clean
3680,91,6157.89,67.67,33,1,249.22,1.099,3 - Watch
3681,104,5227.73,50.27,35,0,0.0,0.0,4 - Clean
3682,75,4093.87,54.58,26,1,334.75,1.333,3 - Watch
3683,68,4200.82,61.78,25,2,852.15,2.941,2 - High
3684,74,3548.88,47.96,30,0,0.0,0.0,4 - Clean
3685,124,7263.64,58.58,29,0,0.0,0.0,4 - Clean
3686,103,5652.2,54.88,30,0,0.0,0.0,4 - Clean
3687,98,5450.3,55.62,33,2,526.74,2.041,2 - High
3688,110,6414.82,58.32,35,0,0.0,0.0,4 - Clean
3689,123,6016.39,48.91,30,1,24.55,0.813,3 - Watch
3690,76,5057.04,66.54,22,1,641.0,1.316,3 - Watch
3691,80,3615.73,45.2,25,1,52.45,1.25,3 - Watch
3692,95,4599.59,48.42,28,0,0.0,0.0,4 - Clean
3693,62,2456.89,39.63,22,0,0.0,0.0,4 - Clean
3694,58,3424.26,59.04,17,2,293.62,3.448,2 - High
3695,104,5754.08,55.33,38,16,632.78,15.385,1 - Critical
3696,133,6638.04,49.91,43,0,0.0,0.0,4 - Clean
3697,82,4806.55,58.62,26,0,0.0,0.0,4 - Clean
3698,79,4257.16,53.89,32,1,234.65,1.266,3 - Watch
3699,77,3862.88,50.17,25,0,0.0,0.0,4 - Clean
3700,75,3770.8,50.28,27,0,0.0,0.0,4 - Clean
3701,104,4930.3,47.41,31,0,0.0,0.0,4 - Clean
3702,123,7803.14,63.44,42,0,0.0,0.0,4 - Clean
3703,142,6901.1,48.6,41,0,0.0,0.0,4 - Clean
3704,114,7745.71,67.94,35,1,360.25,0.877,3 - Watch
3705,107,6375.08,59.58,41,2,369.2,1.869,3 - Watch
3706,87,4147.65,47.67,26,0,0.0,0.0,4 - Clean
3707,67,3166.67,47.26,19,0,0.0,0.0,4 - Clean
3708,99,6516.05,65.82,29,0,0.0,0.0,4 - Clean
3709,110,5185.29,47.14,37,0,0.0,0.0,4 - Clean
3710,100,5145.17,51.45,34,0,0.0,0.0,4 - Clean
3711,104,5261.16,50.59,31,0,0.0,0.0,4 - Clean
3712,98,5702.0,58.18,34,1,324.35,1.02,3 - Watch
3713,56,2925.04,52.23,22,0,0.0,0.0,4 - Clean
3714,56,3821.41,68.24,22,0,0.0,0.0,4 - Clean
3715,65,3352.09,51.57,24,1,226.91,1.538,3 - Watch
3716,73,3526.01,48.3,22,0,0.0,0.0,4 - Clean
3717,58,3326.86,57.36,25,0,0.0,0.0,4 - Clean
3718,88,4406.4,50.07,30,0,0.0,0.0,4 - Clean
3719,79,4682.07,59.27,23,0,0.0,0.0,4 - Clean
3720,82,3706.61,45.2,28,0,0.0,0.0,4 - Clean
3721,91,4497.89,49.43,32,0,0.0,0.0,4 - Clean
3722,67,3576.05,53.37,22,0,0.0,0.0,4 - Clean
3723,89,4182.41,46.99,25,0,0.0,0.0,4 - Clean
3724,75,4335.86,57.81,25,0,0.0,0.0,4 - Clean
3725,59,2791.98,47.32,21,0,0.0,0.0,4 - Clean
3726,89,3989.4,44.82,30,0,0.0,0.0,4 - Clean
3727,79,5120.76,64.82,24,0,0.0,0.0,4 - Clean
3728,120,6896.42,57.47,29,0,0.0,0.0,4 - Clean
3729,104,4319.75,41.54,31,0,0.0,0.0,4 - Clean
3730,61,2653.58,43.5,22,0,0.0,0.0,4 - Clean
3731,110,4786.57,43.51,35,0,0.0,0.0,4 - Clean
3732,101,5279.08,52.27,38,0,0.0,0.0,4 - Clean
3733,73,4254.39,58.28,28,0,0.0,0.0,4 - Clean
3734,70,3187.47,45.54,27,1,224.8,1.429,3 - Watch
3735,84,4735.35,56.37,31,0,0.0,0.0,4 - Clean
3736,83,4544.5,54.75,22,8,594.44,9.639,1 - Critical
3737,119,7434.08,62.47,42,2,923.15,1.681,3 - Watch
3738,68,3318.46,48.8,25,0,0.0,0.0,4 - Clean
3739,94,5913.28,62.91,31,1,517.45,1.064,3 - Watch
3740,75,3235.76,43.14,25,0,0.0,0.0,4 - Clean
3741,109,5139.81,47.15,33,1,402.95,0.917,3 - Watch
3742,80,3818.6,47.73,30,0,0.0,0.0,4 - Clean
3743,89,5171.74,58.11,27,1,324.25,1.124,3 - Watch
3744,85,4572.86,53.8,36,0,0.0,0.0,4 - Clean
3745,118,6850.17,58.05,37,0,0.0,0.0,4 - Clean
3746,106,5595.08,52.78,31,0,0.0,0.0,4 - Clean
3747,100,4354.61,43.55,29,0,0.0,0.0,4 - Clean
3748,81,4663.78,57.58,24,0,0.0,0.0,4 - Clean
3749,71,4112.64,57.92,30,0,0.0,0.0,4 - Clean
3750,75,3163.92,42.19,25,0,0.0,0.0,4 - Clean
3751,103,4786.32,46.47,31,0,0.0,0.0,4 - Clean
3752,95,5049.84,53.16,26,0,0.0,0.0,4 - Clean
3753,129,7551.97,58.54,34,0,0.0,0.0,4 - Clean
3754,76,3635.95,47.84,32,1,228.82,1.316,3 - Watch
3755,54,3241.13,60.02,23,0,0.0,0.0,4 - Clean
3756,102,6088.38,59.69,33,0,0.0,0.0,4 - Clean
3757,66,3529.76,53.48,28,0,0.0,0.0,4 - Clean
3758,97,5375.97,55.42,30,0,0.0,0.0,4 - Clean
3759,101,4716.58,46.7,32,0,0.0,0.0,4 - Clean
3760,82,4505.26,54.94,32,0,0.0,0.0,4 - Clean
3761,118,5898.64,49.99,22,0,0.0,0.0,4 - Clean
3762,106,4552.93,42.95,36,0,0.0,0.0,4 - Clean
3763,107,5941.75,55.53,29,0,0.0,0.0,4 - Clean
3764,78,4482.86,57.47,20,0,0.0,0.0,4 - Clean
3765,101,5971.89,59.13,38,0,0.0,0.0,4 - Clean
3766,103,5445.21,52.87,33,0,0.0,0.0,4 - Clean
3767,65,3545.78,54.55,15,0,0.0,0.0,4 - Clean
3768,123,6871.94,55.87,40,0,0.0,0.0,4 - Clean
3769,101,5804.15,57.47,35,0,0.0,0.0,4 - Clean
3770,134,7298.03,54.46,36,0,0.0,0.0,4 - Clean
3771,92,4542.93,49.38,22,0,0.0,0.0,4 - Clean
3772,104,5402.32,51.95,36,0,0.0,0.0,4 - Clean
3773,100,6002.63,60.03,28,1,95.6,1.0,3 - Watch
3774,106,4580.46,43.21,32,0,0.0,0.0,4 - Clean
3775,82,4500.32,54.88,29,0,0.0,0.0,4 - Clean
3776,72,3838.43,53.31,28,1,178.35,1.389,3 - Watch
3777,93,4792.18,51.53,32,1,240.95,1.075,3 - Watch
3778,89,4467.91,50.2,32,0,0.0,0.0,4 - Clean
3779,83,5135.76,61.88,34,3,1318.45,3.614,2 - High
3780,114,6268.52,54.99,37,1,484.95,0.877,3 - Watch
3781,120,5362.81,44.69,37,16,825.74,13.333,1 - Critical
3782,79,3891.59,49.26,32,0,0.0,0.0,4 - Clean
3783,122,5371.45,44.03,38,0,0.0,0.0,4 - Clean
3784,117,6458.26,55.2,35,0,0.0,0.0,4 - Clean
3785,80,3840.84,48.01,27,0,0.0,0.0,4 - Clean
3786,78,3990.56,51.16,29,0,0.0,0.0,4 - Clean
3787,79,3362.25,42.56,24,0,0.0,0.0,4 - Clean
3788,103,4510.51,43.79,29,0,0.0,0.0,4 - Clean
3789,30,1732.67,57.76,10,0,0.0,0.0,4 - Clean
3790,84,3650.21,43.45,28,2,922.1,2.381,2 - High
3791,78,3158.47,40.49,25,0,0.0,0.0,4 - Clean
3792,69,3963.87,57.45,27,1,193.05,1.449,3 - Watch
3793,69,3162.72,45.84,29,0,0.0,0.0,4 - Clean
3794,99,5313.43,53.67,34,0,0.0,0.0,4 - Clean
3795,103,5236.59,50.84,31,0,0.0,0.0,4 - Clean
3796,80,4312.4,53.9,26,0,0.0,0.0,4 - Clean
3797,95,5679.7,59.79,32,0,0.0,0.0,4 - Clean
3798,87,4765.59,54.78,26,0,0.0,0.0,4 - Clean
3799,87,5934.61,68.21,34,0,0.0,0.0,4 - Clean
3800,86,4348.58,50.56,32,0,0.0,0.0,4 - Clean
3801,121,6445.13,53.27,37,1,285.9,0.826,3 - Watch
3802,93,5359.97,57.63,35,0,0.0,0.0,4 - Clean
3803,57,3474.25,60.95,22,0,0.0,0.0,4 - Clean
3804,75,3401.15,45.35,26,0,0.0,0.0,4 - Clean
3805,95,5047.29,53.13,35,0,0.0,0.0,4 - Clean
3806,131,6329.11,48.31,37,0,0.0,0.0,4 - Clean
3807,88,5574.49,63.35,33,0,0.0,0.0,4 - Clean
3808,83,4551.3,54.83,25,0,0.0,0.0,4 - Clean
3809,101,4938.25,48.89,32,0,0.0,0.0,4 - Clean
3810,120,6869.76,57.25,38,1,123.35,0.833,3 - Watch
3811,98,4963.99,50.65,29,1,105.25,1.02,3 - Watch
3812,128,6510.61,50.86,38,0,0.0,0.0,4 - Clean
3813,81,4062.79,50.16,32,0,0.0,0.0,4 - Clean
3814,108,5393.75,49.94,30,1,57.35,0.926,3 - Watch
3815,89,5069.99,56.97,28,0,0.0,0.0,4 - Clean
3816,73,3709.05,50.81,29,0,0.0,0.0,4 - Clean
3817,48,2142.16,44.63,23,0,0.0,0.0,4 - Clean
3818,48,2306.21,48.05,25,0,0.0,0.0,4 - Clean
3819,84,3419.71,40.71,35,0,0.0,0.0,4 - Clean
3820,72,3903.25,54.21,25,0,0.0,0.0,4 - Clean
3821,58,3531.57,60.89,27,1,552.4,1.724,3 - Watch
3822,94,5296.64,56.35,32,0,0.0,0.0,4 - Clean
3823,80,3753.59,46.92,26,0,0.0,0.0,4 - Clean
3824,87,4986.82,57.32,21,0,0.0,0.0,4 - Clean
3825,62,3462.06,55.84,29,0,0.0,0.0,4 - Clean
3826,84,3849.39,45.83,33,0,0.0,0.0,4 - Clean
3827,80,3796.14,47.45,31,0,0.0,0.0,4 - Clean
3828,56,3013.05,53.8,20,0,0.0,0.0,4 - Clean
3829,114,5260.27,46.14,39,0,0.0,0.0,4 - Clean
3830,74,2701.83,36.51,22,0,0.0,0.0,4 - Clean
3831,86,5005.95,58.21,24,0,0.0,0.0,4 - Clean
3832,80,4951.28,61.89,28,0,0.0,0.0,4 - Clean
3833,97,6867.23,70.8,30,0,0.0,0.0,4 - Clean
3834,81,4939.65,60.98,30,0,0.0,0.0,4 - Clean
3835,111,5300.5,47.75,34,0,0.0,0.0,4 - Clean
3836,86,3454.05,40.16,28,1,6.95,1.163,3 - Watch
3837,78,4629.07,59.35,29,0,0.0,0.0,4 - Clean
3838,81,3968.25,48.99,31,0,0.0,0.0,4 - Clean
3839,81,4346.57,53.66,25,2,282.5,2.469,2 - High
3840,86,3828.15,44.51,25,0,0.0,0.0,4 - Clean
3841,138,7648.15,55.42,44,0,0.0,0.0,4 - Clean
3842,100,5345.95,53.46,32,1,94.65,1.0,3 - Watch
3843,66,3834.63,58.1,24,0,0.0,0.0,4 - Clean
3844,123,6533.34,53.12,37,1,124.55,0.813,3 - Watch
3845,95,5969.25,62.83,29,0,0.0,0.0,4 - Clean
3846,123,5371.98,43.67,40,0,0.0,0.0,4 - Clean
3847,99,5081.14,51.32,37,1,257.5,1.01,3 - Watch
3848,114,5561.24,48.78,35,0,0.0,0.0,4 - Clean
3849,110,6215.48,56.5,36,0,0.0,0.0,4 - Clean
3850,127,6916.85,54.46,42,36,1989.63,28.346,1 - Critical
3851,53,2562.2,48.34,23,0,0.0,0.0,4 - Clean
3852,95,5119.52,53.89,30,0,0.0,0.0,4 - Clean
3853,92,4398.73,47.81,31,0,0.0,0.0,4 - Clean
3854,69,3976.89,57.64,22,1,234.25,1.449,3 - Watch
3855,87,5499.33,63.21,32,1,552.5,1.149,3 - Watch
3856,69,4429.86,64.2,29,0,0.0,0.0,4 - Clean
3857,59,2460.54,41.7,17,1,116.0,1.695,3 - Watch
3858,86,5419.88,63.02,30,1,220.7,1.163,3 - Watch
3859,85,4847.62,57.03,25,0,0.0,0.0,4 - Clean
3860,93,4512.57,48.52,29,0,0.0,0.0,4 - Clean
3861,89,5440.88,61.13,31,1,514.55,1.124,3 - Watch
3862,83,4813.76,58.0,28,1,341.85,1.205,3 - Watch
3863,79,4201.14,53.18,28,0,0.0,0.0,4 - Clean
3864,58,2323.78,40.07,20,0,0.0,0.0,4 - Clean
3865,85,4147.59,48.8,28,0,0.0,0.0,4 - Clean
3866,83,3662.67,44.13,27,0,0.0,0.0,4 - Clean
3867,103,5850.58,56.8,35,0,0.0,0.0,4 - Clean
3868,81,3703.64,45.72,32,0,0.0,0.0,4 - Clean
3869,79,4156.8,52.62,27,0,0.0,0.0,4 - Clean
3870,99,4877.19,49.26,42,0,0.0,0.0,4 - Clean
3871,72,4358.13,60.53,22,0,0.0,0.0,4 - Clean
3872,94,4066.68,43.26,29,0,0.0,0.0,4 - Clean
3873,70,4552.87,65.04,25,1,249.02,1.429,3 - Watch
3874,62,2099.43,33.86,18,0,0.0,0.0,4 - Clean
3875,88,3838.46,43.62,26,1,474.55,1.136,3 - Watch
3876,87,4508.45,51.82,26,0,0.0,0.0,4 - Clean
3877,102,5695.28,55.84,31,1,220.73,0.98,3 - Watch
3878,92,5091.45,55.34,39,0,0.0,0.0,4 - Clean
3879,73,4516.97,61.88,29,1,231.56,1.37,3 - Watch
3880,123,5771.31,46.92,33,39,1851.7,31.707,1 - Critical
3881,76,4206.6,55.35,32,0,0.0,0.0,4 - Clean
3882,91,5203.07,57.18,31,0,0.0,0.0,4 - Clean
3883,113,5596.24,49.52,39,1,76.65,0.885,3 - Watch
3884,76,4163.0,54.78,29,1,391.4,1.316,3 - Watch
3885,99,5749.36,58.07,32,0,0.0,0.0,4 - Clean
3886,65,3595.55,55.32,30,1,7.95,1.538,3 - Watch
3887,96,5277.18,54.97,33,0,0.0,0.0,4 - Clean
3888,73,4394.64,60.2,31,0,0.0,0.0,4 - Clean
3889,87,3290.83,37.83,32,0,0.0,0.0,4 - Clean
3890,95,3813.52,40.14,30,0,0.0,0.0,4 - Clean
3891,90,4277.6,47.53,35,0,0.0,0.0,4 - Clean
3892,113,5929.08,52.47,35,0,0.0,0.0,4 - Clean
3893,125,6445.9,51.57,34,0,0.0,0.0,4 - Clean
3894,67,3406.79,50.85,25,0,0.0,0.0,4 - Clean
3895,100,5393.95,53.94,32,1,68.55,1.0,3 - Watch
3896,125,6409.02,51.27,41,0,0.0,0.0,4 - Clean
3897,86,4513.77,52.49,32,0,0.0,0.0,4 - Clean
3898,82,4163.67,50.78,28,0,0.0,0.0,4 - Clean
3899,98,5447.82,55.59,29,0,0.0,0.0,4 - Clean
3900,79,3839.96,48.61,27,0,0.0,0.0,4 - Clean
3901,64,2963.37,46.3,25,0,0.0,0.0,4 - Clean
3902,71,3224.29,45.41,27,0,0.0,0.0,4 - Clean
3903,89,4666.35,52.43,29,1,307.65,1.124,3 - Watch
3904,80,4127.04,51.59,30,1,395.75,1.25,3 - Watch
3905,98,4589.96,46.84,29,3,191.95,3.061,2 - High
3906,97,4621.21,47.64,32,0,0.0,0.0,4 - Clean
3907,53,2825.62,53.31,25,0,0.0,0.0,4 - Clean
3908,130,6645.26,51.12,34,0,0.0,0.0,4 - Clean
3909,94,5315.55,56.55,37,0,0.0,0.0,4 - Clean
3910,74,4099.91,55.4,18,0,0.0,0.0,4 - Clean
3911,113,6505.14,57.57,35,0,0.0,0.0,4 - Clean
3912,79,3776.9,47.81,30,1,25.25,1.266,3 - Watch
3913,78,4465.03,57.24,28,1,304.4,1.282,3 - Watch
3914,115,5826.66,50.67,39,0,0.0,0.0,4 - Clean
3915,79,4338.11,54.91,24,0,0.0,0.0,4 - Clean
3916,92,5524.62,60.05,28,0,0.0,0.0,4 - Clean
3917,134,6579.12,49.1,40,0,0.0,0.0,4 - Clean
3918,64,3087.71,48.25,21,0,0.0,0.0,4 - Clean
3919,95,5351.81,56.33,30,0,0.0,0.0,4 - Clean
3920,76,4304.49,56.64,30,0,0.0,0.0,4 - Clean
3921,74,4547.01,61.45,23,0,0.0,0.0,4 - Clean
3922,87,4675.1,53.74,27,1,227.7,1.149,3 - Watch
3923,83,3814.05,45.95,27,0,0.0,0.0,4 - Clean
3924,91,5617.15,61.73,29,0,0.0,0.0,4 - Clean
3925,104,6017.32,57.86,34,0,0.0,0.0,4 - Clean
3926,100,5395.7,53.96,38,0,0.0,0.0,4 - Clean
3927,67,3713.53,55.43,29,0,0.0,0.0,4 - Clean
3928,81,4363.71,53.87,22,0,0.0,0.0,4 - Clean
3929,79,3972.5,50.28,31,0,0.0,0.0,4 - Clean
3930,89,4773.6,53.64,36,0,0.0,0.0,4 - Clean
3931,68,3037.74,44.67,20,0,0.0,0.0,4 - Clean
3932,59,3380.13,57.29,23,0,0.0,0.0,4 - Clean
3933,67,3459.41,51.63,28,0,0.0,0.0,4 - Clean
3934,103,5698.6,55.33,33,1,267.05,0.971,3 - Watch
3935,84,4487.89,53.43,31,0,0.0,0.0,4 - Clean
3936,148,8519.66,57.57,39,0,0.0,0.0,4 - Clean
3937,82,4606.7,56.18,35,0,0.0,0.0,4 - Clean
3938,63,4240.31,67.31,21,0,0.0,0.0,4 - Clean
3939,80,4862.75,60.78,24,0,0.0,0.0,4 - Clean
3940,32,1359.69,42.49,14,0,0.0,0.0,4 - Clean
3941,71,3995.37,56.27,28,1,245.19,1.408,3 - Watch
3942,98,6927.57,70.69,35,1,413.3,1.02,3 - Watch
3943,81,3766.84,46.5,32,0,0.0,0.0,4 - Clean
3944,65,2871.04,44.17,27,1,224.18,1.538,3 - Watch
3945,103,5358.31,52.02,32,0,0.0,0.0,4 - Clean
3946,85,5028.53,59.16,30,1,244.15,1.176,3 - Watch
3947,99,4633.53,46.8,37,0,0.0,0.0,4 - Clean
3948,116,6219.16,53.61,39,0,0.0,0.0,4 - Clean
3949,102,4690.44,45.98,29,0,0.0,0.0,4 - Clean
3950,117,6858.12,58.62,35,2,771.7,1.709,3 - Watch
3951,86,4375.09,50.87,29,0,0.0,0.0,4 - Clean
3952,87,5085.48,58.45,26,0,0.0,0.0,4 - Clean
3953,86,4971.09,57.8,28,1,542.95,1.163,3 - Watch
3954,109,7884.95,72.34,28,1,466.75,0.917,3 - Watch
3955,136,6820.12,50.15,41,1,95.25,0.735,3 - Watch
3956,104,6750.67,64.91,39,2,768.45,1.923,3 - Watch
3957,33,2023.81,61.33,12,0,0.0,0.0,4 - Clean
3958,102,5069.89,49.7,34,0,0.0,0.0,4 - Clean
3959,105,5854.37,55.76,28,0,0.0,0.0,4 - Clean
3960,109,7167.56,65.76,29,1,68.55,0.917,3 - Watch
3961,79,4633.09,58.65,25,0,0.0,0.0,4 - Clean
3962,95,6304.49,66.36,27,1,580.5,1.053,3 - Watch
3963,79,4485.17,56.77,30,0,0.0,0.0,4 - Clean
3964,65,2694.98,41.46,25,0,0.0,0.0,4 - Clean
3965,101,5635.01,55.79,33,0,0.0,0.0,4 - Clean
3966,63,4151.31,65.89,25,0,0.0,0.0,4 - Clean
3967,131,7159.04,54.65,37,0,0.0,0.0,4 - Clean
3968,61,3106.81,50.93,22,0,0.0,0.0,4 - Clean
3969,111,6158.83,55.48,35,0,0.0,0.0,4 - Clean
3970,62,2686.87,43.34,25,0,0.0,0.0,4 - Clean
3971,59,3796.35,64.34,18,0,0.0,0.0,4 - Clean
3972,85,5402.18,63.56,33,1,68.05,1.176,3 - Watch
3973,69,4096.23,59.37,19,1,231.64,1.449,3 - Watch
3974,68,3658.83,53.81,27,1,255.95,1.471,3 - Watch
3975,95,4919.54,51.78,29,0,0.0,0.0,4 - Clean
3976,76,4951.76,65.15,26,0,0.0,0.0,4 - Clean
3977,70,4169.62,59.57,25,0,0.0,0.0,4 - Clean
3978,72,4375.41,60.77,20,0,0.0,0.0,4 - Clean
3979,77,3909.52,50.77,26,1,249.9,1.299,3 - Watch
3980,116,6328.33,54.55,34,0,0.0,0.0,4 - Clean
3981,64,4095.6,63.99,25,0,0.0,0.0,4 - Clean
3982,145,6997.16,48.26,47,0,0.0,0.0,4 - Clean
3983,55,2982.48,54.23,17,0,0.0,0.0,4 - Clean
3984,69,4042.58,58.59,18,1,613.95,1.449,3 - Watch
3985,62,2718.91,43.85,16,0,0.0,0.0,4 - Clean
3986,114,5121.87,44.93,41,1,230.66,0.877,3 - Watch
3987,83,4444.36,53.55,32,0,0.0,0.0,4 - Clean
3988,100,4551.28,45.51,38,1,30.35,1.0,3 - Watch
3989,66,3508.88,53.16,26,1,239.35,1.515,3 - Watch
3990,75,3751.26,50.02,28,0,0.0,0.0,4 - Clean
3991,81,5095.29,62.9,34,0,0.0,0.0,4 - Clean
3992,51,2538.41,49.77,26,0,0.0,0.0,4 - Clean
3993,109,7030.8,64.5,27,0,0.0,0.0,4 - Clean
3994,70,3887.12,55.53,26,1,765.7,1.429,3 - Watch
3995,124,6421.53,51.79,36,0,0.0,0.0,4 - Clean
3996,65,2662.83,40.97,27,0,0.0,0.0,4 - Clean
3997,92,4077.57,44.32,34,2,339.4,2.174,2 - High
3998,67,4442.32,66.3,23,0,0.0,0.0,4 - Clean
3999,63,3162.02,50.19,26,0,0.0,0.0,4 - Clean
4000,77,3938.92,51.15,23,1,73.85,1.299,3 - Watch
4001,97,5230.6,53.92,33,0,0.0,0.0,4 - Clean
4002,86,5560.0,64.65,31,1,181.25,1.163,3 - Watch
4003,78,4643.9,59.54,28,1,23.4,1.282,3 - Watch
4004,102,5437.77,53.31,35,1,207.95,0.98,3 - Watch
4005,83,4947.67,59.61,27,0,0.0,0.0,4 - Clean
4006,137,6257.16,45.67,42,1,468.0,0.73,3 - Watch
4007,119,5012.45,42.12,28,1,165.2,0.84,3 - Watch
4008,97,4517.88,46.58,30,0,0.0,0.0,4 - Clean
4009,64,3436.13,53.69,28,0,0.0,0.0,4 - Clean
4010,118,7648.25,64.82,35,1,282.59,0.847,3 - Watch
4011,57,2643.21,46.37,23,0,0.0,0.0,4 - Clean
4012,89,5110.38,57.42,25,0,0.0,0.0,4 - Clean
4013,76,4615.61,60.73,30,0,0.0,0.0,4 - Clean
4014,100,6300.09,63.0,33,1,66.1,1.0,3 - Watch
4015,84,4811.33,57.28,33,0,0.0,0.0,4 - Clean
4016,101,5384.36,53.31,30,0,0.0,0.0,4 - Clean
4017,72,3445.03,47.85,20,0,0.0,0.0,4 - Clean
4018,187,10470.6,55.99,48,3,345.27,1.604,3 - Watch
4019,108,7034.94,65.14,30,0,0.0,0.0,4 - Clean
4020,94,5075.96,54.0,29,0,0.0,0.0,4 - Clean
4021,106,6056.67,57.14,32,0,0.0,0.0,4 - Clean
4022,64,3822.81,59.73,22,0,0.0,0.0,4 - Clean
4023,119,5799.54,48.74,43,0,0.0,0.0,4 - Clean
4024,83,5317.42,64.07,27,0,0.0,0.0,4 - Clean
4025,106,4923.07,46.44,38,1,342.25,0.943,3 - Watch
4026,77,4817.56,62.57,28,1,225.94,1.299,3 - Watch
4027,74,2660.99,35.96,28,0,0.0,0.0,4 - Clean
4028,77,3757.03,48.79,24,0,0.0,0.0,4 - Clean
4029,101,5247.6,51.96,32,0,0.0,0.0,4 - Clean
4030,70,4039.27,57.7,16,0,0.0,0.0,4 - Clean
4031,64,4092.3,63.94,22,0,0.0,0.0,4 - Clean
4032,90,5185.43,57.62,32,0,0.0,0.0,4 - Clean
4033,93,4918.79,52.89,32,0,0.0,0.0,4 - Clean
4034,63,2610.03,41.43,27,0,0.0,0.0,4 - Clean
4035,120,7014.37,58.45,37,0,0.0,0.0,4 - Clean
4036,59,2881.64,48.84,22,0,0.0,0.0,4 - Clean
4037,69,3604.7,52.24,27,0,0.0,0.0,4 - Clean
4038,129,7162.7,55.52,37,2,979.4,1.55,3 - Watch
4039,94,5870.19,62.45,29,1,304.8,1.064,3 - Watch
4040,76,4838.11,63.66,20,1,143.0,1.316,3 - Watch
4041,103,4256.07,41.32,23,0,0.0,0.0,4 - Clean
4042,85,4137.98,48.68,32,0,0.0,0.0,4 - Clean
4043,109,6969.68,63.94,32,0,0.0,0.0,4 - Clean
4044,78,3726.25,47.77,26,0,0.0,0.0,4 - Clean
4045,95,5232.9,55.08,32,2,579.55,2.105,2 - High
4046,100,4666.08,46.66,32,0,0.0,0.0,4 - Clean
4047,80,4979.62,62.25,28,0,0.0,0.0,4 - Clean
4048,101,5824.03,57.66,30,0,0.0,0.0,4 - Clean
4049,66,3589.46,54.39,26,1,222.43,1.515,3 - Watch
4050,78,4964.49,63.65,28,0,0.0,0.0,4 - Clean
4051,89,4227.42,47.5,29,0,0.0,0.0,4 - Clean
4052,78,3585.66,45.97,24,0,0.0,0.0,4 - Clean
4053,81,4543.21,56.09,28,0,0.0,0.0,4 - Clean
4054,82,4678.55,57.06,28,0,0.0,0.0,4 - Clean
4055,93,4460.47,47.96,29,0,0.0,0.0,4 - Clean
4056,86,5794.83,67.38,24,0,0.0,0.0,4 - Clean
4057,101,4702.19,46.56,37,0,0.0,0.0,4 - Clean
4058,69,4083.41,59.18,21,0,0.0,0.0,4 - Clean
4059,120,7367.95,61.4,26,1,341.05,0.833,3 - Watch
4060,123,6058.97,49.26,37,0,0.0,0.0,4 - Clean
4061,61,3205.3,52.55,27,0,0.0,0.0,4 - Clean
4062,83,4425.1,53.31,30,0,0.0,0.0,4 - Clean
4063,125,7352.33,58.82,46,1,170.75,0.8,3 - Watch
4064,94,4369.13,46.48,35,0,0.0,0.0,4 - Clean
4065,68,3705.83,54.5,27,0,0.0,0.0,4 - Clean
4066,106,5787.52,54.6,35,1,226.53,0.943,3 - Watch
4067,60,2857.92,47.63,28,0,0.0,0.0,4 - Clean
4068,90,4932.49,54.81,34,0,0.0,0.0,4 - Clean
4069,79,4550.42,57.6,26,0,0.0,0.0,4 - Clean
4070,57,2323.07,40.76,26,0,0.0,0.0,4 - Clean
4071,102,5181.44,50.8,34,0,0.0,0.0,4 - Clean
4072,114,6611.52,58.0,34,0,0.0,0.0,4 - Clean
4073,81,3480.78,42.97,29,0,0.0,0.0,4 - Clean
4074,71,4089.07,57.59,29,0,0.0,0.0,4 - Clean
4075,44,2722.31,61.87,20,0,0.0,0.0,4 - Clean
4076,91,4783.94,52.57,32,0,0.0,0.0,4 - Clean
4077,106,5716.68,53.93,33,0,0.0,0.0,4 - Clean
4078,86,4120.63,47.91,29,21,1030.29,24.419,1 - Critical
4079,64,2763.25,43.18,23,0,0.0,0.0,4 - Clean
4080,70,3785.25,54.08,25,1,233.95,1.429,3 - Watch
4081,108,4839.45,44.81,34,0,0.0,0.0,4 - Clean
4082,63,3052.5,48.45,26,0,0.0,0.0,4 - Clean
4083,72,4687.28,65.1,20,0,0.0,0.0,4 - Clean
4084,90,5806.86,64.52,34,1,414.8,1.111,3 - Watch
4085,86,4970.65,57.8,24,1,426.0,1.163,3 - Watch
4086,90,4423.92,49.15,39,0,0.0,0.0,4 - Clean
4087,99,4688.81,47.36,36,1,136.85,1.01,3 - Watch
4088,100,4952.39,49.52,34,0,0.0,0.0,4 - Clean
4089,81,4842.85,59.79,33,0,0.0,0.0,4 - Clean
4090,107,6508.42,60.83,28,0,0.0,0.0,4 - Clean
4091,58,2447.76,42.2,26,0,0.0,0.0,4 - Clean
4092,87,4609.77,52.99,27,0,0.0,0.0,4 - Clean
4093,93,6412.47,68.95,31,0,0.0,0.0,4 - Clean
4094,114,5381.56,47.21,42,0,0.0,0.0,4 - Clean
4095,140,6847.72,48.91,38,0,0.0,0.0,4 - Clean
4096,105,7036.13,67.01,37,0,0.0,0.0,4 - Clean
4097,97,5468.23,56.37,30,0,0.0,0.0,4 - Clean
4098,82,4803.25,58.58,29,1,437.15,1.22,3 - Watch
4099,66,3652.91,55.35,23,0,0.0,0.0,4 - Clean
4100,94,6364.91,67.71,33,0,0.0,0.0,4 - Clean
4101,121,7602.36,62.83,36,0,0.0,0.0,4 - Clean
4102,79,3610.26,45.7,28,0,0.0,0.0,4 - Clean
4103,82,4997.51,60.95,28,0,0.0,0.0,4 - Clean
4104,78,4419.38,56.66,29,0,0.0,0.0,4 - Clean
4105,91,4557.15,50.08,34,0,0.0,0.0,4 - Clean
4106,82,4835.09,58.96,27,0,0.0,0.0,4 - Clean
4107,87,4721.77,54.27,32,1,223.03,1.149,3 - Watch
4108,76,3185.05,41.91,30,0,0.0,0.0,4 - Clean
4109,102,4724.66,46.32,34,1,242.85,0.98,3 - Watch
4110,56,3232.99,57.73,24,0,0.0,0.0,4 - Clean
4111,66,2799.94,42.42,23,0,0.0,0.0,4 - Clean
4112,90,4929.21,54.77,24,0,0.0,0.0,4 - Clean
4113,86,4706.36,54.73,29,0,0.0,0.0,4 - Clean
4114,93,4439.73,47.74,30,0,0.0,0.0,4 - Clean
4115,91,5211.27,57.27,32,0,0.0,0.0,4 - Clean
4116,156,8842.84,56.68,47,0,0.0,0.0,4 - Clean
4117,96,4776.77,49.76,30,0,0.0,0.0,4 - Clean
4118,104,5815.83,55.92,31,0,0.0,0.0,4 - Clean
4119,122,6580.92,53.94,34,2,650.05,1.639,3 - Watch
4120,62,3947.02,63.66,22,1,595.7,1.613,3 - Watch
4121,96,6283.64,65.45,30,0,0.0,0.0,4 - Clean
4122,86,5048.73,58.71,29,1,211.35,1.163,3 - Watch
4123,73,3481.28,47.69,25,0,0.0,0.0,4 - Clean
4124,91,4358.45,47.9,27,0,0.0,0.0,4 - Clean
4125,102,6111.62,59.92,34,0,0.0,0.0,4 - Clean
4126,113,6133.93,54.28,23,0,0.0,0.0,4 - Clean
4127,98,4996.52,50.98,37,1,227.44,1.02,3 - Watch
4128,92,4356.2,47.35,37,0,0.0,0.0,4 - Clean
4129,110,6968.91,63.35,24,0,0.0,0.0,4 - Clean
4130,98,5574.14,56.88,28,0,0.0,0.0,4 - Clean
4131,74,2833.81,38.29,26,0,0.0,0.0,4 - Clean
4132,106,4713.81,44.47,39,32,1569.34,30.189,1 - Critical
4133,112,7237.86,64.62,33,0,0.0,0.0,4 - Clean
4134,75,3308.81,44.12,27,0,0.0,0.0,4 - Clean
4135,82,4351.1,53.06,28,1,275.7,1.22,3 - Watch
4136,66,2961.84,44.88,27,0,0.0,0.0,4 - Clean
4137,106,5840.49,55.1,37,0,0.0,0.0,4 - Clean
4138,88,5828.13,66.23,21,2,591.29,2.273,2 - High
4139,92,6010.09,65.33,25,2,436.15,2.174,2 - High
4140,101,5780.18,57.23,26,0,0.0,0.0,4 - Clean
4141,90,3735.72,41.51,30,0,0.0,0.0,4 - Clean
4142,65,3562.17,54.8,20,0,0.0,0.0,4 - Clean
4143,65,3518.9,54.14,21,0,0.0,0.0,4 - Clean
4144,61,4239.75,69.5,16,0,0.0,0.0,4 - Clean
4145,64,3938.06,61.53,28,0,0.0,0.0,4 - Clean
4146,78,4793.9,61.46,33,0,0.0,0.0,4 - Clean
4147,99,3914.2,39.54,34,0,0.0,0.0,4 - Clean
4148,89,4841.24,54.4,29,1,145.65,1.124,3 - Watch
4149,58,3608.51,62.22,23,0,0.0,0.0,4 - Clean
4150,97,5709.81,58.86,32,1,480.15,1.031,3 - Watch
4151,103,4302.18,41.77,32,0,0.0,0.0,4 - Clean
4152,57,3547.46,62.24,23,0,0.0,0.0,4 - Clean
4153,120,4796.43,39.97,31,0,0.0,0.0,4 - Clean
4154,125,6735.5,53.88,40,0,0.0,0.0,4 - Clean
4155,114,5631.44,49.4,37,1,237.43,0.877,3 - Watch
4156,113,6415.78,56.78,37,0,0.0,0.0,4 - Clean
4157,83,3877.47,46.72,32,0,0.0,0.0,4 - Clean
4158,103,6565.48,63.74,30,0,0.0,0.0,4 - Clean
4159,70,3521.72,50.31,30,0,0.0,0.0,4 - Clean
4160,91,4397.39,48.32,20,0,0.0,0.0,4 - Clean
4161,99,4010.84,40.51,30,0,0.0,0.0,4 - Clean
4162,87,4021.57,46.22,27,0,0.0,0.0,4 - Clean
4163,91,4571.76,50.24,36,0,0.0,0.0,4 - Clean
4164,80,4065.14,50.81,30,0,0.0,0.0,4 - Clean
4165,102,5321.53,52.17,36,0,0.0,0.0,4 - Clean
4166,88,4334.73,49.26,35,0,0.0,0.0,4 - Clean
4167,78,3745.75,48.02,28,0,0.0,0.0,4 - Clean
4168,78,4035.87,51.74,24,0,0.0,0.0,4 - Clean
4169,77,4319.03,56.09,31,1,687.45,1.299,3 - Watch
4170,86,5452.54,63.4,32,0,0.0,0.0,4 - Clean
4171,44,1820.94,41.38,15,1,15.1,2.273,2 - High
4172,85,5328.97,62.69,31,0,0.0,0.0,4 - Clean
4173,81,4682.18,57.8,37,0,0.0,0.0,4 - Clean
4174,89,5245.73,58.94,32,2,268.7,2.247,2 - High
4175,113,6432.42,56.92,38,0,0.0,0.0,4 - Clean
4176,86,4331.39,50.36,34,0,0.0,0.0,4 - Clean
4177,70,2727.54,38.96,23,0,0.0,0.0,4 - Clean
4178,102,4999.43,49.01,21,0,0.0,0.0,4 - Clean
4179,82,3438.94,41.94,24,0,0.0,0.0,4 - Clean
4180,71,3040.22,42.82,27,0,0.0,0.0,4 - Clean
4181,95,5175.42,54.48,22,0,0.0,0.0,4 - Clean
4182,64,3242.96,50.67,28,0,0.0,0.0,4 - Clean
4183,88,4178.46,47.48,33,0,0.0,0.0,4 - Clean
4184,94,4522.55,48.11,31,0,0.0,0.0,4 - Clean
4185,76,3265.3,42.96,27,0,0.0,0.0,4 - Clean
4186,102,5574.77,54.65,35,1,292.8,0.98,3 - Watch
4187,83,4748.09,57.21,27,0,0.0,0.0,4 - Clean
4188,74,3441.23,46.5,29,1,115.25,1.351,3 - Watch
4189,89,4785.82,53.77,31,18,876.63,20.225,1 - Critical
4190,99,5360.0,54.14,29,1,645.95,1.01,3 - Watch
4191,125,7160.83,57.29,41,0,0.0,0.0,4 - Clean
4192,99,5038.57,50.89,38,0,0.0,0.0,4 - Clean
4193,71,3710.62,52.26,26,0,0.0,0.0,4 - Clean
4194,64,2945.86,46.03,25,0,0.0,0.0,4 - Clean
4195,88,5360.75,60.92,29,3,177.85,3.409,2 - High
4196,87,3700.07,42.53,33,0,0.0,0.0,4 - Clean
4197,82,4250.55,51.84,30,0,0.0,0.0,4 - Clean
4198,62,3315.83,53.48,26,0,0.0,0.0,4 - Clean
4199,118,5837.3,49.47,36,0,0.0,0.0,4 - Clean
4200,85,4076.22,47.96,33,0,0.0,0.0,4 - Clean
4201,74,4640.84,62.71,25,0,0.0,0.0,4 - Clean
4202,90,5812.83,64.59,31,1,107.3,1.111,3 - Watch
4203,72,4632.76,64.34,27,1,464.75,1.389,3 - Watch
4204,104,5605.35,53.9,34,0,0.0,0.0,4 - Clean
4205,98,5240.09,53.47,36,0,0.0,0.0,4 - Clean
4206,79,3849.47,48.73,28,0,0.0,0.0,4 - Clean
4207,93,4887.12,52.55,30,1,229.71,1.075,3 - Watch
4208,61,3173.86,52.03,17,7,550.26,11.475,1 - Critical
4209,123,7660.53,62.28,40,3,848.05,2.439,2 - High
4210,92,4902.75,53.29,29,1,178.25,1.087,3 - Watch
4211,76,4123.47,54.26,30,0,0.0,0.0,4 - Clean
4212,79,4962.47,62.82,29,0,0.0,0.0,4 - Clean
4213,76,3692.02,48.58,26,0,0.0,0.0,4 - Clean
4214,109,4544.65,41.69,36,0,0.0,0.0,4 - Clean
4215,91,5142.84,56.51,34,0,0.0,0.0,4 - Clean
4216,88,4245.53,48.24,32,0,0.0,0.0,4 - Clean
4217,116,6334.15,54.6,40,0,0.0,0.0,4 - Clean
4218,74,3961.38,53.53,29,0,0.0,0.0,4 - Clean
4219,95,3496.48,36.81,23,0,0.0,0.0,4 - Clean
4220,79,4574.29,57.9,29,1,470.2,1.266,3 - Watch
4221,92,4934.5,53.64,28,0,0.0,0.0,4 - Clean
4222,79,4944.34,62.59,29,0,0.0,0.0,4 - Clean
4223,82,4254.09,51.88,28,1,333.95,1.22,3 - Watch
4224,79,4013.23,50.8,28,0,0.0,0.0,4 - Clean
4225,67,4019.52,59.99,26,0,0.0,0.0,4 - Clean
4226,92,4673.46,50.8,29,1,234.2,1.087,3 - Watch
4227,91,5677.21,62.39,31,0,0.0,0.0,4 - Clean
4228,97,5749.43,59.27,30,0,0.0,0.0,4 - Clean
4229,96,4295.19,44.74,36,1,50.95,1.042,3 - Watch
4230,85,4247.84,49.97,36,0,0.0,0.0,4 - Clean
4231,87,4809.84,55.29,28,0,0.0,0.0,4 - Clean
4232,76,3887.06,51.15,27,0,0.0,0.0,4 - Clean
4233,105,5157.42,49.12,34,0,0.0,0.0,4 - Clean
4234,68,2824.4,41.54,27,0,0.0,0.0,4 - Clean
4235,119,5084.33,42.73,38,0,0.0,0.0,4 - Clean
4236,64,3131.35,48.93,16,0,0.0,0.0,4 - Clean
4237,101,6099.5,60.39,30,1,226.68,0.99,3 - Watch
4238,90,4062.47,45.14,26,1,114.95,1.111,3 - Watch
4239,69,4126.62,59.81,24,0,0.0,0.0,4 - Clean
4240,86,4062.1,47.23,29,0,0.0,0.0,4 - Clean
4241,84,4215.58,50.19,24,0,0.0,0.0,4 - Clean
4242,75,4050.9,54.01,19,0,0.0,0.0,4 - Clean
4243,68,3439.3,50.58,24,0,0.0,0.0,4 - Clean
4244,76,5266.79,69.3,30,3,917.94,3.947,2 - High
4245,93,4966.93,53.41,32,0,0.0,0.0,4 - Clean
4246,67,3550.0,52.99,24,0,0.0,0.0,4 - Clean
4247,72,4232.01,58.78,26,0,0.0,0.0,4 - Clean
4248,70,2915.35,41.65,27,0,0.0,0.0,4 - Clean
4249,99,5874.86,59.34,36,2,150.35,2.02,2 - High
4250,112,5792.31,51.72,35,0,0.0,0.0,4 - Clean
4251,59,3032.65,51.4,24,0,0.0,0.0,4 - Clean
4252,84,3951.31,47.04,29,0,0.0,0.0,4 - Clean
4253,87,4084.35,46.95,30,0,0.0,0.0,4 - Clean
4254,64,3122.59,48.79,16,1,304.85,1.562,3 - Watch
4255,93,6073.97,65.31,31,0,0.0,0.0,4 - Clean
4256,67,3936.78,58.76,28,1,495.05,1.493,3 - Watch
4257,111,5578.29,50.25,36,0,0.0,0.0,4 - Clean
4258,88,4790.4,54.44,33,0,0.0,0.0,4 - Clean
4259,76,5345.93,70.34,30,18,1151.25,23.684,1 - Critical
4260,71,4050.41,57.05,26,0,0.0,0.0,4 - Clean
4261,93,5072.27,54.54,25,0,0.0,0.0,4 - Clean
4262,86,3819.74,44.42,31,0,0.0,0.0,4 - Clean
4263,115,6319.29,54.95,37,0,0.0,0.0,4 - Clean
4264,32,1790.49,55.95,9,0,0.0,0.0,4 - Clean
4265,62,3435.05,55.4,20,0,0.0,0.0,4 - Clean
4266,79,4658.34,58.97,27,0,0.0,0.0,4 - Clean
4267,86,5439.05,63.24,28,0,0.0,0.0,4 - Clean
4268,80,3974.21,49.68,28,0,0.0,0.0,4 - Clean
4269,84,4175.58,49.71,34,0,0.0,0.0,4 - Clean
4270,75,4360.15,58.14,25,0,0.0,0.0,4 - Clean
4271,84,4565.15,54.35,31,0,0.0,0.0,4 - Clean
4272,88,4581.48,52.06,35,0,0.0,0.0,4 - Clean
4273,99,5253.45,53.07,33,1,734.2,1.01,3 - Watch
4274,102,4607.33,45.17,29,0,0.0,0.0,4 - Clean
4275,65,3097.88,47.66,27,0,0.0,0.0,4 - Clean
4276,85,4604.2,54.17,32,1,323.6,1.176,3 - Watch
4277,78,3284.08,42.1,26,1,37.3,1.282,3 - Watch
4278,85,5473.27,64.39,30,2,433.2,2.353,2 - High
4279,90,5161.34,57.35,32,0,0.0,0.0,4 - Clean
4280,86,4899.65,56.97,31,0,0.0,0.0,4 - Clean
4281,82,3448.93,42.06,31,0,0.0,0.0,4 - Clean
4282,83,4626.34,55.74,29,0,0.0,0.0,4 - Clean
4283,59,2879.76,48.81,26,1,235.65,1.695,3 - Watch
4284,79,4884.55,61.83,25,0,0.0,0.0,4 - Clean
4285,69,4431.59,64.23,22,0,0.0,0.0,4 - Clean
4286,64,4178.62,65.29,18,0,0.0,0.0,4 - Clean
4287,108,4834.01,44.76,33,0,0.0,0.0,4 - Clean
4288,111,6622.54,59.66,34,0,0.0,0.0,4 - Clean
4289,55,2504.77,45.54,21,0,0.0,0.0,4 - Clean
4290,86,3469.8,40.35,25,0,0.0,0.0,4 - Clean
4291,118,8110.73,68.74,36,1,211.5,0.847,3 - Watch
4292,109,7272.4,66.72,36,3,1191.17,2.752,2 - High
4293,62,3094.57,49.91,22,1,260.15,1.613,3 - Watch
4294,70,4282.73,61.18,22,0,0.0,0.0,4 - Clean
4295,101,4779.28,47.32,37,0,0.0,0.0,4 - Clean
4296,111,6052.82,54.53,40,0,0.0,0.0,4 - Clean
4297,67,4418.86,65.95,28,1,454.0,1.493,3 - Watch
4298,98,4736.63,48.33,31,0,0.0,0.0,4 - Clean
4299,85,5419.21,63.76,27,0,0.0,0.0,4 - Clean
4300,110,6208.12,56.44,35,1,221.91,0.909,3 - Watch
4301,62,3057.12,49.31,21,0,0.0,0.0,4 - Clean
4302,82,3600.63,43.91,25,0,0.0,0.0,4 - Clean
4303,93,3455.49,37.16,23,0,0.0,0.0,4 - Clean
4304,73,4470.41,61.24,24,0,0.0,0.0,4 - Clean
4305,84,4694.74,55.89,28,0,0.0,0.0,4 - Clean
4306,83,4313.85,51.97,31,0,0.0,0.0,4 - Clean
4307,80,3945.06,49.31,25,0,0.0,0.0,4 - Clean
4308,89,5918.2,66.5,28,3,1060.85,3.371,2 - High
4309,85,4893.22,57.57,30,0,0.0,0.0,4 - Clean
4310,89,5240.26,58.88,27,0,0.0,0.0,4 - Clean
4311,66,2664.63,40.37,24,0,0.0,0.0,4 - Clean
4312,72,4025.5,55.91,22,0,0.0,0.0,4 - Clean
4313,59,2645.16,44.83,20,0,0.0,0.0,4 - Clean
4314,93,3763.88,40.47,27,0,0.0,0.0,4 - Clean
4315,62,3888.76,62.72,17,0,0.0,0.0,4 - Clean
4316,68,3029.26,44.55,22,0,0.0,0.0,4 - Clean
4317,84,5464.68,65.06,29,0,0.0,0.0,4 - Clean
4318,116,6751.79,58.21,38,0,0.0,0.0,4 - Clean
4319,111,6028.48,54.31,34,0,0.0,0.0,4 - Clean
4320,76,4221.94,55.55,25,1,378.4,1.316,3 - Watch
4321,69,4872.34,70.61,17,0,0.0,0.0,4 - Clean
4322,78,3775.99,48.41,27,0,0.0,0.0,4 - Clean
4323,71,3199.51,45.06,27,0,0.0,0.0,4 - Clean
4324,70,3922.56,56.04,27,0,0.0,0.0,4 - Clean
4325,83,4477.55,53.95,28,0,0.0,0.0,4 - Clean
4326,75,3868.58,51.58,24,1,104.6,1.333,3 - Watch
4327,94,4768.42,50.73,33,0,0.0,0.0,4 - Clean
4328,105,4351.33,41.44,34,0,0.0,0.0,4 - Clean
4329,165,8989.45,54.48,39,2,314.58,1.212,3 - Watch
4330,65,3374.41,51.91,25,0,0.0,0.0,4 - Clean
4331,98,4864.89,49.64,35,0,0.0,0.0,4 - Clean
4332,104,5176.03,49.77,34,0,0.0,0.0,4 - Clean
4333,56,3618.01,64.61,23,0,0.0,0.0,4 - Clean
4334,117,6921.08,59.15,35,0,0.0,0.0,4 - Clean
4335,85,3461.36,40.72,31,0,0.0,0.0,4 - Clean
4336,84,5295.93,63.05,29,0,0.0,0.0,4 - Clean
4337,75,5096.72,67.96,23,0,0.0,0.0,4 - Clean
4338,84,3016.08,35.91,28,0,0.0,0.0,4 - Clean
4339,77,4045.4,52.54,19,0,0.0,0.0,4 - Clean
4340,65,4618.19,71.05,24,1,635.4,1.538,3 - Watch
4341,69,4325.21,62.68,26,1,133.35,1.449,3 - Watch
4342,121,5972.38,49.36,39,0,0.0,0.0,4 - Clean
4343,86,3744.7,43.54,30,0,0.0,0.0,4 - Clean
4344,81,4161.49,51.38,24,1,47.3,1.235,3 - Watch
4345,106,5146.51,48.55,34,36,1552.24,33.962,1 - Critical
4346,97,4997.0,51.52,23,0,0.0,0.0,4 - Clean
4347,101,5331.08,52.78,37,0,0.0,0.0,4 - Clean
4348,79,4012.09,50.79,31,0,0.0,0.0,4 - Clean
4349,111,7032.58,63.36,37,2,337.95,1.802,3 - Watch
4350,106,6208.36,58.57,38,0,0.0,0.0,4 - Clean
4351,73,3094.17,42.39,18,3,524.65,4.11,2 - High
4352,94,6271.91,66.72,38,3,636.7,3.191,2 - High
4353,118,6092.97,51.64,29,0,0.0,0.0,4 - Clean
4354,91,5151.67,56.61,32,0,0.0,0.0,4 - Clean
4355,87,5198.34,59.75,35,0,0.0,0.0,4 - Clean
4356,83,4397.9,52.99,30,1,224.95,1.205,3 - Watch
4357,80,4437.41,55.47,36,0,0.0,0.0,4 - Clean
4358,111,6010.0,54.14,29,1,162.65,0.901,3 - Watch
4359,80,4431.36,55.39,30,0,0.0,0.0,4 - Clean
4360,136,6910.17,50.81,38,0,0.0,0.0,4 - Clean
4361,58,3927.93,67.72,21,0,0.0,0.0,4 - Clean
4362,85,4948.12,58.21,36,2,574.59,2.353,2 - High
4363,107,4587.99,42.88,35,0,0.0,0.0,4 - Clean
4364,93,4742.97,51.0,32,0,0.0,0.0,4 - Clean
4365,102,5274.77,51.71,37,0,0.0,0.0,4 - Clean
4366,122,5716.51,46.86,37,0,0.0,0.0,4 - Clean
4367,89,4801.14,53.95,25,0,0.0,0.0,4 - Clean
4368,76,3927.21,51.67,26,0,0.0,0.0,4 - Clean
4369,85,3974.25,46.76,28,1,297.9,1.176,3 - Watch
4370,87,4393.11,50.5,28,0,0.0,0.0,4 - Clean
4371,98,5912.0,60.33,38,0,0.0,0.0,4 - Clean
4372,80,4424.53,55.31,25,0,0.0,0.0,4 - Clean
4373,88,5140.16,58.41,27,0,0.0,0.0,4 - Clean
4374,66,3584.49,54.31,18,0,0.0,0.0,4 - Clean
4375,53,3316.78,62.58,19,0,0.0,0.0,4 - Clean
4376,133,6091.22,45.8,36,0,0.0,0.0,4 - Clean
4377,94,5274.36,56.11,30,0,0.0,0.0,4 - Clean
4378,119,6133.59,51.54,40,0,0.0,0.0,4 - Clean
4379,78,4361.88,55.92,26,0,0.0,0.0,4 - Clean
4380,86,4980.15,57.91,29,0,0.0,0.0,4 - Clean
4381,105,5507.0,52.45,33,1,47.2,0.952,3 - Watch
4382,75,3625.27,48.34,32,2,99.8,2.667,2 - High
4383,108,6548.53,60.63,31,0,0.0,0.0,4 - Clean
4384,85,3832.55,45.09,31,0,0.0,0.0,4 - Clean
4385,85,4580.15,53.88,26,0,0.0,0.0,4 - Clean
4386,90,3797.57,42.2,29,0,0.0,0.0,4 - Clean
4387,72,3963.87,55.05,20,0,0.0,0.0,4 - Clean
4388,113,6180.48,54.69,38,0,0.0,0.0,4 - Clean
4389,111,4510.25,40.63,38,0,0.0,0.0,4 - Clean
4390,90,4960.99,55.12,34,0,0.0,0.0,4 - Clean
4391,82,5145.85,62.75,31,0,0.0,0.0,4 - Clean
4392,92,5302.37,57.63,34,1,356.95,1.087,3 - Watch
4393,68,3487.28,51.28,23,0,0.0,0.0,4 - Clean
4394,75,4724.67,63.0,31,1,126.5,1.333,3 - Watch
4395,134,8016.89,59.83,37,0,0.0,0.0,4 - Clean
4396,68,3727.0,54.81,29,0,0.0,0.0,4 - Clean
4397,107,4784.92,44.72,35,0,0.0,0.0,4 - Clean
4398,92,4850.51,52.72,32,0,0.0,0.0,4 - Clean
4399,94,6717.38,71.46,28,1,458.4,1.064,3 - Watch
4400,108,5549.17,51.38,43,0,0.0,0.0,4 - Clean
4401,160,9090.98,56.82,44,4,1067.16,2.5,2 - High
4402,95,6210.57,65.37,29,1,148.0,1.053,3 - Watch
4403,80,4437.51,55.47,22,0,0.0,0.0,4 - Clean
4404,84,3789.08,45.11,26,0,0.0,0.0,4 - Clean
4405,89,4918.51,55.26,33,0,0.0,0.0,4 - Clean
4406,94,6265.03,66.65,32,1,199.7,1.064,3 - Watch
4407,113,6401.19,56.65,34,0,0.0,0.0,4 - Clean
4408,83,4221.14,50.86,29,2,311.65,2.41,2 - High
4409,67,3716.8,55.47,28,1,44.7,1.493,3 - Watch
4410,128,6394.07,49.95,41,1,48.9,0.781,3 - Watch
4411,101,4801.3,47.54,32,0,0.0,0.0,4 - Clean
4412,105,5587.22,53.21,35,0,0.0,0.0,4 - Clean
4413,111,5886.93,53.04,30,0,0.0,0.0,4 - Clean
4414,82,4621.01,56.35,31,0,0.0,0.0,4 - Clean
4415,85,4862.97,57.21,33,1,711.4,1.176,3 - Watch
4416,82,3720.49,45.37,27,0,0.0,0.0,4 - Clean
4417,82,3611.22,44.04,26,0,0.0,0.0,4 - Clean
4418,96,6358.19,66.23,34,0,0.0,0.0,4 - Clean
4419,70,3376.17,48.23,22,0,0.0,0.0,4 - Clean
4420,67,4364.85,65.15,16,0,0.0,0.0,4 - Clean
4421,70,3347.69,47.82,24,0,0.0,0.0,4 - Clean
4422,111,6480.4,58.38,38,2,772.05,1.802,3 - Watch
4423,119,4984.34,41.89,37,0,0.0,0.0,4 - Clean
4424,61,3238.86,53.1,24,0,0.0,0.0,4 - Clean
4425,81,4120.51,50.87,27,4,298.58,4.938,2 - High
4426,80,3522.64,44.03,28,21,880.1,26.25,1 - Critical
4427,79,3524.78,44.62,33,1,15.1,1.266,3 - Watch
4428,97,6083.33,62.71,29,0,0.0,0.0,4 - Clean
4429,107,6119.4,57.19,32,0,0.0,0.0,4 - Clean
4430,92,5520.85,60.01,26,0,0.0,0.0,4 - Clean
4431,71,4005.15,56.41,20,1,53.95,1.408,3 - Watch
4432,108,6083.13,56.33,29,0,0.0,0.0,4 - Clean
4433,66,3996.23,60.55,25,0,0.0,0.0,4 - Clean
4434,91,4842.3,53.21,21,0,0.0,0.0,4 - Clean
4435,57,2777.67,48.73,26,0,0.0,0.0,4 - Clean
4436,71,4985.75,70.22,23,0,0.0,0.0,4 - Clean
4437,122,5891.04,48.29,34,0,0.0,0.0,4 - Clean
4438,121,6817.44,56.34,42,2,800.0,1.653,3 - Watch
4439,89,3711.26,41.7,33,0,0.0,0.0,4 - Clean
4440,108,7771.45,71.96,28,2,545.05,1.852,3 - Watch
4441,58,2692.34,46.42,29,0,0.0,0.0,4 - Clean
4442,80,3885.85,48.57,32,1,105.35,1.25,3 - Watch
4443,109,6097.42,55.94,34,0,0.0,0.0,4 - Clean
4444,92,4186.32,45.5,31,0,0.0,0.0,4 - Clean
4445,100,6036.87,60.37,34,0,0.0,0.0,4 - Clean
4446,84,3306.67,39.37,24,0,0.0,0.0,4 - Clean
4447,65,2810.33,43.24,26,0,0.0,0.0,4 - Clean
4448,118,5986.26,50.73,36,0,0.0,0.0,4 - Clean
4449,100,5670.53,56.71,36,1,234.04,1.0,3 - Watch
4450,120,7298.42,60.82,32,0,0.0,0.0,4 - Clean
4451,89,4203.99,47.24,23,1,147.6,1.124,3 - Watch
4452,90,5227.85,58.09,23,0,0.0,0.0,4 - Clean
4453,99,5390.67,54.45,34,0,0.0,0.0,4 - Clean
4454,95,4351.37,45.8,28,0,0.0,0.0,4 - Clean
4455,95,5108.64,53.78,29,0,0.0,0.0,4 - Clean
4456,70,3081.57,44.02,17,0,0.0,0.0,4 - Clean
4457,88,5420.3,61.59,28,0,0.0,0.0,4 - Clean
4458,128,6857.04,53.57,36,0,0.0,0.0,4 - Clean
4459,100,4365.81,43.66,28,0,0.0,0.0,4 - Clean
4460,93,5136.74,55.23,33,0,0.0,0.0,4 - Clean
4461,74,4526.1,61.16,25,0,0.0,0.0,4 - Clean
4462,97,5294.14,54.58,37,1,241.97,1.031,3 - Watch
4463,100,5655.7,56.56,28,0,0.0,0.0,4 - Clean
4464,123,7015.52,57.04,35,1,84.1,0.813,3 - Watch
4465,132,7589.79,57.5,42,1,367.3,0.758,3 - Watch
4466,94,5327.74,56.68,31,0,0.0,0.0,4 - Clean
4467,82,4403.57,53.7,27,0,0.0,0.0,4 - Clean
4468,63,2526.36,40.1,25,0,0.0,0.0,4 - Clean
4469,69,3941.88,57.13,26,0,0.0,0.0,4 - Clean
4470,108,6170.98,57.14,34,0,0.0,0.0,4 - Clean
4471,74,3855.47,52.1,28,0,0.0,0.0,4 - Clean
4472,123,7283.94,59.22,35,0,0.0,0.0,4 - Clean
4473,103,5602.84,54.4,32,2,366.05,1.942,3 - Watch
4474,117,6253.02,53.44,34,1,239.03,0.855,3 - Watch
4475,91,3886.31,42.71,26,1,63.35,1.099,3 - Watch
4476,103,4362.63,42.36,38,0,0.0,0.0,4 - Clean
4477,25,1018.62,40.74,9,0,0.0,0.0,4 - Clean
4478,118,6264.43,53.09,40,2,85.5,1.695,3 - Watch
4479,81,3844.83,47.47,29,1,25.1,1.235,3 - Watch
4480,88,4460.04,50.68,27,0,0.0,0.0,4 - Clean
4481,88,4963.36,56.4,26,0,0.0,0.0,4 - Clean
4482,131,6685.46,51.03,26,0,0.0,0.0,4 - Clean
4483,70,4438.95,63.41,19,1,221.35,1.429,3 - Watch
4484,97,5821.54,60.02,33,0,0.0,0.0,4 - Clean
4485,112,5717.63,51.05,39,0,0.0,0.0,4 - Clean
4486,113,7131.78,63.11,35,0,0.0,0.0,4 - Clean
4487,84,4640.83,55.25,33,0,0.0,0.0,4 - Clean
4488,77,3073.71,39.92,25,2,116.45,2.597,2 - High
4489,58,3648.74,62.91,18,0,0.0,0.0,4 - Clean
4490,68,4457.52,65.55,28,0,0.0,0.0,4 - Clean
4491,49,2579.98,52.65,20,0,0.0,0.0,4 - Clean
4492,75,4043.63,53.92,26,22,1451.24,29.333,1 - Critical
4493,83,3792.0,45.69,30,1,224.97,1.205,3 - Watch
4494,93,4894.7,52.63,35,0,0.0,0.0,4 - Clean
4495,105,5512.48,52.5,31,0,0.0,0.0,4 - Clean
4496,56,3635.92,64.93,26,0,0.0,0.0,4 - Clean
4497,89,5237.59,58.85,33,0,0.0,0.0,4 - Clean
4498,62,3951.69,63.74,24,0,0.0,0.0,4 - Clean
4499,123,7273.53,59.13,36,0,0.0,0.0,4 - Clean
4500,61,3842.13,62.99,26,0,0.0,0.0,4 - Clean
4501,82,4419.65,53.9,27,0,0.0,0.0,4 - Clean
4502,92,4210.64,45.77,31,0,0.0,0.0,4 - Clean
4503,110,4823.79,43.85,36,1,153.3,0.909,3 - Watch
4504,109,5517.33,50.62,34,0,0.0,0.0,4 - Clean
4505,113,5303.11,46.93,28,1,166.3,0.885,3 - Watch
4506,121,8070.23,66.7,33,1,466.95,0.826,3 - Watch
4507,129,7367.78,57.11,42,1,204.3,0.775,3 - Watch
4508,53,3138.59,59.22,28,0,0.0,0.0,4 - Clean
4509,115,6564.89,57.09,41,1,253.85,0.87,3 - Watch
4510,117,5619.69,48.03,34,0,0.0,0.0,4 - Clean
4511,93,4133.28,44.44,26,0,0.0,0.0,4 - Clean
4512,77,4585.69,59.55,30,0,0.0,0.0,4 - Clean
4513,120,5704.9,47.54,35,0,0.0,0.0,4 - Clean
4514,69,3679.32,53.32,33,0,0.0,0.0,4 - Clean
4515,58,3545.41,61.13,24,0,0.0,0.0,4 - Clean
4516,96,4713.63,49.1,29,0,0.0,0.0,4 - Clean
4517,100,5055.6,50.56,28,0,0.0,0.0,4 - Clean
4518,54,3433.55,63.58,22,1,343.65,1.852,3 - Watch
4519,109,6245.33,57.3,33,0,0.0,0.0,4 - Clean
4520,130,6912.64,53.17,41,0,0.0,0.0,4 - Clean
4521,105,5459.59,52.0,35,1,255.76,0.952,3 - Watch
4522,80,4233.22,52.92,31,0,0.0,0.0,4 - Clean
4523,106,6302.46,59.46,35,0,0.0,0.0,4 - Clean
4524,84,4149.79,49.4,26,0,0.0,0.0,4 - Clean
4525,64,4020.6,62.82,22,0,0.0,0.0,4 - Clean
4526,90,5382.44,59.8,36,0,0.0,0.0,4 - Clean
4527,73,4820.96,66.04,18,0,0.0,0.0,4 - Clean
4528,78,4506.76,57.78,34,0,0.0,0.0,4 - Clean
4529,115,6329.54,55.04,36,0,0.0,0.0,4 - Clean
4530,87,4024.16,46.25,31,0,0.0,0.0,4 - Clean
4531,105,5074.49,48.33,31,0,0.0,0.0,4 - Clean
4532,120,7810.47,65.09,35,2,521.9,1.667,3 - Watch
4533,82,4361.0,53.18,25,0,0.0,0.0,4 - Clean
4534,83,4268.13,51.42,34,0,0.0,0.0,4 - Clean
4535,86,3191.16,37.11,26,0,0.0,0.0,4 - Clean
4536,75,3451.98,46.03,30,0,0.0,0.0,4 - Clean
4537,127,7337.68,57.78,34,0,0.0,0.0,4 - Clean
4538,142,7243.56,51.01,45,0,0.0,0.0,4 - Clean
4539,83,4655.87,56.09,26,0,0.0,0.0,4 - Clean
4540,45,2775.95,61.69,20,0,0.0,0.0,4 - Clean
4541,79,5262.85,66.62,21,0,0.0,0.0,4 - Clean
4542,75,4165.01,55.53,22,0,0.0,0.0,4 - Clean
4543,79,4205.25,53.23,24,0,0.0,0.0,4 - Clean
4544,113,6194.55,54.82,36,1,218.1,0.885,3 - Watch
4545,69,4298.78,62.3,26,0,0.0,0.0,4 - Clean
4546,99,5026.6,50.77,28,1,567.15,1.01,3 - Watch
4547,73,3233.1,44.29,27,0,0.0,0.0,4 - Clean
4548,121,6374.29,52.68,37,0,0.0,0.0,4 - Clean
4549,88,3925.59,44.61,28,0,0.0,0.0,4 - Clean
4550,70,3565.79,50.94,28,0,0.0,0.0,4 - Clean
4551,60,3550.74,59.18,28,0,0.0,0.0,4 - Clean
4552,123,7936.06,64.52,33,2,706.8,1.626,3 - Watch
4553,107,5707.81,53.34,40,0,0.0,0.0,4 - Clean
4554,61,3619.05,59.33,25,0,0.0,0.0,4 - Clean
4555,84,4563.21,54.32,24,0,0.0,0.0,4 - Clean
4556,60,2151.91,35.87,26,0,0.0,0.0,4 - Clean
4557,61,3620.78,59.36,24,0,0.0,0.0,4 - Clean
4558,49,2202.59,44.95,15,1,231.65,2.041,2 - High
4559,62,2502.79,40.37,25,0,0.0,0.0,4 - Clean
4560,127,6362.54,50.1,41,0,0.0,0.0,4 - Clean
4561,80,4588.09,57.35,27,0,0.0,0.0,4 - Clean
4562,136,6622.68,48.7,46,0,0.0,0.0,4 - Clean
4563,47,1816.65,38.65,19,0,0.0,0.0,4 - Clean
4564,77,3970.41,51.56,32,0,0.0,0.0,4 - Clean
4565,65,3411.92,52.49,32,0,0.0,0.0,4 - Clean
4566,124,7233.57,58.34,38,1,169.85,0.806,3 - Watch
4567,99,4546.2,45.92,32,0,0.0,0.0,4 - Clean
4568,119,6167.96,51.83,40,0,0.0,0.0,4 - Clean
4569,66,3515.63,53.27,19,0,0.0,0.0,4 - Clean
4570,115,5963.73,51.86,39,1,229.9,0.87,3 - Watch
4571,73,3327.83,45.59,32,0,0.0,0.0,4 - Clean
4572,79,3699.69,46.83,28,0,0.0,0.0,4 - Clean
4573,93,5221.06,56.14,27,1,208.55,1.075,3 - Watch
4574,63,4435.89,70.41,20,0,0.0,0.0,4 - Clean
4575,96,5198.59,54.15,29,1,226.4,1.042,3 - Watch
4576,167,9111.45,54.56,41,1,229.82,0.599,3 - Watch
4577,96,5424.6,56.51,32,1,344.6,1.042,3 - Watch
4578,80,3987.51,49.84,34,0,0.0,0.0,4 - Clean
4579,81,4591.94,56.69,33,0,0.0,0.0,4 - Clean
4580,106,5595.81,52.79,40,0,0.0,0.0,4 - Clean
4581,48,2209.41,46.03,23,0,0.0,0.0,4 - Clean
4582,103,5755.81,55.88,29,1,25.25,0.971,3 - Watch
4583,89,3747.99,42.11,30,0,0.0,0.0,4 - Clean
4584,139,6496.36,46.74,40,0,0.0,0.0,4 - Clean
4585,54,2811.7,52.07,27,0,0.0,0.0,4 - Clean
4586,79,4794.2,60.69,32,0,0.0,0.0,4 - Clean
4587,64,3530.98,55.17,25,0,0.0,0.0,4 - Clean
4588,52,3019.21,58.06,15,0,0.0,0.0,4 - Clean
4589,96,4946.45,51.53,33,0,0.0,0.0,4 - Clean
4590,74,3660.36,49.46,26,0,0.0,0.0,4 - Clean
4591,70,3505.39,50.08,22,1,44.25,1.429,3 - Watch
4592,110,6379.47,58.0,31,2,847.95,1.818,3 - Watch
4593,132,7365.8,55.8,37,1,494.2,0.758,3 - Watch
4594,107,5753.69,53.77,33,1,242.5,0.935,3 - Watch
4595,78,3598.6,46.14,28,0,0.0,0.0,4 - Clean
4596,70,3676.01,52.51,24,0,0.0,0.0,4 - Clean
4597,122,6517.77,53.42,36,0,0.0,0.0,4 - Clean
4598,105,6941.74,66.11,42,2,568.65,1.905,3 - Watch
4599,102,5713.09,56.01,30,0,0.0,0.0,4 - Clean
4600,107,6395.69,59.77,38,0,0.0,0.0,4 - Clean
4601,42,2731.17,65.03,15,0,0.0,0.0,4 - Clean
4602,71,4052.52,57.08,23,0,0.0,0.0,4 - Clean
4603,65,3036.85,46.72,26,0,0.0,0.0,4 - Clean
4604,61,3526.45,57.81,17,1,662.3,1.639,3 - Watch
4605,87,4376.51,50.3,34,1,233.41,1.149,3 - Watch
4606,78,4264.45,54.67,32,1,446.2,1.282,3 - Watch
4607,105,5824.46,55.47,31,1,411.45,0.952,3 - Watch
4608,93,4706.08,50.6,36,0,0.0,0.0,4 - Clean
4609,95,5678.27,59.77,37,0,0.0,0.0,4 - Clean
4610,110,5491.2,49.92,35,0,0.0,0.0,4 - Clean
4611,94,4749.19,50.52,37,0,0.0,0.0,4 - Clean
4612,84,4315.93,51.38,27,0,0.0,0.0,4 - Clean
4613,93,5303.58,57.03,37,1,100.1,1.075,3 - Watch
4614,79,4486.13,56.79,25,0,0.0,0.0,4 - Clean
4615,112,6135.62,54.78,30,1,92.65,0.893,3 - Watch
4616,99,5226.29,52.79,34,0,0.0,0.0,4 - Clean
4617,89,5293.94,59.48,27,0,0.0,0.0,4 - Clean
4618,83,4838.81,58.3,31,0,0.0,0.0,4 - Clean
4619,112,6232.94,55.65,30,0,0.0,0.0,4 - Clean
4620,95,5028.71,52.93,28,0,0.0,0.0,4 - Clean
4621,52,2939.16,56.52,21,0,0.0,0.0,4 - Clean
4622,74,4234.38,57.22,25,0,0.0,0.0,4 - Clean
4623,81,4194.44,51.78,31,0,0.0,0.0,4 - Clean
4624,86,3698.76,43.01,29,0,0.0,0.0,4 - Clean
4625,135,7204.45,53.37,42,0,0.0,0.0,4 - Clean
4626,97,5483.94,56.54,30,0,0.0,0.0,4 - Clean
4627,82,5185.72,63.24,22,0,0.0,0.0,4 - Clean
4628,63,2740.1,43.49,26,0,0.0,0.0,4 - Clean
4629,109,5783.19,53.06,35,34,1696.18,31.193,1 - Critical
4630,91,4659.61,51.2,29,0,0.0,0.0,4 - Clean
4631,144,7297.07,50.67,36,0,0.0,0.0,4 - Clean
4632,79,3756.35,47.55,25,0,0.0,0.0,4 - Clean
4633,82,4084.47,49.81,29,0,0.0,0.0,4 - Clean
4634,72,3725.35,51.74,24,0,0.0,0.0,4 - Clean
4635,105,5285.35,50.34,28,0,0.0,0.0,4 - Clean
4636,153,7993.25,52.24,39,0,0.0,0.0,4 - Clean
4637,98,5021.51,51.24,34,0,0.0,0.0,4 - Clean
4638,74,4909.21,66.34,31,0,0.0,0.0,4 - Clean
4639,49,3238.62,66.09,25,0,0.0,0.0,4 - Clean
4640,106,5050.04,47.64,31,0,0.0,0.0,4 - Clean
4641,48,2073.15,43.19,22,1,83.65,2.083,2 - High
4642,106,5129.22,48.39,35,0,0.0,0.0,4 - Clean
4643,99,5081.48,51.33,34,0,0.0,0.0,4 - Clean
4644,79,4684.22,59.29,29,0,0.0,0.0,4 - Clean
4645,102,5045.56,49.47,34,0,0.0,0.0,4 - Clean
4646,73,4470.28,61.24,26,1,209.85,1.37,3 - Watch
4647,81,5210.48,64.33,25,0,0.0,0.0,4 - Clean
4648,76,3484.37,45.85,28,0,0.0,0.0,4 - Clean
4649,81,5021.55,61.99,30,0,0.0,0.0,4 - Clean
4650,67,3209.36,47.9,21,0,0.0,0.0,4 - Clean
4651,72,4316.54,59.95,17,0,0.0,0.0,4 - Clean
4652,72,4299.22,59.71,27,0,0.0,0.0,4 - Clean
4653,78,4477.79,57.41,25,0,0.0,0.0,4 - Clean
4654,82,3199.32,39.02,29,0,0.0,0.0,4 - Clean
4655,106,6244.21,58.91,28,0,0.0,0.0,4 - Clean
4656,133,6955.6,52.3,40,0,0.0,0.0,4 - Clean
4657,107,6105.1,57.06,33,0,0.0,0.0,4 - Clean
4658,94,4737.39,50.4,37,0,0.0,0.0,4 - Clean
4659,48,2684.6,55.93,22,0,0.0,0.0,4 - Clean
4660,69,4653.84,67.45,25,1,81.9,1.449,3 - Watch
4661,81,4215.02,52.04,26,1,518.1,1.235,3 - Watch
4662,87,4642.9,53.37,30,0,0.0,0.0,4 - Clean
4663,109,7176.45,65.84,37,0,0.0,0.0,4 - Clean
4664,102,4619.98,45.29,36,0,0.0,0.0,4 - Clean
4665,102,4196.0,41.14,32,0,0.0,0.0,4 - Clean
4666,109,5344.02,49.03,34,0,0.0,0.0,4 - Clean
4667,86,4831.52,56.18,24,0,0.0,0.0,4 - Clean
4668,101,5430.21,53.76,32,0,0.0,0.0,4 - Clean
4669,126,5874.39,46.62,34,1,259.8,0.794,3 - Watch
4670,93,5551.7,59.7,36,0,0.0,0.0,4 - Clean
4671,88,4534.12,51.52,26,0,0.0,0.0,4 - Clean
4672,78,4520.16,57.95,27,0,0.0,0.0,4 - Clean
4673,97,5390.9,55.58,29,0,0.0,0.0,4 - Clean
4674,94,5061.38,53.84,30,1,39.4,1.064,3 - Watch
4675,83,4293.17,51.72,31,1,316.45,1.205,3 - Watch
4676,139,6726.94,48.4,41,0,0.0,0.0,4 - Clean
4677,99,4033.89,40.75,30,0,0.0,0.0,4 - Clean
4678,71,3447.2,48.55,29,0,0.0,0.0,4 - Clean
4679,79,4719.09,59.74,30,0,0.0,0.0,4 - Clean
4680,98,5018.2,51.21,30,0,0.0,0.0,4 - Clean
4681,120,7204.57,60.04,34,0,0.0,0.0,4 - Clean
4682,94,5411.8,57.57,36,0,0.0,0.0,4 - Clean
4683,102,5245.39,51.43,32,0,0.0,0.0,4 - Clean
4684,72,2778.34,38.59,21,15,456.34,20.833,1 - Critical
4685,92,4911.32,53.38,24,0,0.0,0.0,4 - Clean
4686,96,4722.47,49.19,34,1,60.95,1.042,3 - Watch
4687,76,4188.28,55.11,25,1,223.24,1.316,3 - Watch
4688,88,3571.78,40.59,22,0,0.0,0.0,4 - Clean
4689,105,4569.96,43.52,37,1,100.4,0.952,3 - Watch
4690,78,4682.71,60.03,29,1,346.7,1.282,3 - Watch
4691,69,3414.49,49.49,23,1,140.25,1.449,3 - Watch
4692,126,7190.76,57.07,39,0,0.0,0.0,4 - Clean
4693,81,3515.81,43.41,32,1,237.47,1.235,3 - Watch
4694,57,2645.8,46.42,19,0,0.0,0.0,4 - Clean
4695,81,3892.79,48.06,27,0,0.0,0.0,4 - Clean
4696,97,5467.5,56.37,32,0,0.0,0.0,4 - Clean
4697,64,3211.18,50.17,23,0,0.0,0.0,4 - Clean
4698,103,4703.21,45.66,31,1,174.15,0.971,3 - Watch
4699,67,3468.38,51.77,29,0,0.0,0.0,4 - Clean
4700,71,3762.74,53.0,26,0,0.0,0.0,4 - Clean
4701,102,5174.14,50.73,27,0,0.0,0.0,4 - Clean
4702,120,6385.86,53.22,43,1,54.05,0.833,3 - Watch
4703,60,2776.2,46.27,23,0,0.0,0.0,4 - Clean
4704,64,3331.04,52.05,17,0,0.0,0.0,4 - Clean
4705,103,5229.82,50.77,34,0,0.0,0.0,4 - Clean
4706,101,4092.4,40.52,32,0,0.0,0.0,4 - Clean
4707,52,3040.25,58.47,16,0,0.0,0.0,4 - Clean
4708,69,3078.85,44.62,25,0,0.0,0.0,4 - Clean
4709,93,4554.23,48.97,31,0,0.0,0.0,4 - Clean
4710,61,3643.95,59.74,15,0,0.0,0.0,4 - Clean
4711,147,8291.62,56.41,42,0,0.0,0.0,4 - Clean
4712,71,3158.29,44.48,20,0,0.0,0.0,4 - Clean
4713,95,5785.37,60.9,32,0,0.0,0.0,4 - Clean
4714,75,3944.46,52.59,30,0,0.0,0.0,4 - Clean
4715,68,3976.61,58.48,23,0,0.0,0.0,4 - Clean
4716,68,4740.98,69.72,28,0,0.0,0.0,4 - Clean
4717,76,4967.58,65.36,25,0,0.0,0.0,4 - Clean
4718,125,6584.69,52.68,42,1,346.9,0.8,3 - Watch
4719,78,4821.08,61.81,27,1,248.19,1.282,3 - Watch
4720,74,3485.03,47.1,31,0,0.0,0.0,4 - Clean
4721,88,4775.55,54.27,28,0,0.0,0.0,4 - Clean
4722,75,4770.48,63.61,23,0,0.0,0.0,4 - Clean
4723,126,6508.79,51.66,38,3,672.1,2.381,2 - High
4724,65,3638.31,55.97,27,0,0.0,0.0,4 - Clean
4725,100,4877.58,48.78,31,0,0.0,0.0,4 - Clean
4726,97,5547.12,57.19,26,0,0.0,0.0,4 - Clean
4727,111,6715.36,60.5,34,0,0.0,0.0,4 - Clean
4728,77,3819.15,49.6,26,0,0.0,0.0,4 - Clean
4729,78,3339.3,42.81,30,0,0.0,0.0,4 - Clean
4730,98,5451.48,55.63,31,0,0.0,0.0,4 - Clean
4731,102,5122.3,50.22,30,0,0.0,0.0,4 - Clean
4732,98,5771.54,58.89,36,0,0.0,0.0,4 - Clean
4733,84,5262.11,62.64,27,0,0.0,0.0,4 - Clean
4734,99,4074.15,41.15,32,0,0.0,0.0,4 - Clean
4735,92,3775.6,41.04,31,0,0.0,0.0,4 - Clean
4736,83,4872.74,58.71,31,0,0.0,0.0,4 - Clean
4737,95,5888.67,61.99,31,1,235.63,1.053,3 - Watch
4738,91,4106.52,45.13,32,0,0.0,0.0,4 - Clean
4739,115,5652.61,49.15,37,1,38.85,0.87,3 - Watch
4740,108,5518.15,51.09,35,0,0.0,0.0,4 - Clean
4741,78,4711.97,60.41,26,1,378.35,1.282,3 - Watch
4742,114,7100.24,62.28,35,0,0.0,0.0,4 - Clean
4743,92,5282.27,57.42,37,1,220.42,1.087,3 - Watch
4744,95,6859.69,72.21,29,2,1113.1,2.105,2 - High
4745,72,3056.78,42.46,25,0,0.0,0.0,4 - Clean
4746,87,5938.75,68.26,28,1,302.75,1.149,3 - Watch
4747,69,3628.1,52.58,26,0,0.0,0.0,4 - Clean
4748,56,2531.49,45.21,22,0,0.0,0.0,4 - Clean
4749,112,6747.11,60.24,31,0,0.0,0.0,4 - Clean
4750,67,3311.35,49.42,24,1,541.5,1.493,3 - Watch
4751,87,5073.74,58.32,27,0,0.0,0.0,4 - Clean
4752,78,4080.29,52.31,26,0,0.0,0.0,4 - Clean
4753,100,4711.17,47.11,32,0,0.0,0.0,4 - Clean
4754,115,5576.31,48.49,36,0,0.0,0.0,4 - Clean
4755,98,5359.91,54.69,33,0,0.0,0.0,4 - Clean
4756,73,4101.56,56.19,28,0,0.0,0.0,4 - Clean
4757,88,5078.22,57.71,30,0,0.0,0.0,4 - Clean
4758,131,8165.28,62.33,36,0,0.0,0.0,4 - Clean
4759,87,4000.69,45.98,27,0,0.0,0.0,4 - Clean
4760,77,3675.68,47.74,17,0,0.0,0.0,4 - Clean
4761,89,5338.17,59.98,32,0,0.0,0.0,4 - Clean
4762,75,3751.16,50.02,27,0,0.0,0.0,4 - Clean
4763,46,2375.06,51.63,19,0,0.0,0.0,4 - Clean
4764,119,6283.01,52.8,40,1,240.09,0.84,3 - Watch
4765,98,5033.71,51.36,31,0,0.0,0.0,4 - Clean
4766,47,3009.38,64.03,24,1,281.5,2.128,2 - High
4767,64,3533.71,55.21,27,0,0.0,0.0,4 - Clean
4768,88,5634.34,64.03,31,0,0.0,0.0,4 - Clean
4769,79,5341.67,67.62,24,0,0.0,0.0,4 - Clean
4770,44,2207.89,50.18,14,0,0.0,0.0,4 - Clean
4771,86,5467.04,63.57,33,29,2207.92,33.721,1 - Critical
4772,87,5010.32,57.59,31,0,0.0,0.0,4 - Clean
4773,61,3447.59,56.52,24,1,332.95,1.639,3 - Watch
4774,59,2452.21,41.56,15,18,800.11,30.508,1 - Critical
4775,57,3077.59,53.99,23,0,0.0,0.0,4 - Clean
4776,52,3079.21,59.22,20,1,220.65,1.923,3 - Watch
4777,127,7550.44,59.45,35,0,0.0,0.0,4 - Clean
4778,69,4201.07,60.89,25,0,0.0,0.0,4 - Clean
4779,90,5053.63,56.15,34,0,0.0,0.0,4 - Clean
4780,87,4213.84,48.43,23,1,91.2,1.149,3 - Watch
4781,60,4001.8,66.7,23,0,0.0,0.0,4 - Clean
4782,93,5777.84,62.13,33,0,0.0,0.0,4 - Clean
4783,68,4286.32,63.03,27,0,0.0,0.0,4 - Clean
4784,93,4700.84,50.55,38,0,0.0,0.0,4 - Clean
4785,103,6512.83,63.23,33,1,189.7,0.971,3 - Watch
4786,125,6497.18,51.98,34,0,0.0,0.0,4 - Clean
4787,68,3191.16,46.93,25,0,0.0,0.0,4 - Clean
4788,85,5660.4,66.59,25,0,0.0,0.0,4 - Clean
4789,59,3006.08,50.95,22,0,0.0,0.0,4 - Clean
4790,88,4837.59,54.97,32,0,0.0,0.0,4 - Clean
4791,124,5659.75,45.64,43,0,0.0,0.0,4 - Clean
4792,80,4937.85,61.72,38,0,0.0,0.0,4 - Clean
4793,86,5703.28,66.32,29,1,329.4,1.163,3 - Watch
4794,68,4360.97,64.13,24,0,0.0,0.0,4 - Clean
4795,90,3960.98,44.01,25,0,0.0,0.0,4 - Clean
4796,82,4562.01,55.63,26,0,0.0,0.0,4 - Clean
4797,89,4659.47,52.35,30,0,0.0,0.0,4 - Clean
4798,86,3860.59,44.89,26,0,0.0,0.0,4 - Clean
4799,77,4693.48,60.95,29,0,0.0,0.0,4 - Clean
4800,92,5736.23,62.35,26,0,0.0,0.0,4 - Clean
4801,96,5269.97,54.9,34,1,189.15,1.042,3 - Watch
4802,108,7277.25,67.38,35,0,0.0,0.0,4 - Clean
4803,69,3516.58,50.96,33,0,0.0,0.0,4 - Clean
4804,77,5037.26,65.42,31,1,421.6,1.299,3 - Watch
4805,91,4917.76,54.04,32,0,0.0,0.0,4 - Clean
4806,57,2960.02,51.93,21,0,0.0,0.0,4 - Clean
4807,113,6809.95,60.27,42,0,0.0,0.0,4 - Clean
4808,99,6808.12,68.77,33,0,0.0,0.0,4 - Clean
4809,104,5537.24,53.24,34,0,0.0,0.0,4 - Clean
4810,69,3626.75,52.56,30,0,0.0,0.0,4 - Clean
4811,97,5684.33,58.6,34,0,0.0,0.0,4 - Clean
4812,102,5139.11,50.38,27,0,0.0,0.0,4 - Clean
4813,162,8205.23,50.65,43,0,0.0,0.0,4 - Clean
4814,89,5493.16,61.72,33,0,0.0,0.0,4 - Clean
4815,81,5429.58,67.03,31,0,0.0,0.0,4 - Clean
4816,112,6546.87,58.45,30,0,0.0,0.0,4 - Clean
4817,88,5485.42,62.33,30,2,686.67,2.273,2 - High
4818,116,5104.87,44.01,32,0,0.0,0.0,4 - Clean
4819,118,7802.59,66.12,40,1,516.4,0.847,3 - Watch
4820,111,6538.06,58.9,36,0,0.0,0.0,4 - Clean
4821,79,2989.94,37.85,25,0,0.0,0.0,4 - Clean
4822,68,3560.49,52.36,22,0,0.0,0.0,4 - Clean
4823,85,4210.53,49.54,32,0,0.0,0.0,4 - Clean
4824,93,5531.37,59.48,31,0,0.0,0.0,4 - Clean
4825,117,4923.5,42.08,37,0,0.0,0.0,4 - Clean
4826,83,5004.97,60.3,25,0,0.0,0.0,4 - Clean
4827,98,4654.2,47.49,37,1,180.25,1.02,3 - Watch
4828,45,1500.61,33.35,12,0,0.0,0.0,4 - Clean
4829,106,5032.43,47.48,34,0,0.0,0.0,4 - Clean
4830,60,3248.94,54.15,23,0,0.0,0.0,4 - Clean
4831,103,6325.03,61.41,25,1,722.45,0.971,3 - Watch
4832,94,6013.97,63.98,25,1,16.1,1.064,3 - Watch
4833,111,6314.86,56.89,34,1,421.6,0.901,3 - Watch
4834,79,5417.99,68.58,21,0,0.0,0.0,4 - Clean
4835,66,4526.16,68.58,25,0,0.0,0.0,4 - Clean
4836,87,4336.95,49.85,29,0,0.0,0.0,4 - Clean
4837,81,4611.14,56.93,26,0,0.0,0.0,4 - Clean
4838,87,4743.04,54.52,32,0,0.0,0.0,4 - Clean
4839,57,3779.54,66.31,19,0,0.0,0.0,4 - Clean
4840,101,5564.78,55.1,27,0,0.0,0.0,4 - Clean
4841,88,5595.4,63.58,33,1,265.17,1.136,3 - Watch
4842,65,3458.64,53.21,20,0,0.0,0.0,4 - Clean
4843,75,4183.53,55.78,29,0,0.0,0.0,4 - Clean
4844,73,4599.25,63.0,25,0,0.0,0.0,4 - Clean
4845,76,5131.92,67.53,24,0,0.0,0.0,4 - Clean
4846,48,2315.91,48.25,19,0,0.0,0.0,4 - Clean
4847,104,5119.91,49.23,43,0,0.0,0.0,4 - Clean
4848,84,4858.46,57.84,29,0,0.0,0.0,4 - Clean
4849,100,5176.72,51.77,32,0,0.0,0.0,4 - Clean
4850,95,4199.24,44.2,36,0,0.0,0.0,4 - Clean
4851,97,4236.89,43.68,36,1,149.9,1.031,3 - Watch
4852,79,4529.12,57.33,29,0,0.0,0.0,4 - Clean
4853,97,5149.72,53.09,17,0,0.0,0.0,4 - Clean
4854,63,3301.26,52.4,26,0,0.0,0.0,4 - Clean
4855,96,4721.13,49.18,32,1,686.85,1.042,3 - Watch
4856,76,3947.21,51.94,28,0,0.0,0.0,4 - Clean
4857,70,3896.69,55.67,23,0,0.0,0.0,4 - Clean
4858,109,6616.91,60.71,36,1,239.6,0.917,3 - Watch
4859,127,6987.55,55.02,40,0,0.0,0.0,4 - Clean
4860,71,3974.98,55.99,23,0,0.0,0.0,4 - Clean
4861,70,4033.02,57.61,29,0,0.0,0.0,4 - Clean
4862,78,5155.65,66.1,25,0,0.0,0.0,4 - Clean
4863,84,4601.38,54.78,29,0,0.0,0.0,4 - Clean
4864,91,3862.75,42.45,29,0,0.0,0.0,4 - Clean
4865,110,7180.52,65.28,40,14,1395.76,12.727,1 - Critical
4866,55,2520.03,45.82,28,0,0.0,0.0,4 - Clean
4867,83,3361.67,40.5,29,0,0.0,0.0,4 - Clean
4868,74,3291.89,44.48,28,2,66.0,2.703,2 - High
4869,93,5477.76,58.9,34,0,0.0,0.0,4 - Clean
4870,82,5614.29,68.47,29,1,228.08,1.22,3 - Watch
4871,64,3995.57,62.43,27,0,0.0,0.0,4 - Clean
4872,87,4517.76,51.93,31,0,0.0,0.0,4 - Clean
4873,99,4478.75,45.24,36,0,0.0,0.0,4 - Clean
4874,74,4180.32,56.49,34,0,0.0,0.0,4 - Clean
4875,94,4784.34,50.9,27,0,0.0,0.0,4 - Clean
4876,112,5609.43,50.08,35,42,2316.89,37.5,1 - Critical
4877,101,4449.78,44.06,29,0,0.0,0.0,4 - Clean
4878,49,2299.86,46.94,22,0,0.0,0.0,4 - Clean
4879,66,4246.54,64.34,27,1,345.45,1.515,3 - Watch
4880,70,2621.75,37.45,24,0,0.0,0.0,4 - Clean
4881,76,3998.19,52.61,25,0,0.0,0.0,4 - Clean
4882,142,7224.94,50.88,44,0,0.0,0.0,4 - Clean
4883,124,5999.95,48.39,39,0,0.0,0.0,4 - Clean
4884,106,5155.5,48.64,32,0,0.0,0.0,4 - Clean
4885,86,4153.18,48.29,23,0,0.0,0.0,4 - Clean
4886,106,5228.68,49.33,32,0,0.0,0.0,4 - Clean
4887,116,5837.51,50.32,40,0,0.0,0.0,4 - Clean
4888,125,6097.12,48.78,39,0,0.0,0.0,4 - Clean
4889,108,6123.17,56.7,38,1,227.97,0.926,3 - Watch
4890,119,6151.12,51.69,38,0,0.0,0.0,4 - Clean
4891,94,5906.24,62.83,23,0,0.0,0.0,4 - Clean
4892,118,5925.86,50.22,32,1,496.9,0.847,3 - Watch
4893,75,4275.26,57.0,21,1,45.05,1.333,3 - Watch
4894,102,4895.03,47.99,41,0,0.0,0.0,4 - Clean
4895,61,2764.0,45.31,25,0,0.0,0.0,4 - Clean
4896,50,2655.49,53.11,20,0,0.0,0.0,4 - Clean
4897,80,4031.07,50.39,28,1,227.98,1.25,3 - Watch
4898,77,5110.02,66.36,25,0,0.0,0.0,4 - Clean
4899,66,2967.0,44.95,26,0,0.0,0.0,4 - Clean
4900,154,7858.36,51.03,38,0,0.0,0.0,4 - Clean
4901,68,3745.6,55.08,29,0,0.0,0.0,4 - Clean
4902,96,5339.98,55.62,33,0,0.0,0.0,4 - Clean
4903,96,5987.92,62.37,33,0,0.0,0.0,4 - Clean
4904,79,3828.08,48.46,29,0,0.0,0.0,4 - Clean
4905,64,4589.19,71.71,21,4,146.03,6.25,1 - Critical
4906,90,4777.86,53.09,27,0,0.0,0.0,4 - Clean
4907,108,5778.25,53.5,32,0,0.0,0.0,4 - Clean
4908,103,5627.09,54.63,34,1,342.15,0.971,3 - Watch
4909,93,5470.33,58.82,30,0,0.0,0.0,4 - Clean
4910,87,5306.45,60.99,24,1,245.5,1.149,3 - Watch
4911,72,4270.18,59.31,22,0,0.0,0.0,4 - Clean
4912,96,5099.75,53.12,32,2,680.05,2.083,2 - High
4913,89,4752.59,53.4,29,1,233.07,1.124,3 - Watch
4914,96,4714.04,49.1,32,0,0.0,0.0,4 - Clean
4915,64,3962.48,61.91,22,0,0.0,0.0,4 - Clean
4916,94,5962.6,63.43,20,0,0.0,0.0,4 - Clean
4917,70,4082.95,58.33,23,0,0.0,0.0,4 - Clean
4918,129,8914.66,69.11,40,1,456.2,0.775,3 - Watch
4919,104,4950.18,47.6,38,0,0.0,0.0,4 - Clean
4920,76,3967.26,52.2,29,0,0.0,0.0,4 - Clean
4921,84,4806.32,57.22,27,0,0.0,0.0,4 - Clean
4922,70,4052.99,57.9,26,0,0.0,0.0,4 - Clean
4923,79,3761.9,47.62,31,0,0.0,0.0,4 - Clean
4924,55,2642.25,48.04,17,1,139.25,1.818,3 - Watch
4925,65,3528.07,54.28,26,0,0.0,0.0,4 - Clean
4926,84,4559.44,54.28,29,0,0.0,0.0,4 - Clean
4927,122,7953.83,65.2,38,1,221.53,0.82,3 - Watch
4928,110,5228.23,47.53,41,1,169.7,0.909,3 - Watch
4929,64,3848.57,60.13,24,0,0.0,0.0,4 - Clean
4930,115,5837.94,50.76,37,0,0.0,0.0,4 - Clean
4931,51,3461.66,67.88,15,0,0.0,0.0,4 - Clean
4932,86,3974.78,46.22,29,0,0.0,0.0,4 - Clean
4933,123,6486.2,52.73,44,0,0.0,0.0,4 - Clean
4934,121,5992.13,49.52,38,0,0.0,0.0,4 - Clean
4935,102,5643.67,55.33,37,1,216.2,0.98,3 - Watch
4936,117,5911.14,50.52,33,0,0.0,0.0,4 - Clean
4937,82,4356.18,53.12,26,0,0.0,0.0,4 - Clean
4938,82,4661.51,56.85,31,23,1257.97,28.049,1 - Critical
4939,122,5816.24,47.67,38,0,0.0,0.0,4 - Clean
4940,66,2329.56,35.3,24,0,0.0,0.0,4 - Clean
4941,75,4622.34,61.63,30,26,1785.89,34.667,1 - Critical
4942,53,3269.01,61.68,24,1,220.02,1.887,3 - Watch
4943,106,5067.42,47.81,31,0,0.0,0.0,4 - Clean
4944,105,5325.28,50.72,37,0,0.0,0.0,4 - Clean
4945,82,4299.26,52.43,27,0,0.0,0.0,4 - Clean
4946,107,5441.13,50.85,39,0,0.0,0.0,4 - Clean
4947,64,2789.54,43.59,23,0,0.0,0.0,4 - Clean
4948,71,3091.09,43.54,26,0,0.0,0.0,4 - Clean
4949,107,5010.62,46.83,33,0,0.0,0.0,4 - Clean
4950,110,6191.87,56.29,36,0,0.0,0.0,4 - Clean
4951,66,3089.44,46.81,21,0,0.0,0.0,4 - Clean
4952,102,4641.51,45.5,36,0,0.0,0.0,4 - Clean
4953,73,3773.43,51.69,26,0,0.0,0.0,4 - Clean
4954,75,4125.85,55.01,25,0,0.0,0.0,4 - Clean
4955,95,4821.25,50.75,29,0,0.0,0.0,4 - Clean
4956,58,3512.97,60.57,25,0,0.0,0.0,4 - Clean
4957,133,6882.26,51.75,40,0,0.0,0.0,4 - Clean
4958,91,4291.09,47.15,34,0,0.0,0.0,4 - Clean
4959,71,3526.57,49.67,28,0,0.0,0.0,4 - Clean
4960,104,4812.14,46.27,32,0,0.0,0.0,4 - Clean
4961,122,7571.59,62.06,40,3,1143.2,2.459,2 - High
4962,85,4522.0,53.2,29,0,0.0,0.0,4 - Clean
4963,106,5463.86,51.55,39,1,386.95,0.943,3 - Watch
4964,96,4635.13,48.28,29,0,0.0,0.0,4 - Clean
4965,54,2819.97,52.22,25,0,0.0,0.0,4 - Clean
4966,101,5846.58,57.89,38,0,0.0,0.0,4 - Clean
4967,74,3117.53,42.13,28,0,0.0,0.0,4 - Clean
4968,115,5718.26,49.72,34,0,0.0,0.0,4 - Clean
4969,80,4152.97,51.91,30,0,0.0,0.0,4 - Clean
4970,57,2771.0,48.61,19,1,71.1,1.754,3 - Watch
4971,162,8675.21,53.55,37,0,0.0,0.0,4 - Clean
4972,59,2984.97,50.59,28,0,0.0,0.0,4 - Clean
4973,107,4952.78,46.29,39,0,0.0,0.0,4 - Clean
4974,95,5308.98,55.88,34,0,0.0,0.0,4 - Clean
4975,68,4023.29,59.17,31,1,95.6,1.471,3 - Watch
4976,137,7392.34,53.96,40,1,222.4,0.73,3 - Watch
4977,83,3897.81,46.96,31,0,0.0,0.0,4 - Clean
4978,64,3900.74,60.95,22,0,0.0,0.0,4 - Clean
4979,54,2906.36,53.82,14,0,0.0,0.0,4 - Clean
4980,93,5430.67,58.39,27,0,0.0,0.0,4 - Clean
4981,105,5284.76,50.33,37,0,0.0,0.0,4 - Clean
4982,65,3790.49,58.32,23,0,0.0,0.0,4 - Clean
4983,89,4219.88,47.41,29,0,0.0,0.0,4 - Clean
4984,102,5992.07,58.75,35,2,131.05,1.961,3 - Watch
4985,59,3176.84,53.84,24,0,0.0,0.0,4 - Clean
4986,111,5236.34,47.17,36,0,0.0,0.0,4 - Clean
4987,83,5035.99,60.67,27,0,0.0,0.0,4 - Clean
4988,87,4382.31,50.37,33,0,0.0,0.0,4 - Clean
4989,86,4676.18,54.37,33,0,0.0,0.0,4 - Clean
4990,132,7514.53,56.93,40,0,0.0,0.0,4 - Clean
4991,93,5243.64,56.38,31,0,0.0,0.0,4 - Clean
4992,81,5088.16,62.82,27,0,0.0,0.0,4 - Clean
4993,102,4917.58,48.21,33,0,0.0,0.0,4 - Clean
4994,105,5537.56,52.74,34,0,0.0,0.0,4 - Clean
4995,77,4608.59,59.85,26,0,0.0,0.0,4 - Clean
4996,54,2867.08,53.09,17,1,204.7,1.852,3 - Watch
4997,37,2159.56,58.37,19,0,0.0,0.0,4 - Clean
4998,66,3805.17,57.65,31,0,0.0,0.0,4 - Clean
4999,85,4036.94,47.49,34,0,0.0,0.0,4 - Clean
5000,120,7487.18,62.39,37,2,942.9,1.667,3 - Watch
5001,85,3940.7,46.36,27,0,0.0,0.0,4 - Clean
5002,60,2888.06,48.13,25,0,0.0,0.0,4 - Clean
5003,148,7320.27,49.46,45,0,0.0,0.0,4 - Clean
5004,79,3670.77,46.47,25,0,0.0,0.0,4 - Clean
5005,71,4066.43,57.27,25,1,1039.3,1.408,3 - Watch
5006,47,2091.08,44.49,20,0,0.0,0.0,4 - Clean
5007,62,3335.31,53.8,24,0,0.0,0.0,4 - Clean
5008,96,5831.73,60.75,26,0,0.0,0.0,4 - Clean
5009,119,6663.22,55.99,37,0,0.0,0.0,4 - Clean
5010,77,4670.01,60.65,32,0,0.0,0.0,4 - Clean
5011,73,3824.68,52.39,27,0,0.0,0.0,4 - Clean
5012,95,5113.87,53.83,35,0,0.0,0.0,4 - Clean
5013,97,4314.33,44.48,28,0,0.0,0.0,4 - Clean
5014,99,5385.29,54.4,33,0,0.0,0.0,4 - Clean
5015,99,5528.2,55.84,34,1,28.85,1.01,3 - Watch
5016,68,4448.77,65.42,26,0,0.0,0.0,4 - Clean
5017,92,4915.64,53.43,32,0,0.0,0.0,4 - Clean
5018,86,3817.53,44.39,25,0,0.0,0.0,4 - Clean
5019,111,6462.44,58.22,36,1,678.25,0.901,3 - Watch
5020,86,4191.53,48.74,31,0,0.0,0.0,4 - Clean
5021,74,4164.8,56.28,26,0,0.0,0.0,4 - Clean
5022,85,4545.13,53.47,29,0,0.0,0.0,4 - Clean
5023,82,3526.35,43.0,28,0,0.0,0.0,4 - Clean
5024,101,4997.0,49.48,34,0,0.0,0.0,4 - Clean
5025,89,5195.0,58.37,34,0,0.0,0.0,4 - Clean
5026,78,3848.92,49.35,26,0,0.0,0.0,4 - Clean
5027,84,3842.29,45.74,28,0,0.0,0.0,4 - Clean
5028,155,7584.3,48.93,44,0,0.0,0.0,4 - Clean
5029,115,7291.04,63.4,37,0,0.0,0.0,4 - Clean
5030,57,3873.8,67.96,16,0,0.0,0.0,4 - Clean
5031,126,6874.48,54.56,40,1,337.5,0.794,3 - Watch
5032,120,7515.71,62.63,23,0,0.0,0.0,4 - Clean
5033,97,5960.49,61.45,23,0,0.0,0.0,4 - Clean
5034,76,3835.01,50.46,33,1,329.1,1.316,3 - Watch
5035,114,6270.89,55.01,41,1,50.6,0.877,3 - Watch
5036,70,3598.04,51.4,24,0,0.0,0.0,4 - Clean
5037,121,7996.25,66.08,41,0,0.0,0.0,4 - Clean
5038,91,4620.39,50.77,33,0,0.0,0.0,4 - Clean
5039,107,6646.66,62.12,35,0,0.0,0.0,4 - Clean
5040,71,3886.16,54.73,27,0,0.0,0.0,4 - Clean
5041,91,5904.33,64.88,29,0,0.0,0.0,4 - Clean
5042,71,3652.07,51.44,27,0,0.0,0.0,4 - Clean
5043,133,6409.02,48.19,40,0,0.0,0.0,4 - Clean
5044,81,3908.42,48.25,29,0,0.0,0.0,4 - Clean
5045,64,3733.17,58.33,32,0,0.0,0.0,4 - Clean
5046,70,4678.32,66.83,18,0,0.0,0.0,4 - Clean
5047,80,3771.24,47.14,34,1,51.65,1.25,3 - Watch
5048,111,5578.27,50.25,36,0,0.0,0.0,4 - Clean
5049,70,2938.02,41.97,29,0,0.0,0.0,4 - Clean
5050,82,5442.25,66.37,31,2,519.6,2.439,2 - High
5051,147,6425.24,43.71,37,0,0.0,0.0,4 - Clean
5052,81,4198.14,51.83,26,0,0.0,0.0,4 - Clean
5053,89,4081.89,45.86,28,0,0.0,0.0,4 - Clean
5054,85,4259.13,50.11,28,1,103.45,1.176,3 - Watch
5055,75,4716.71,62.89,26,1,241.17,1.333,3 - Watch
5056,102,6041.56,59.23,34,0,0.0,0.0,4 - Clean
5057,66,3297.08,49.96,25,0,0.0,0.0,4 - Clean
5058,70,4197.74,59.97,26,0,0.0,0.0,4 - Clean
5059,65,3830.65,58.93,21,0,0.0,0.0,4 - Clean
5060,76,5035.22,66.25,28,0,0.0,0.0,4 - Clean
5061,87,4428.69,50.9,34,0,0.0,0.0,4 - Clean
5062,96,5861.61,61.06,30,0,0.0,0.0,4 - Clean
5063,88,5185.22,58.92,33,0,0.0,0.0,4 - Clean
5064,111,6156.76,55.47,33,0,0.0,0.0,4 - Clean
5065,119,4949.11,41.59,38,0,0.0,0.0,4 - Clean
5066,84,4027.79,47.95,26,0,0.0,0.0,4 - Clean
5067,97,4468.9,46.07,34,0,0.0,0.0,4 - Clean
5068,74,4518.5,61.06,25,1,242.0,1.351,3 - Watch
5069,84,4546.33,54.12,29,0,0.0,0.0,4 - Clean
5070,96,6188.35,64.46,32,0,0.0,0.0,4 - Clean
5071,76,4574.66,60.19,29,0,0.0,0.0,4 - Clean
5072,80,5232.47,65.41,30,0,0.0,0.0,4 - Clean
5073,113,5747.06,50.86,36,1,227.24,0.885,3 - Watch
5074,99,5678.74,57.36,31,0,0.0,0.0,4 - Clean
5075,111,5775.62,52.03,40,0,0.0,0.0,4 - Clean
5076,122,7468.56,61.22,39,1,488.9,0.82,3 - Watch
5077,119,6476.5,54.42,33,0,0.0,0.0,4 - Clean
5078,89,5307.98,59.64,31,0,0.0,0.0,4 - Clean
5079,80,4515.8,56.45,31,0,0.0,0.0,4 - Clean
5080,118,5969.11,50.59,36,0,0.0,0.0,4 - Clean
5081,95,6021.89,63.39,28,0,0.0,0.0,4 - Clean
5082,127,6668.78,52.51,29,0,0.0,0.0,4 - Clean
5083,62,2723.11,43.92,22,0,0.0,0.0,4 - Clean
5084,77,4804.19,62.39,33,0,0.0,0.0,4 - Clean
5085,60,3368.8,56.15,20,0,0.0,0.0,4 - Clean
5086,121,6806.65,56.25,35,0,0.0,0.0,4 - Clean
5087,54,2343.23,43.39,18,1,34.65,1.852,3 - Watch
5088,68,4491.62,66.05,19,0,0.0,0.0,4 - Clean
5089,85,4510.01,53.06,32,0,0.0,0.0,4 - Clean
5090,132,5787.26,43.84,39,0,0.0,0.0,4 - Clean
5091,87,4375.32,50.29,28,0,0.0,0.0,4 - Clean
5092,96,5373.94,55.98,33,0,0.0,0.0,4 - Clean
5093,90,6434.57,71.5,28,1,659.65,1.111,3 - Watch
5094,88,4803.9,54.59,27,0,0.0,0.0,4 - Clean
5095,88,5725.78,65.07,23,29,2016.04,32.955,1 - Critical
5096,116,7026.31,60.57,30,0,0.0,0.0,4 - Clean
5097,56,2988.65,53.37,22,15,770.23,26.786,1 - Critical
5098,74,4191.69,56.64,24,1,40.6,1.351,3 - Watch
5099,72,3847.81,53.44,33,0,0.0,0.0,4 - Clean
5100,88,5239.0,59.53,30,0,0.0,0.0,4 - Clean
5101,121,5006.36,41.37,27,1,39.65,0.826,3 - Watch
5102,101,5554.1,54.99,33,1,62.5,0.99,3 - Watch
5103,106,5679.56,53.58,39,1,2.35,0.943,3 - Watch
5104,69,3500.94,50.74,26,0,0.0,0.0,4 - Clean
5105,102,5133.05,50.32,32,2,369.03,1.961,3 - Watch
5106,112,6478.03,57.84,43,0,0.0,0.0,4 - Clean
5107,80,3881.79,48.52,34,0,0.0,0.0,4 - Clean
5108,75,3925.44,52.34,26,0,0.0,0.0,4 - Clean
5109,72,3646.99,50.65,24,1,397.65,1.389,3 - Watch
5110,135,7405.13,54.85,40,0,0.0,0.0,4 - Clean
5111,60,3407.21,56.79,21,0,0.0,0.0,4 - Clean
5112,70,3743.93,53.48,24,0,0.0,0.0,4 - Clean
5113,91,3373.51,37.07,27,0,0.0,0.0,4 - Clean
5114,87,4595.04,52.82,30,0,0.0,0.0,4 - Clean
5115,102,4586.05,44.96,37,0,0.0,0.0,4 - Clean
5116,66,5574.59,84.46,23,1,410.15,1.515,3 - Watch
5117,134,5943.65,44.36,36,1,65.5,0.746,3 - Watch
5118,102,5094.7,49.95,34,0,0.0,0.0,4 - Clean
5119,91,6436.41,70.73,30,1,800.1,1.099,3 - Watch
5120,102,5336.65,52.32,34,1,43.3,0.98,3 - Watch
5121,94,5104.43,54.3,32,0,0.0,0.0,4 - Clean
5122,70,4079.91,58.28,25,0,0.0,0.0,4 - Clean
5123,59,3075.22,52.12,23,0,0.0,0.0,4 - Clean
5124,91,4629.94,50.88,20,0,0.0,0.0,4 - Clean
5125,73,3582.06,49.07,25,0,0.0,0.0,4 - Clean
5126,70,3309.65,47.28,27,0,0.0,0.0,4 - Clean
5127,93,5896.53,63.4,35,1,520.45,1.075,3 - Watch
5128,76,3630.14,47.76,28,0,0.0,0.0,4 - Clean
5129,82,3550.67,43.3,27,0,0.0,0.0,4 - Clean
5130,100,4191.07,41.91,29,0,0.0,0.0,4 - Clean
5131,129,5511.86,42.73,39,0,0.0,0.0,4 - Clean
5132,101,6753.31,66.86,24,0,0.0,0.0,4 - Clean
5133,75,3827.8,51.04,27,0,0.0,0.0,4 - Clean
5134,85,4473.13,52.63,30,0,0.0,0.0,4 - Clean
5135,113,6050.14,53.54,35,0,0.0,0.0,4 - Clean
5136,87,3959.51,45.51,35,0,0.0,0.0,4 - Clean
5137,80,4245.54,53.07,28,0,0.0,0.0,4 - Clean
5138,88,4691.94,53.32,31,0,0.0,0.0,4 - Clean
5139,48,2234.42,46.55,17,0,0.0,0.0,4 - Clean
5140,73,3171.77,43.45,28,0,0.0,0.0,4 - Clean
5141,64,3976.55,62.13,23,0,0.0,0.0,4 - Clean
5142,110,5575.85,50.69,43,0,0.0,0.0,4 - Clean
5143,75,4430.85,59.08,23,0,0.0,0.0,4 - Clean
5144,73,3814.87,52.26,27,0,0.0,0.0,4 - Clean
5145,64,3708.44,57.94,27,0,0.0,0.0,4 - Clean
5146,70,2999.55,42.85,26,0,0.0,0.0,4 - Clean
5147,119,7680.62,64.54,34,2,504.2,1.681,3 - Watch
5148,67,3727.16,55.63,23,0,0.0,0.0,4 - Clean
5149,63,3609.5,57.29,21,0,0.0,0.0,4 - Clean
5150,63,2735.25,43.42,25,0,0.0,0.0,4 - Clean
5151,151,6766.61,44.81,42,0,0.0,0.0,4 - Clean
5152,99,5109.92,51.62,35,0,0.0,0.0,4 - Clean
5153,87,4022.07,46.23,29,0,0.0,0.0,4 - Clean
5154,73,4478.63,61.35,27,0,0.0,0.0,4 - Clean
5155,70,3964.12,56.63,23,0,0.0,0.0,4 - Clean
5156,65,3430.23,52.77,25,2,46.15,3.077,2 - High
5157,67,3349.05,49.99,18,0,0.0,0.0,4 - Clean
5158,151,8277.27,54.82,44,47,2791.84,31.126,1 - Critical
5159,75,4809.12,64.12,29,0,0.0,0.0,4 - Clean
5160,110,6193.13,56.3,39,1,21.75,0.909,3 - Watch
5161,112,6843.91,61.11,28,0,0.0,0.0,4 - Clean
5162,87,4830.54,55.52,28,0,0.0,0.0,4 - Clean
5163,63,2808.72,44.58,22,0,0.0,0.0,4 - Clean
5164,92,4489.08,48.79,32,0,0.0,0.0,4 - Clean
5165,85,4146.92,48.79,34,0,0.0,0.0,4 - Clean
5166,86,4699.91,54.65,31,0,0.0,0.0,4 - Clean
5167,73,4215.52,57.75,31,0,0.0,0.0,4 - Clean
5168,81,4011.46,49.52,23,0,0.0,0.0,4 - Clean
5169,109,6647.23,60.98,33,1,82.6,0.917,3 - Watch
5170,125,5730.7,45.85,35,1,253.42,0.8,3 - Watch
5171,92,4434.86,48.2,33,0,0.0,0.0,4 - Clean
5172,69,4311.46,62.48,22,1,723.15,1.449,3 - Watch
5173,76,3626.18,47.71,30,0,0.0,0.0,4 - Clean
5174,115,5690.73,49.48,36,0,0.0,0.0,4 - Clean
5175,116,6440.58,55.52,38,1,30.65,0.862,3 - Watch
5176,94,5488.27,58.39,33,0,0.0,0.0,4 - Clean
5177,87,5437.56,62.5,30,1,712.95,1.149,3 - Watch
5178,91,4909.92,53.96,33,0,0.0,0.0,4 - Clean
5179,77,3615.76,46.96,30,0,0.0,0.0,4 - Clean
5180,62,4039.0,65.15,20,1,33.55,1.613,3 - Watch
5181,56,2877.63,51.39,21,0,0.0,0.0,4 - Clean
5182,101,5275.16,52.23,34,34,2169.66,33.663,1 - Critical
5183,86,3839.98,44.65,33,1,25.2,1.163,3 - Watch
5184,80,4366.97,54.59,24,0,0.0,0.0,4 - Clean
5185,125,5395.65,43.17,34,44,1814.11,35.2,1 - Critical
5186,94,5030.56,53.52,35,1,222.83,1.064,3 - Watch
5187,69,3151.09,45.67,30,1,93.5,1.449,3 - Watch
5188,83,4800.37,57.84,25,0,0.0,0.0,4 - Clean
5189,73,3750.79,51.38,27,0,0.0,0.0,4 - Clean
5190,114,5612.12,49.23,37,0,0.0,0.0,4 - Clean
5191,95,4840.09,50.95,32,1,220.79,1.053,3 - Watch
5192,110,5140.39,46.73,34,0,0.0,0.0,4 - Clean
5193,74,3761.49,50.83,28,0,0.0,0.0,4 - Clean
5194,86,4353.9,50.63,26,0,0.0,0.0,4 - Clean
5195,103,6071.34,58.95,32,0,0.0,0.0,4 - Clean
5196,94,4370.97,46.5,30,0,0.0,0.0,4 - Clean
5197,107,5162.09,48.24,36,0,0.0,0.0,4 - Clean
5198,90,5742.99,63.81,33,0,0.0,0.0,4 - Clean
5199,91,5994.14,65.87,29,2,568.07,2.198,2 - High
5200,83,4301.92,51.83,22,0,0.0,0.0,4 - Clean
5201,65,2999.6,46.15,25,0,0.0,0.0,4 - Clean
5202,86,4482.78,52.13,33,0,0.0,0.0,4 - Clean
5203,85,4332.56,50.97,31,0,0.0,0.0,4 - Clean
5204,101,4590.07,45.45,36,0,0.0,0.0,4 - Clean
5205,73,3227.58,44.21,25,1,2.3,1.37,3 - Watch
5206,102,5232.5,51.3,30,0,0.0,0.0,4 - Clean
5207,68,3430.98,50.46,26,0,0.0,0.0,4 - Clean
5208,38,1393.37,36.67,13,0,0.0,0.0,4 - Clean
5209,103,5607.95,54.45,33,1,111.8,0.971,3 - Watch
5210,74,3054.92,41.28,23,0,0.0,0.0,4 - Clean
5211,68,4576.89,67.31,17,0,0.0,0.0,4 - Clean
5212,79,3311.26,41.91,14,0,0.0,0.0,4 - Clean
5213,100,6941.2,69.41,33,0,0.0,0.0,4 - Clean
5214,153,9297.92,60.77,47,1,281.35,0.654,3 - Watch
5215,55,2318.12,42.15,23,0,0.0,0.0,4 - Clean
5216,84,3649.66,43.45,27,0,0.0,0.0,4 - Clean
5217,94,5304.31,56.43,32,0,0.0,0.0,4 - Clean
5218,96,5119.59,53.33,35,0,0.0,0.0,4 - Clean
5219,89,5794.38,65.11,27,1,224.86,1.124,3 - Watch
5220,68,4800.72,70.6,23,0,0.0,0.0,4 - Clean
5221,70,3677.78,52.54,28,1,253.5,1.429,3 - Watch
5222,77,4655.09,60.46,28,1,90.4,1.299,3 - Watch
5223,81,4276.15,52.79,29,0,0.0,0.0,4 - Clean
5224,75,3863.03,51.51,29,0,0.0,0.0,4 - Clean
5225,102,5145.95,50.45,35,1,14.25,0.98,3 - Watch
5226,108,6577.88,60.91,26,2,748.45,1.852,3 - Watch
5227,96,4072.34,42.42,29,0,0.0,0.0,4 - Clean
5228,66,3126.43,47.37,21,0,0.0,0.0,4 - Clean
5229,98,5055.16,51.58,32,0,0.0,0.0,4 - Clean
5230,95,5583.71,58.78,30,0,0.0,0.0,4 - Clean
5231,75,3947.03,52.63,30,0,0.0,0.0,4 - Clean
5232,67,3034.75,45.29,23,0,0.0,0.0,4 - Clean
5233,83,5178.5,62.39,27,0,0.0,0.0,4 - Clean
5234,65,3198.38,49.21,20,0,0.0,0.0,4 - Clean
5235,102,6115.3,59.95,34,1,576.9,0.98,3 - Watch
5236,98,5913.97,60.35,34,0,0.0,0.0,4 - Clean
5237,100,5656.02,56.56,36,0,0.0,0.0,4 - Clean
5238,71,3688.76,51.95,26,0,0.0,0.0,4 - Clean
5239,111,5032.79,45.34,40,0,0.0,0.0,4 - Clean
5240,82,4157.67,50.7,27,0,0.0,0.0,4 - Clean
5241,77,3870.68,50.27,28,0,0.0,0.0,4 - Clean
5242,68,3005.31,44.2,23,0,0.0,0.0,4 - Clean
5243,97,3667.56,37.81,31,1,11.7,1.031,3 - Watch
5244,98,5041.45,51.44,41,0,0.0,0.0,4 - Clean
5245,75,3640.98,48.55,28,0,0.0,0.0,4 - Clean
5246,74,3663.25,49.5,29,0,0.0,0.0,4 - Clean
5247,67,4374.95,65.3,28,0,0.0,0.0,4 - Clean
5248,102,6499.42,63.72,36,0,0.0,0.0,4 - Clean
5249,100,5255.08,52.55,30,1,818.4,1.0,3 - Watch
5250,78,2900.53,37.19,23,0,0.0,0.0,4 - Clean
5251,85,4285.89,50.42,34,0,0.0,0.0,4 - Clean
5252,86,5451.5,63.39,20,0,0.0,0.0,4 - Clean
5253,108,6396.77,59.23,32,0,0.0,0.0,4 - Clean
5254,47,3285.5,69.9,21,0,0.0,0.0,4 - Clean
5255,82,3496.05,42.63,28,0,0.0,0.0,4 - Clean
5256,101,5775.25,57.18,35,22,1396.48,21.782,1 - Critical
5257,87,5468.32,62.85,29,0,0.0,0.0,4 - Clean
5258,67,3599.85,53.73,28,0,0.0,0.0,4 - Clean
5259,115,6297.16,54.76,40,0,0.0,0.0,4 - Clean
5260,57,2391.88,41.96,24,0,0.0,0.0,4 - Clean
5261,55,2645.53,48.1,26,1,251.8,1.818,3 - Watch
5262,89,5648.76,63.47,31,0,0.0,0.0,4 - Clean
5263,81,5272.97,65.1,24,0,0.0,0.0,4 - Clean
5264,72,3264.69,45.34,27,0,0.0,0.0,4 - Clean
5265,102,6396.76,62.71,36,0,0.0,0.0,4 - Clean
5266,82,4926.27,60.08,23,0,0.0,0.0,4 - Clean
5267,65,3684.26,56.68,27,0,0.0,0.0,4 - Clean
5268,114,5037.3,44.19,41,0,0.0,0.0,4 - Clean
5269,83,3807.57,45.87,30,1,141.55,1.205,3 - Watch
5270,105,5713.25,54.41,40,0,0.0,0.0,4 - Clean
5271,104,5138.34,49.41,21,0,0.0,0.0,4 - Clean
5272,70,3100.13,44.29,25,1,434.15,1.429,3 - Watch
5273,73,4419.74,60.54,25,0,0.0,0.0,4 - Clean
5274,78,3455.3,44.3,23,1,94.5,1.282,3 - Watch
5275,104,5365.73,51.59,30,1,71.25,0.962,3 - Watch
5276,82,4731.92,57.71,22,0,0.0,0.0,4 - Clean
5277,103,5340.49,51.85,40,0,0.0,0.0,4 - Clean
5278,103,3584.49,34.8,36,0,0.0,0.0,4 - Clean
5279,102,6362.1,62.37,39,0,0.0,0.0,4 - Clean
5280,37,1679.88,45.4,12,0,0.0,0.0,4 - Clean
5281,142,7856.05,55.32,36,0,0.0,0.0,4 - Clean
5282,146,6878.94,47.12,37,0,0.0,0.0,4 - Clean
5283,82,4878.98,59.5,28,1,21.5,1.22,3 - Watch
5284,96,5180.51,53.96,33,1,42.05,1.042,3 - Watch
5285,134,7232.61,53.97,40,0,0.0,0.0,4 - Clean
5286,108,5975.11,55.33,31,1,309.23,0.926,3 - Watch
5287,70,4776.17,68.23,26,2,589.35,2.857,2 - High
5288,88,3483.49,39.59,32,0,0.0,0.0,4 - Clean
5289,74,2868.52,38.76,32,0,0.0,0.0,4 - Clean
5290,100,4158.18,41.58,33,1,30.35,1.0,3 - Watch
5291,100,5912.79,59.13,27,0,0.0,0.0,4 - Clean
5292,92,5119.58,55.65,34,0,0.0,0.0,4 - Clean
5293,111,6498.21,58.54,42,0,0.0,0.0,4 - Clean
5294,64,3614.48,56.48,26,0,0.0,0.0,4 - Clean
5295,176,9337.37,53.05,43,2,320.04,1.136,3 - Watch
5296,112,5585.33,49.87,30,0,0.0,0.0,4 - Clean
5297,104,5603.23,53.88,33,0,0.0,0.0,4 - Clean
5298,69,3587.14,51.99,28,0,0.0,0.0,4 - Clean
5299,64,2565.61,40.09,27,0,0.0,0.0,4 - Clean
5300,80,4972.68,62.16,27,0,0.0,0.0,4 - Clean
5301,93,4049.2,43.54,35,2,112.65,2.151,2 - High
5302,97,5140.03,52.99,38,1,219.25,1.031,3 - Watch
5303,142,8450.16,59.51,45,1,180.5,0.704,3 - Watch
5304,75,5067.05,67.56,30,0,0.0,0.0,4 - Clean
5305,59,4100.69,69.5,19,0,0.0,0.0,4 - Clean
5306,72,3977.49,55.24,27,0,0.0,0.0,4 - Clean
5307,121,5900.67,48.77,33,1,372.4,0.826,3 - Watch
5308,84,4048.33,48.19,32,0,0.0,0.0,4 - Clean
5309,100,4740.82,47.41,34,0,0.0,0.0,4 - Clean
5310,85,4507.18,53.03,34,0,0.0,0.0,4 - Clean
5311,52,2905.92,55.88,17,0,0.0,0.0,4 - Clean
5312,104,6649.25,63.94,33,0,0.0,0.0,4 - Clean
5313,118,5393.59,45.71,39,0,0.0,0.0,4 - Clean
5314,116,7621.66,65.7,34,1,228.3,0.862,3 - Watch
5315,78,4612.48,59.13,25,1,519.15,1.282,3 - Watch
5316,69,4276.32,61.98,23,0,0.0,0.0,4 - Clean
5317,50,3164.83,63.3,21,0,0.0,0.0,4 - Clean
5318,86,4976.11,57.86,23,1,30.8,1.163,3 - Watch
5319,98,4876.57,49.76,34,0,0.0,0.0,4 - Clean
5320,75,3748.6,49.98,30,0,0.0,0.0,4 - Clean
5321,109,6361.62,58.36,35,0,0.0,0.0,4 - Clean
5322,88,4721.71,53.66,29,1,328.65,1.136,3 - Watch
5323,86,5055.45,58.78,29,0,0.0,0.0,4 - Clean
5324,88,4421.4,50.24,30,0,0.0,0.0,4 - Clean
5325,98,6635.06,67.7,34,0,0.0,0.0,4 - Clean
5326,101,5223.62,51.72,42,2,303.43,1.98,3 - Watch
5327,103,5445.51,52.87,35,0,0.0,0.0,4 - Clean
5328,101,4927.99,48.79,33,0,0.0,0.0,4 - Clean
5329,98,4281.65,43.69,30,0,0.0,0.0,4 - Clean
5330,99,4497.49,45.43,28,0,0.0,0.0,4 - Clean
5331,76,4089.93,53.81,24,0,0.0,0.0,4 - Clean
5332,82,3718.75,45.35,29,0,0.0,0.0,4 - Clean
5333,85,5393.22,63.45,33,1,413.85,1.176,3 - Watch
5334,85,4826.3,56.78,34,0,0.0,0.0,4 - Clean
5335,103,5684.2,55.19,42,1,314.55,0.971,3 - Watch
5336,117,7077.68,60.49,34,0,0.0,0.0,4 - Clean
5337,88,4568.8,51.92,31,0,0.0,0.0,4 - Clean
5338,93,5849.93,62.9,27,0,0.0,0.0,4 - Clean
5339,93,4362.33,46.91,40,0,0.0,0.0,4 - Clean
5340,74,3629.8,49.05,26,0,0.0,0.0,4 - Clean
5341,98,6167.6,62.93,31,0,0.0,0.0,4 - Clean
5342,73,4344.56,59.51,25,1,52.45,1.37,3 - Watch
5343,63,3973.53,63.07,19,0,0.0,0.0,4 - Clean
5344,140,7197.69,51.41,40,0,0.0,0.0,4 - Clean
5345,105,4979.07,47.42,23,0,0.0,0.0,4 - Clean
5346,107,5215.36,48.74,29,0,0.0,0.0,4 - Clean
5347,70,3354.07,47.92,25,0,0.0,0.0,4 - Clean
5348,66,3689.67,55.9,24,0,0.0,0.0,4 - Clean
5349,78,4801.33,61.56,24,0,0.0,0.0,4 - Clean
5350,101,5186.86,51.36,33,0,0.0,0.0,4 - Clean
5351,102,5376.79,52.71,28,0,0.0,0.0,4 - Clean
5352,109,6633.9,60.86,35,1,106.6,0.917,3 - Watch
5353,98,5458.27,55.7,35,1,128.1,1.02,3 - Watch
5354,119,7307.44,61.41,43,1,566.4,0.84,3 - Watch
5355,81,3917.98,48.37,27,0,0.0,0.0,4 - Clean
5356,117,5136.72,43.9,35,2,310.77,1.709,3 - Watch
5357,86,5440.64,63.26,22,0,0.0,0.0,4 - Clean
5358,75,3416.26,45.55,26,0,0.0,0.0,4 - Clean
5359,60,3521.47,58.69,24,1,258.8,1.667,3 - Watch
5360,74,4365.89,59.0,28,0,0.0,0.0,4 - Clean
5361,84,4045.01,48.15,32,0,0.0,0.0,4 - Clean
5362,72,3342.91,46.43,27,0,0.0,0.0,4 - Clean
5363,76,4564.31,60.06,29,1,456.25,1.316,3 - Watch
5364,98,5542.27,56.55,22,0,0.0,0.0,4 - Clean
5365,69,3098.89,44.91,28,1,38.0,1.449,3 - Watch
5366,128,6753.49,52.76,37,0,0.0,0.0,4 - Clean
5367,56,2460.17,43.93,21,0,0.0,0.0,4 - Clean
5368,82,5150.9,62.82,33,0,0.0,0.0,4 - Clean
5369,115,6770.5,58.87,33,2,189.2,1.739,3 - Watch
5370,105,4854.03,46.23,36,0,0.0,0.0,4 - Clean
5371,88,4943.0,56.17,32,0,0.0,0.0,4 - Clean
5372,60,3912.6,65.21,18,1,235.45,1.667,3 - Watch
5373,113,6190.63,54.78,38,0,0.0,0.0,4 - Clean
5374,107,5415.89,50.62,36,0,0.0,0.0,4 - Clean
5375,65,3133.88,48.21,27,0,0.0,0.0,4 - Clean
5376,100,6216.28,62.16,35,0,0.0,0.0,4 - Clean
5377,133,8664.27,65.14,40,0,0.0,0.0,4 - Clean
5378,97,6195.29,63.87,28,0,0.0,0.0,4 - Clean
5379,114,6330.27,55.53,35,0,0.0,0.0,4 - Clean
5380,80,4495.23,56.19,26,0,0.0,0.0,4 - Clean
5381,90,5411.98,60.13,26,1,310.8,1.111,3 - Watch
5382,106,4777.24,45.07,33,0,0.0,0.0,4 - Clean
5383,129,6747.4,52.31,36,3,630.85,2.326,2 - High
5384,84,3587.9,42.71,32,0,0.0,0.0,4 - Clean
5385,80,4687.14,58.59,29,1,98.35,1.25,3 - Watch
5386,89,4838.53,54.37,26,0,0.0,0.0,4 - Clean
5387,59,2008.65,34.04,21,0,0.0,0.0,4 - Clean
5388,67,3646.07,54.42,23,1,65.2,1.493,3 - Watch
5389,85,4997.74,58.8,28,0,0.0,0.0,4 - Clean
5390,104,6377.69,61.32,31,0,0.0,0.0,4 - Clean
5391,65,4777.28,73.5,29,0,0.0,0.0,4 - Clean
5392,73,4216.61,57.76,24,0,0.0,0.0,4 - Clean
5393,154,8287.9,53.82,40,0,0.0,0.0,4 - Clean
5394,80,3696.66,46.21,26,0,0.0,0.0,4 - Clean
5395,89,4712.81,52.95,28,0,0.0,0.0,4 - Clean
5396,82,4610.08,56.22,35,0,0.0,0.0,4 - Clean
5397,60,4096.33,68.27,24,2,892.5,3.333,2 - High
5398,115,5196.21,45.18,35,0,0.0,0.0,4 - Clean
5399,63,2743.14,43.54,18,1,47.5,1.587,3 - Watch
5400,79,3632.05,45.98,30,0,0.0,0.0,4 - Clean
5401,59,2777.47,47.08,17,0,0.0,0.0,4 - Clean
5402,102,5926.71,58.1,28,0,0.0,0.0,4 - Clean
5403,100,4369.45,43.69,37,0,0.0,0.0,4 - Clean
5404,94,4442.71,47.26,27,0,0.0,0.0,4 - Clean
5405,64,2900.79,45.32,23,0,0.0,0.0,4 - Clean
5406,88,4617.64,52.47,28,0,0.0,0.0,4 - Clean
5407,98,4714.54,48.11,34,0,0.0,0.0,4 - Clean
5408,82,5072.98,61.87,31,1,103.45,1.22,3 - Watch
5409,51,2178.01,42.71,20,0,0.0,0.0,4 - Clean
5410,74,3230.45,43.65,26,0,0.0,0.0,4 - Clean
5411,79,4644.04,58.79,30,0,0.0,0.0,4 - Clean
5412,110,5514.17,50.13,34,0,0.0,0.0,4 - Clean
5413,72,3774.88,52.43,26,1,40.6,1.389,3 - Watch
5414,57,2152.32,37.76,22,0,0.0,0.0,4 - Clean
5415,77,4340.17,56.37,26,0,0.0,0.0,4 - Clean
5416,85,5080.45,59.77,35,0,0.0,0.0,4 - Clean
5417,72,3285.65,45.63,29,0,0.0,0.0,4 - Clean
5418,80,4493.04,56.16,26,0,0.0,0.0,4 - Clean
5419,85,4740.45,55.77,30,0,0.0,0.0,4 - Clean
5420,89,4934.58,55.44,28,0,0.0,0.0,4 - Clean
5421,74,4801.87,64.89,25,0,0.0,0.0,4 - Clean
5422,83,5434.15,65.47,22,0,0.0,0.0,4 - Clean
5423,62,3116.67,50.27,20,0,0.0,0.0,4 - Clean
5424,103,4286.85,41.62,30,0,0.0,0.0,4 - Clean
5425,126,6159.74,48.89,34,1,242.27,0.794,3 - Watch
5426,102,5036.66,49.38,34,0,0.0,0.0,4 - Clean
5427,100,4910.41,49.1,35,1,4.25,1.0,3 - Watch
5428,109,5897.02,54.1,34,1,410.95,0.917,3 - Watch
5429,126,5977.88,47.44,36,0,0.0,0.0,4 - Clean
5430,53,2453.22,46.29,19,0,0.0,0.0,4 - Clean
5431,94,5675.57,60.38,28,26,1393.89,27.66,1 - Critical
5432,122,5591.87,45.84,37,0,0.0,0.0,4 - Clean
5433,86,5042.7,58.64,31,0,0.0,0.0,4 - Clean
5434,70,3955.76,56.51,29,0,0.0,0.0,4 - Clean
5435,121,6410.98,52.98,34,1,248.08,0.826,3 - Watch
5436,127,7625.21,60.04,38,1,604.15,0.787,3 - Watch
5437,60,3644.97,60.75,28,0,0.0,0.0,4 - Clean
5438,82,4077.17,49.72,26,25,1157.79,30.488,1 - Critical
5439,90,4616.86,51.3,33,0,0.0,0.0,4 - Clean
5440,122,4782.34,39.2,31,2,216.1,1.639,3 - Watch
5441,78,4939.17,63.32,29,2,424.1,2.564,2 - High
5442,111,6312.71,56.87,35,0,0.0,0.0,4 - Clean
5443,75,2540.94,33.88,24,0,0.0,0.0,4 - Clean
5444,101,4647.94,46.02,31,29,1486.46,28.713,1 - Critical
5445,36,1735.02,48.2,17,0,0.0,0.0,4 - Clean
5446,41,1807.38,44.08,16,0,0.0,0.0,4 - Clean
5447,96,3705.18,38.6,26,0,0.0,0.0,4 - Clean
5448,105,5831.04,55.53,34,0,0.0,0.0,4 - Clean
5449,127,5770.63,45.44,37,0,0.0,0.0,4 - Clean
5450,106,4721.95,44.55,33,0,0.0,0.0,4 - Clean
5451,75,3779.24,50.39,27,0,0.0,0.0,4 - Clean
5452,106,5473.81,51.64,38,0,0.0,0.0,4 - Clean
5453,83,4058.96,48.9,24,0,0.0,0.0,4 - Clean
5454,78,4178.02,53.56,34,0,0.0,0.0,4 - Clean
5455,53,2936.39,55.4,13,1,135.95,1.887,3 - Watch
5456,99,4656.49,47.04,36,0,0.0,0.0,4 - Clean
5457,120,6806.3,56.72,36,1,7.05,0.833,3 - Watch
5458,84,4738.52,56.41,31,1,532.1,1.19,3 - Watch
5459,110,5400.44,49.09,35,1,18.2,0.909,3 - Watch
5460,132,7517.53,56.95,42,2,407.15,1.515,3 - Watch
5461,86,5268.04,61.26,28,0,0.0,0.0,4 - Clean
5462,101,4067.49,40.27,34,0,0.0,0.0,4 - Clean
5463,69,4155.23,60.22,27,0,0.0,0.0,4 - Clean
5464,72,3298.62,45.81,25,0,0.0,0.0,4 - Clean
5465,97,5831.44,60.12,32,1,106.2,1.031,3 - Watch
5466,82,4881.01,59.52,33,0,0.0,0.0,4 - Clean
5467,78,4629.58,59.35,29,1,71.2,1.282,3 - Watch
5468,101,6509.7,64.45,25,0,0.0,0.0,4 - Clean
5469,70,3811.81,54.45,23,13,1000.13,18.571,1 - Critical
5470,68,3288.27,48.36,25,0,0.0,0.0,4 - Clean
5471,95,4788.79,50.41,30,1,166.2,1.053,3 - Watch
5472,73,3944.67,54.04,32,1,49.1,1.37,3 - Watch
5473,74,3768.07,50.92,21,0,0.0,0.0,4 - Clean
5474,83,4879.42,58.79,31,0,0.0,0.0,4 - Clean
5475,81,3817.59,47.13,29,0,0.0,0.0,4 - Clean
5476,139,7588.86,54.6,40,1,183.4,0.719,3 - Watch
5477,85,4377.12,51.5,27,0,0.0,0.0,4 - Clean
5478,80,4099.52,51.24,34,0,0.0,0.0,4 - Clean
5479,55,2928.26,53.24,16,12,700.37,21.818,1 - Critical
5480,66,3552.29,53.82,26,0,0.0,0.0,4 - Clean
5481,57,3140.92,55.1,26,0,0.0,0.0,4 - Clean
5482,91,4768.12,52.4,28,0,0.0,0.0,4 - Clean
5483,92,5247.99,57.04,33,0,0.0,0.0,4 - Clean
5484,67,4234.45,63.2,26,2,625.35,2.985,2 - High
5485,110,5365.98,48.78,34,0,0.0,0.0,4 - Clean
5486,94,5712.52,60.77,33,0,0.0,0.0,4 - Clean
5487,110,7371.53,67.01,27,1,424.65,0.909,3 - Watch
5488,98,4175.15,42.6,36,0,0.0,0.0,4 - Clean
5489,92,4938.63,53.68,28,0,0.0,0.0,4 - Clean
5490,55,3265.75,59.38,24,0,0.0,0.0,4 - Clean
5491,114,5094.13,44.69,41,27,1287.93,23.684,1 - Critical
5492,59,2922.36,49.53,21,0,0.0,0.0,4 - Clean
5493,103,5099.42,49.51,36,0,0.0,0.0,4 - Clean
5494,115,5592.92,48.63,39,0,0.0,0.0,4 - Clean
5495,83,3721.89,44.84,26,0,0.0,0.0,4 - Clean
5496,80,5071.79,63.4,28,0,0.0,0.0,4 - Clean
5497,64,2954.03,46.16,27,0,0.0,0.0,4 - Clean
5498,43,2121.56,49.34,11,0,0.0,0.0,4 - Clean
5499,95,5916.18,62.28,28,0,0.0,0.0,4 - Clean
5500,49,2512.54,51.28,15,0,0.0,0.0,4 - Clean
5501,142,7619.69,53.66,41,1,353.9,0.704,3 - Watch
5502,96,6033.9,62.85,26,0,0.0,0.0,4 - Clean
5503,108,5678.07,52.57,28,0,0.0,0.0,4 - Clean
5504,98,4699.71,47.96,33,0,0.0,0.0,4 - Clean
5505,87,4303.18,49.46,26,0,0.0,0.0,4 - Clean
5506,83,4344.48,52.34,27,0,0.0,0.0,4 - Clean
5507,94,5765.82,61.34,32,0,0.0,0.0,4 - Clean
5508,109,5565.81,51.06,30,2,409.71,1.835,3 - Watch
5509,118,6367.41,53.96,37,2,275.85,1.695,3 - Watch
5510,89,5855.44,65.79,32,0,0.0,0.0,4 - Clean
5511,80,3636.23,45.45,25,2,248.75,2.5,2 - High
5512,55,2840.4,51.64,14,0,0.0,0.0,4 - Clean
5513,100,5267.81,52.68,35,0,0.0,0.0,4 - Clean
5514,97,4552.66,46.93,30,1,95.75,1.031,3 - Watch
5515,75,4226.18,56.35,26,1,33.2,1.333,3 - Watch
5516,87,5552.38,63.82,27,0,0.0,0.0,4 - Clean
5517,84,5449.24,64.87,25,1,341.8,1.19,3 - Watch
5518,104,4833.3,46.47,33,0,0.0,0.0,4 - Clean
5519,58,2967.34,51.16,21,0,0.0,0.0,4 - Clean
5520,65,3381.17,52.02,19,0,0.0,0.0,4 - Clean
5521,120,5911.2,49.26,40,0,0.0,0.0,4 - Clean
5522,113,5907.33,52.28,40,1,221.22,0.885,3 - Watch
5523,77,4338.06,56.34,24,0,0.0,0.0,4 - Clean
5524,113,7162.87,63.39,39,0,0.0,0.0,4 - Clean
5525,86,3877.87,45.09,25,0,0.0,0.0,4 - Clean
5526,75,4037.52,53.83,28,0,0.0,0.0,4 - Clean
5527,66,2484.91,37.65,22,0,0.0,0.0,4 - Clean
5528,119,6056.34,50.89,31,0,0.0,0.0,4 - Clean
5529,106,5388.86,50.84,31,0,0.0,0.0,4 - Clean
5530,94,4556.2,48.47,25,0,0.0,0.0,4 - Clean
5531,70,3545.97,50.66,15,1,395.3,1.429,3 - Watch
5532,90,3971.67,44.13,35,0,0.0,0.0,4 - Clean
5533,88,4898.41,55.66,26,0,0.0,0.0,4 - Clean
5534,93,4948.06,53.2,37,1,153.55,1.075,3 - Watch
5535,66,3952.04,59.88,26,0,0.0,0.0,4 - Clean
5536,65,3500.2,53.85,27,0,0.0,0.0,4 - Clean
5537,78,4043.83,51.84,28,1,220.64,1.282,3 - Watch
5538,71,3878.68,54.63,27,0,0.0,0.0,4 - Clean
5539,86,5054.62,58.77,29,1,437.7,1.163,3 - Watch
5540,116,7259.94,62.59,30,1,265.35,0.862,3 - Watch
5541,130,6353.97,48.88,39,2,697.3,1.538,3 - Watch
5542,148,10069.27,68.04,40,1,222.41,0.676,3 - Watch
5543,57,3268.99,57.35,26,0,0.0,0.0,4 - Clean
5544,83,3507.4,42.26,19,1,11.65,1.205,3 - Watch
5545,109,5107.12,46.85,32,0,0.0,0.0,4 - Clean
5546,76,4291.84,56.47,20,0,0.0,0.0,4 - Clean
5547,99,4726.91,47.75,31,2,685.15,2.02,2 - High
5548,76,4138.83,54.46,34,0,0.0,0.0,4 - Clean
5549,121,5558.82,45.94,35,0,0.0,0.0,4 - Clean
5550,120,6663.2,55.53,35,0,0.0,0.0,4 - Clean
5551,95,5283.9,55.62,30,0,0.0,0.0,4 - Clean
5552,98,5091.57,51.95,36,1,265.15,1.02,3 - Watch
5553,51,2608.73,51.15,20,1,226.15,1.961,3 - Watch
5554,76,3815.19,50.2,26,0,0.0,0.0,4 - Clean
5555,99,5981.36,60.42,37,0,0.0,0.0,4 - Clean
5556,77,3864.35,50.19,33,1,83.1,1.299,3 - Watch
5557,70,2468.73,35.27,24,0,0.0,0.0,4 - Clean
5558,104,4895.52,47.07,35,0,0.0,0.0,4 - Clean
5559,78,3450.45,44.24,30,0,0.0,0.0,4 - Clean
5560,76,3596.48,47.32,31,0,0.0,0.0,4 - Clean
5561,111,6558.15,59.08,37,2,462.4,1.802,3 - Watch
5562,63,3042.52,48.29,16,0,0.0,0.0,4 - Clean
5563,84,3946.62,46.98,29,0,0.0,0.0,4 - Clean
5564,77,3925.41,50.98,26,0,0.0,0.0,4 - Clean
5565,138,7397.28,53.6,41,0,0.0,0.0,4 - Clean
5566,103,4086.21,39.67,41,1,91.55,0.971,3 - Watch
5567,123,6906.1,56.15,41,2,458.2,1.626,3 - Watch
5568,72,2939.94,40.83,23,0,0.0,0.0,4 - Clean
5569,102,6656.33,65.26,35,1,112.85,0.98,3 - Watch
5570,116,7591.6,65.44,26,1,334.6,0.862,3 - Watch
5571,99,5925.17,59.85,34,2,1054.85,2.02,2 - High
5572,83,3917.45,47.2,26,0,0.0,0.0,4 - Clean
5573,116,6855.59,59.1,35,0,0.0,0.0,4 - Clean
5574,93,4924.78,52.95,25,0,0.0,0.0,4 - Clean
5575,107,5329.12,49.8,33,0,0.0,0.0,4 - Clean
5576,95,5062.09,53.29,29,1,5.05,1.053,3 - Watch
5577,89,5259.08,59.09,31,0,0.0,0.0,4 - Clean
5578,105,5524.9,52.62,37,0,0.0,0.0,4 - Clean
5579,62,2539.92,40.97,23,0,0.0,0.0,4 - Clean
5580,71,3709.65,52.25,29,0,0.0,0.0,4 - Clean
5581,93,4714.68,50.7,32,30,1612.39,32.258,1 - Critical
5582,93,4304.28,46.28,28,0,0.0,0.0,4 - Clean
5583,66,3836.51,58.13,20,0,0.0,0.0,4 - Clean
5584,110,5587.47,50.8,34,0,0.0,0.0,4 - Clean
5585,126,6719.15,53.33,39,1,219.15,0.794,3 - Watch
5586,69,3870.15,56.09,27,1,422.7,1.449,3 - Watch
5587,65,4138.87,63.67,27,0,0.0,0.0,4 - Clean
5588,75,3466.69,46.22,23,0,0.0,0.0,4 - Clean
5589,107,5706.24,53.33,39,0,0.0,0.0,4 - Clean
5590,92,5223.24,56.77,28,0,0.0,0.0,4 - Clean
5591,79,4708.56,59.6,25,0,0.0,0.0,4 - Clean
5592,83,4533.43,54.62,28,0,0.0,0.0,4 - Clean
5593,83,4142.91,49.91,26,0,0.0,0.0,4 - Clean
5594,82,4772.48,58.2,26,0,0.0,0.0,4 - Clean
5595,73,3783.07,51.82,28,0,0.0,0.0,4 - Clean
5596,108,5145.75,47.65,36,0,0.0,0.0,4 - Clean
5597,96,4775.53,49.75,31,1,22.3,1.042,3 - Watch
5598,116,7240.0,62.41,33,1,487.35,0.862,3 - Watch
5599,81,4230.47,52.23,28,0,0.0,0.0,4 - Clean
5600,81,5370.02,66.3,27,0,0.0,0.0,4 - Clean
5601,109,5648.63,51.82,35,0,0.0,0.0,4 - Clean
5602,98,5868.98,59.89,29,0,0.0,0.0,4 - Clean
5603,71,5735.52,80.78,31,1,831.0,1.408,3 - Watch
5604,64,2442.34,38.16,24,0,0.0,0.0,4 - Clean
5605,110,6528.57,59.35,38,1,298.7,0.909,3 - Watch
5606,95,5447.07,57.34,34,1,138.8,1.053,3 - Watch
5607,104,5493.29,52.82,35,0,0.0,0.0,4 - Clean
5608,55,3439.18,62.53,23,0,0.0,0.0,4 - Clean
5609,97,5378.7,55.45,32,1,380.75,1.031,3 - Watch
5610,105,5806.26,55.3,39,1,57.05,0.952,3 - Watch
5611,79,4823.47,61.06,31,0,0.0,0.0,4 - Clean
5612,108,5780.22,53.52,33,0,0.0,0.0,4 - Clean
5613,91,5468.14,60.09,31,1,115.3,1.099,3 - Watch
5614,63,3774.95,59.92,23,1,564.35,1.587,3 - Watch
5615,94,4181.46,44.48,32,1,428.6,1.064,3 - Watch
5616,115,6335.42,55.09,36,0,0.0,0.0,4 - Clean
5617,76,3105.88,40.87,25,0,0.0,0.0,4 - Clean
5618,91,4990.5,54.84,28,1,244.9,1.099,3 - Watch
5619,72,4338.22,60.25,25,1,335.3,1.389,3 - Watch
5620,110,6673.02,60.66,27,0,0.0,0.0,4 - Clean
5621,69,4227.82,61.27,24,0,0.0,0.0,4 - Clean
5622,99,5001.84,50.52,42,0,0.0,0.0,4 - Clean
5623,82,3930.96,47.94,32,0,0.0,0.0,4 - Clean
5624,80,4250.04,53.13,26,0,0.0,0.0,4 - Clean
5625,84,5416.6,64.48,31,0,0.0,0.0,4 - Clean
5626,67,3370.19,50.3,16,0,0.0,0.0,4 - Clean
5627,103,6363.18,61.78,28,0,0.0,0.0,4 - Clean
5628,83,5486.9,66.11,34,0,0.0,0.0,4 - Clean
5629,123,6196.16,50.38,35,0,0.0,0.0,4 - Clean
5630,77,3901.27,50.67,25,1,223.43,1.299,3 - Watch
5631,104,5401.83,51.94,34,0,0.0,0.0,4 - Clean
5632,89,4303.95,48.36,32,0,0.0,0.0,4 - Clean
5633,73,3787.06,51.88,21,1,231.0,1.37,3 - Watch
5634,103,4961.22,48.17,36,0,0.0,0.0,4 - Clean
5635,64,4197.33,65.58,21,0,0.0,0.0,4 - Clean
5636,85,4830.76,56.83,30,0,0.0,0.0,4 - Clean
5637,52,2308.69,44.4,13,0,0.0,0.0,4 - Clean
5638,93,5079.54,54.62,38,0,0.0,0.0,4 - Clean
5639,89,4698.57,52.79,31,0,0.0,0.0,4 - Clean
5640,119,6027.41,50.65,36,0,0.0,0.0,4 - Clean
5641,85,4862.79,57.21,31,0,0.0,0.0,4 - Clean
5642,76,4322.51,56.88,33,0,0.0,0.0,4 - Clean
5643,99,5777.9,58.36,32,0,0.0,0.0,4 - Clean
5644,83,4456.07,53.69,36,1,342.85,1.205,3 - Watch
5645,71,4796.5,67.56,24,0,0.0,0.0,4 - Clean
5646,105,4354.47,41.47,38,0,0.0,0.0,4 - Clean
5647,87,4031.45,46.34,35,0,0.0,0.0,4 - Clean
5648,73,4440.81,60.83,27,0,0.0,0.0,4 - Clean
5649,76,4510.05,59.34,31,1,80.8,1.316,3 - Watch
5650,128,6725.69,52.54,36,0,0.0,0.0,4 - Clean
5651,112,6832.96,61.01,33,1,243.39,0.893,3 - Watch
5652,79,4243.76,53.72,27,19,987.44,24.051,1 - Critical
5653,71,2785.56,39.23,25,0,0.0,0.0,4 - Clean
5654,69,4696.29,68.06,24,0,0.0,0.0,4 - Clean
5655,63,3709.58,58.88,24,0,0.0,0.0,4 - Clean
5656,91,4648.85,51.09,27,0,0.0,0.0,4 - Clean
5657,92,5178.95,56.29,30,0,0.0,0.0,4 - Clean
5658,75,3364.8,44.86,27,0,0.0,0.0,4 - Clean
5659,99,5091.57,51.43,36,0,0.0,0.0,4 - Clean
5660,117,5320.15,45.47,29,0,0.0,0.0,4 - Clean
5661,95,5502.9,57.93,23,1,497.15,1.053,3 - Watch
5662,85,5136.74,60.43,28,2,254.15,2.353,2 - High
5663,52,2555.88,49.15,20,0,0.0,0.0,4 - Clean
5664,88,5816.46,66.1,35,0,0.0,0.0,4 - Clean
5665,92,4650.25,50.55,29,0,0.0,0.0,4 - Clean
5666,99,5532.85,55.89,31,0,0.0,0.0,4 - Clean
5667,95,5204.97,54.79,27,30,1790.05,31.579,1 - Critical
5668,65,2623.76,40.37,27,0,0.0,0.0,4 - Clean
5669,77,4059.03,52.71,32,23,1073.51,29.87,1 - Critical
5670,67,3967.65,59.22,21,0,0.0,0.0,4 - Clean
5671,98,5118.68,52.23,35,1,264.95,1.02,3 - Watch
5672,80,4480.01,56.0,29,27,1778.04,33.75,1 - Critical
5673,88,4765.44,54.15,30,0,0.0,0.0,4 - Clean
5674,101,6069.6,60.1,33,0,0.0,0.0,4 - Clean
5675,60,3495.23,58.25,26,0,0.0,0.0,4 - Clean
5676,75,4183.46,55.78,25,1,234.12,1.333,3 - Watch
5677,51,2871.34,56.3,27,0,0.0,0.0,4 - Clean
5678,115,6164.78,53.61,36,0,0.0,0.0,4 - Clean
5679,127,6107.86,48.09,28,0,0.0,0.0,4 - Clean
5680,62,2727.28,43.99,24,0,0.0,0.0,4 - Clean
5681,61,4096.03,67.15,18,0,0.0,0.0,4 - Clean
5682,70,3803.57,54.34,27,0,0.0,0.0,4 - Clean
5683,105,4686.65,44.63,29,0,0.0,0.0,4 - Clean
5684,54,2498.71,46.27,23,0,0.0,0.0,4 - Clean
5685,75,4411.2,58.82,27,0,0.0,0.0,4 - Clean
5686,79,4692.52,59.4,29,0,0.0,0.0,4 - Clean
5687,90,5569.78,61.89,30,0,0.0,0.0,4 - Clean
5688,71,3680.32,51.84,23,0,0.0,0.0,4 - Clean
5689,115,6750.56,58.7,35,18,1076.87,15.652,1 - Critical
5690,73,3377.42,46.27,18,0,0.0,0.0,4 - Clean
5691,130,6936.57,53.36,43,0,0.0,0.0,4 - Clean
5692,43,2346.64,54.57,14,0,0.0,0.0,4 - Clean
5693,82,4901.26,59.77,31,1,223.54,1.22,3 - Watch
5694,94,5678.51,60.41,27,0,0.0,0.0,4 - Clean
5695,107,5376.37,50.25,30,0,0.0,0.0,4 - Clean
5696,74,3551.75,48.0,29,0,0.0,0.0,4 - Clean
5697,89,5287.0,59.4,26,0,0.0,0.0,4 - Clean
5698,73,3601.9,49.34,27,0,0.0,0.0,4 - Clean
5699,61,3760.14,61.64,24,0,0.0,0.0,4 - Clean
5700,83,5044.06,60.77,29,0,0.0,0.0,4 - Clean
5701,79,5536.16,70.08,34,1,220.8,1.266,3 - Watch
5702,90,4678.08,51.98,32,0,0.0,0.0,4 - Clean
5703,106,5815.77,54.87,40,0,0.0,0.0,4 - Clean
5704,94,5013.24,53.33,32,0,0.0,0.0,4 - Clean
5705,85,4902.37,57.67,31,0,0.0,0.0,4 - Clean
5706,66,3945.03,59.77,24,1,229.6,1.515,3 - Watch
5707,111,6603.06,59.49,37,0,0.0,0.0,4 - Clean
5708,88,4526.4,51.44,35,0,0.0,0.0,4 - Clean
5709,58,3376.05,58.21,23,1,194.65,1.724,3 - Watch
5710,76,3378.39,44.45,23,0,0.0,0.0,4 - Clean
5711,90,4665.68,51.84,35,0,0.0,0.0,4 - Clean
5712,77,4096.69,53.2,27,0,0.0,0.0,4 - Clean
5713,78,3648.96,46.78,21,0,0.0,0.0,4 - Clean
5714,77,4542.59,58.99,16,1,235.67,1.299,3 - Watch
5715,78,3455.76,44.3,31,0,0.0,0.0,4 - Clean
5716,117,7019.51,60.0,37,1,130.45,0.855,3 - Watch
5717,100,6429.57,64.3,26,0,0.0,0.0,4 - Clean
5718,57,3180.81,55.8,20,0,0.0,0.0,4 - Clean
5719,98,5191.28,52.97,33,0,0.0,0.0,4 - Clean
5720,103,6413.06,62.26,33,2,367.96,1.942,3 - Watch
5721,80,4482.51,56.03,28,0,0.0,0.0,4 - Clean
5722,91,5018.98,55.15,33,0,0.0,0.0,4 - Clean
5723,80,5814.48,72.68,27,0,0.0,0.0,4 - Clean
5724,74,3427.49,46.32,25,0,0.0,0.0,4 - Clean
5725,71,3614.85,50.91,31,0,0.0,0.0,4 - Clean
5726,59,3274.72,55.5,22,0,0.0,0.0,4 - Clean
5727,99,4168.48,42.11,35,0,0.0,0.0,4 - Clean
5728,88,5155.89,58.59,31,0,0.0,0.0,4 - Clean
5729,73,3767.72,51.61,22,0,0.0,0.0,4 - Clean
5730,81,4924.77,60.8,24,1,30.95,1.235,3 - Watch
5731,96,5492.22,57.21,34,0,0.0,0.0,4 - Clean
5732,96,5749.43,59.89,28,0,0.0,0.0,4 - Clean
5733,97,4143.77,42.72,22,0,0.0,0.0,4 - Clean
5734,78,3821.73,49.0,29,0,0.0,0.0,4 - Clean
5735,57,3527.03,61.88,26,0,0.0,0.0,4 - Clean
5736,53,1889.79,35.66,20,0,0.0,0.0,4 - Clean
5737,98,4982.48,50.84,35,0,0.0,0.0,4 - Clean
5738,85,5264.95,61.94,34,0,0.0,0.0,4 - Clean
5739,71,4098.48,57.73,25,1,608.85,1.408,3 - Watch
5740,72,2530.02,35.14,25,0,0.0,0.0,4 - Clean
5741,118,5987.7,50.74,35,0,0.0,0.0,4 - Clean
5742,87,4741.04,54.49,27,2,144.85,2.299,2 - High
5743,76,4182.83,55.04,37,1,247.79,1.316,3 - Watch
5744,81,5702.82,70.41,31,0,0.0,0.0,4 - Clean
5745,69,3830.85,55.52,23,0,0.0,0.0,4 - Clean
5746,93,5088.02,54.71,29,0,0.0,0.0,4 - Clean
5747,107,6372.37,59.55,30,1,88.05,0.935,3 - Watch
5748,66,3218.08,48.76,24,1,240.36,1.515,3 - Watch
5749,99,4787.31,48.36,31,0,0.0,0.0,4 - Clean
5750,91,5510.4,60.55,29,0,0.0,0.0,4 - Clean
5751,65,4447.97,68.43,23,1,280.25,1.538,3 - Watch
5752,95,5467.38,57.55,29,1,291.11,1.053,3 - Watch
5753,78,3718.86,47.68,29,0,0.0,0.0,4 - Clean
5754,94,4098.66,43.6,33,0,0.0,0.0,4 - Clean
5755,95,4611.78,48.55,35,0,0.0,0.0,4 - Clean
5756,105,4972.28,47.36,32,0,0.0,0.0,4 - Clean
5757,119,5824.59,48.95,37,1,222.38,0.84,3 - Watch
5758,59,2791.36,47.31,21,0,0.0,0.0,4 - Clean
5759,113,6504.24,57.56,34,1,241.86,0.885,3 - Watch
5760,91,4614.3,50.71,30,0,0.0,0.0,4 - Clean
5761,69,4059.71,58.84,27,1,217.35,1.449,3 - Watch
5762,118,5938.86,50.33,43,1,184.7,0.847,3 - Watch
5763,100,4580.2,45.8,32,1,40.9,1.0,3 - Watch
5764,73,5052.83,69.22,26,2,654.15,2.74,2 - High
5765,75,4874.33,64.99,31,0,0.0,0.0,4 - Clean
5766,101,5379.48,53.26,28,2,284.35,1.98,3 - Watch
5767,63,3455.7,54.85,24,1,212.1,1.587,3 - Watch
5768,98,5819.16,59.38,30,0,0.0,0.0,4 - Clean
5769,70,3675.64,52.51,28,0,0.0,0.0,4 - Clean
5770,71,4649.86,65.49,21,1,225.86,1.408,3 - Watch
5771,93,5444.18,58.54,29,0,0.0,0.0,4 - Clean
5772,78,4354.27,55.82,30,0,0.0,0.0,4 - Clean
5773,129,6408.72,49.68,39,0,0.0,0.0,4 - Clean
5774,107,5973.95,55.83,31,1,305.7,0.935,3 - Watch
5775,53,2899.56,54.71,23,0,0.0,0.0,4 - Clean
5776,68,4038.36,59.39,17,0,0.0,0.0,4 - Clean
5777,94,5083.85,54.08,31,0,0.0,0.0,4 - Clean
5778,95,4702.25,49.5,33,0,0.0,0.0,4 - Clean
5779,65,2738.58,42.13,25,0,0.0,0.0,4 - Clean
5780,89,5732.26,64.41,30,0,0.0,0.0,4 - Clean
5781,79,4051.27,51.28,24,0,0.0,0.0,4 - Clean
5782,86,4547.58,52.88,29,2,711.55,2.326,2 - High
5783,100,6630.71,66.31,31,0,0.0,0.0,4 - Clean
5784,132,7200.12,54.55,41,1,12.15,0.758,3 - Watch
5785,113,5313.6,47.02,41,1,121.25,0.885,3 - Watch
5786,52,3182.14,61.2,25,0,0.0,0.0,4 - Clean
5787,80,4568.21,57.1,28,0,0.0,0.0,4 - Clean
5788,72,4210.37,58.48,23,0,0.0,0.0,4 - Clean
5789,86,4453.36,51.78,31,0,0.0,0.0,4 - Clean
5790,103,7294.79,70.82,23,1,228.45,0.971,3 - Watch
5791,107,6959.39,65.04,33,2,511.65,1.869,3 - Watch
5792,83,4837.94,58.29,30,0,0.0,0.0,4 - Clean
5793,100,4589.99,45.9,37,0,0.0,0.0,4 - Clean
5794,105,6305.19,60.05,38,0,0.0,0.0,4 - Clean
5795,106,4871.14,45.95,34,0,0.0,0.0,4 - Clean
5796,80,3782.58,47.28,28,0,0.0,0.0,4 - Clean
5797,75,3760.84,50.14,25,0,0.0,0.0,4 - Clean
5798,99,5988.13,60.49,31,1,642.1,1.01,3 - Watch
5799,92,4228.5,45.96,34,0,0.0,0.0,4 - Clean
5800,43,2180.07,50.7,13,0,0.0,0.0,4 - Clean
5801,97,6230.78,64.23,30,1,443.55,1.031,3 - Watch
5802,64,3755.5,58.68,26,0,0.0,0.0,4 - Clean
5803,61,3162.2,51.84,25,1,131.2,1.639,3 - Watch
5804,84,4194.44,49.93,28,0,0.0,0.0,4 - Clean
5805,72,3198.81,44.43,18,0,0.0,0.0,4 - Clean
5806,93,4586.85,49.32,35,1,35.4,1.075,3 - Watch
5807,114,6316.92,55.41,39,0,0.0,0.0,4 - Clean
5808,64,3229.86,50.47,26,0,0.0,0.0,4 - Clean
5809,84,3865.99,46.02,29,0,0.0,0.0,4 - Clean
5810,59,3162.34,53.6,23,0,0.0,0.0,4 - Clean
5811,85,3780.91,44.48,32,0,0.0,0.0,4 - Clean
5812,68,3404.96,50.07,18,0,0.0,0.0,4 - Clean
5813,56,3275.95,58.5,26,0,0.0,0.0,4 - Clean
5814,66,3633.36,55.05,21,0,0.0,0.0,4 - Clean
5815,63,3608.54,57.28,24,1,27.75,1.587,3 - Watch
5816,95,4863.66,51.2,28,1,227.45,1.053,3 - Watch
5817,82,4831.89,58.93,27,0,0.0,0.0,4 - Clean
5818,76,3508.13,46.16,30,1,438.0,1.316,3 - Watch
5819,76,4007.5,52.73,27,0,0.0,0.0,4 - Clean
5820,147,8130.93,55.31,35,0,0.0,0.0,4 - Clean
5821,69,3843.82,55.71,32,21,1208.65,30.435,1 - Critical
5822,79,4268.31,54.03,23,0,0.0,0.0,4 - Clean
5823,104,6845.45,65.82,31,2,1291.1,1.923,3 - Watch
5824,102,5648.06,55.37,29,0,0.0,0.0,4 - Clean
5825,71,3981.35,56.08,26,0,0.0,0.0,4 - Clean
5826,83,3993.86,48.12,31,0,0.0,0.0,4 - Clean
5827,91,4907.24,53.93,30,0,0.0,0.0,4 - Clean
5828,86,4632.75,53.87,27,0,0.0,0.0,4 - Clean
5829,100,4243.75,42.44,33,0,0.0,0.0,4 - Clean
5830,81,4081.13,50.38,31,0,0.0,0.0,4 - Clean
5831,64,3968.46,62.01,20,1,426.3,1.562,3 - Watch
5832,92,4754.24,51.68,33,1,230.28,1.087,3 - Watch
5833,65,3111.93,47.88,28,0,0.0,0.0,4 - Clean
5834,144,7266.33,50.46,42,0,0.0,0.0,4 - Clean
5835,105,5558.42,52.94,32,0,0.0,0.0,4 - Clean
5836,84,5015.13,59.7,27,0,0.0,0.0,4 - Clean
5837,93,4621.83,49.7,18,2,290.8,2.151,2 - High
5838,141,8716.87,61.82,43,1,690.2,0.709,3 - Watch
5839,89,4952.45,55.65,35,0,0.0,0.0,4 - Clean
5840,76,4068.37,53.53,30,1,222.53,1.316,3 - Watch
5841,64,3068.95,47.95,21,0,0.0,0.0,4 - Clean
5842,76,4260.1,56.05,28,0,0.0,0.0,4 - Clean
5843,60,2576.23,42.94,22,1,55.55,1.667,3 - Watch
5844,78,3991.03,51.17,31,0,0.0,0.0,4 - Clean
5845,75,3987.82,53.17,22,0,0.0,0.0,4 - Clean
5846,51,2433.57,47.72,22,0,0.0,0.0,4 - Clean
5847,113,6426.62,56.87,38,0,0.0,0.0,4 - Clean
5848,140,7112.87,50.81,34,0,0.0,0.0,4 - Clean
5849,79,4602.08,58.25,29,0,0.0,0.0,4 - Clean
5850,60,2057.75,34.3,14,0,0.0,0.0,4 - Clean
5851,77,4923.71,63.94,29,1,145.7,1.299,3 - Watch
5852,88,4691.38,53.31,30,0,0.0,0.0,4 - Clean
5853,83,4549.43,54.81,27,1,162.5,1.205,3 - Watch
5854,96,6265.27,65.26,28,0,0.0,0.0,4 - Clean
5855,103,6543.92,63.53,33,1,225.56,0.971,3 - Watch
5856,55,2618.65,47.61,20,0,0.0,0.0,4 - Clean
5857,86,3645.85,42.39,31,0,0.0,0.0,4 - Clean
5858,89,4113.73,46.22,31,0,0.0,0.0,4 - Clean
5859,72,3711.36,51.55,31,0,0.0,0.0,4 - Clean
5860,89,3993.51,44.87,34,0,0.0,0.0,4 - Clean
5861,84,4002.76,47.65,26,0,0.0,0.0,4 - Clean
5862,91,4518.34,49.65,33,0,0.0,0.0,4 - Clean
5863,80,4999.41,62.49,29,0,0.0,0.0,4 - Clean
5864,100,5773.46,57.73,36,0,0.0,0.0,4 - Clean
5865,106,4100.25,38.68,32,0,0.0,0.0,4 - Clean
5866,74,4197.55,56.72,27,0,0.0,0.0,4 - Clean
5867,111,5456.93,49.16,29,0,0.0,0.0,4 - Clean
5868,80,3336.88,41.71,22,0,0.0,0.0,4 - Clean
5869,94,5482.75,58.33,31,0,0.0,0.0,4 - Clean
5870,125,6115.47,48.92,30,0,0.0,0.0,4 - Clean
5871,84,4073.84,48.5,32,0,0.0,0.0,4 - Clean
5872,85,5493.23,64.63,27,0,0.0,0.0,4 - Clean
5873,64,2900.38,45.32,23,0,0.0,0.0,4 - Clean
5874,79,5294.42,67.02,30,0,0.0,0.0,4 - Clean
5875,79,3871.65,49.01,35,0,0.0,0.0,4 - Clean
5876,54,2858.34,52.93,26,15,1181.13,27.778,1 - Critical
5877,82,4236.16,51.66,27,0,0.0,0.0,4 - Clean
5878,72,2857.65,39.69,27,1,4.45,1.389,3 - Watch
5879,91,5049.74,55.49,32,0,0.0,0.0,4 - Clean
5880,119,6308.58,53.01,38,0,0.0,0.0,4 - Clean
5881,83,4466.34,53.81,32,0,0.0,0.0,4 - Clean
5882,99,4481.02,45.26,36,0,0.0,0.0,4 - Clean
5883,77,4639.18,60.25,28,0,0.0,0.0,4 - Clean
5884,66,3186.2,48.28,27,0,0.0,0.0,4 - Clean
5885,96,5310.1,55.31,32,1,92.25,1.042,3 - Watch
5886,95,5608.61,59.04,26,0,0.0,0.0,4 - Clean
5887,66,3251.15,49.26,23,0,0.0,0.0,4 - Clean
5888,80,5559.8,69.5,25,0,0.0,0.0,4 - Clean
5889,97,4948.95,51.02,30,1,44.65,1.031,3 - Watch
5890,80,6340.35,79.25,25,4,1278.08,5.0,1 - Critical
5891,60,3564.62,59.41,20,0,0.0,0.0,4 - Clean
5892,83,4882.28,58.82,28,0,0.0,0.0,4 - Clean
5893,119,6049.47,50.84,38,0,0.0,0.0,4 - Clean
5894,89,4936.5,55.47,31,1,560.65,1.124,3 - Watch
5895,99,6008.0,60.69,29,0,0.0,0.0,4 - Clean
5896,125,8136.57,65.09,35,0,0.0,0.0,4 - Clean
5897,76,3717.32,48.91,29,0,0.0,0.0,4 - Clean
5898,64,3080.08,48.13,21,0,0.0,0.0,4 - Clean
5899,89,5964.15,67.01,35,0,0.0,0.0,4 - Clean
5900,90,4956.98,55.08,28,0,0.0,0.0,4 - Clean
5901,67,4291.98,64.06,25,0,0.0,0.0,4 - Clean
5902,90,4259.5,47.33,28,0,0.0,0.0,4 - Clean
5903,106,6740.88,63.59,34,2,569.0,1.887,3 - Watch
5904,77,4030.15,52.34,27,0,0.0,0.0,4 - Clean
5905,90,4696.81,52.19,31,0,0.0,0.0,4 - Clean
5906,95,6028.98,63.46,33,1,228.17,1.053,3 - Watch
5907,112,7211.49,64.39,31,0,0.0,0.0,4 - Clean
5908,73,4079.24,55.88,30,0,0.0,0.0,4 - Clean
5909,110,6259.08,56.9,37,0,0.0,0.0,4 - Clean
5910,81,5180.12,63.95,30,0,0.0,0.0,4 - Clean
5911,71,3378.92,47.59,24,0,0.0,0.0,4 - Clean
5912,72,3056.97,42.46,30,20,717.67,27.778,1 - Critical
5913,76,3900.46,51.32,29,1,255.7,1.316,3 - Watch
5914,79,4587.98,58.08,18,0,0.0,0.0,4 - Clean
5915,80,3773.32,47.17,28,1,88.9,1.25,3 - Watch
5916,81,4767.07,58.85,30,0,0.0,0.0,4 - Clean
5917,102,5738.23,56.26,32,0,0.0,0.0,4 - Clean
5918,45,2870.31,63.78,13,0,0.0,0.0,4 - Clean
5919,118,5818.17,49.31,25,0,0.0,0.0,4 - Clean
5920,86,4271.05,49.66,32,0,0.0,0.0,4 - Clean
5921,75,3809.32,50.79,28,1,62.7,1.333,3 - Watch
5922,67,3263.22,48.7,19,0,0.0,0.0,4 - Clean
5923,56,3848.99,68.73,20,0,0.0,0.0,4 - Clean
5924,127,6239.51,49.13,36,0,0.0,0.0,4 - Clean
5925,74,4726.33,63.87,26,2,675.91,2.703,2 - High
5926,98,6092.29,62.17,34,2,1119.15,2.041,2 - High
5927,98,5767.3,58.85,28,30,1737.35,30.612,1 - Critical
5928,45,3191.47,70.92,17,0,0.0,0.0,4 - Clean
5929,51,2742.28,53.77,22,0,0.0,0.0,4 - Clean
5930,68,3063.79,45.06,23,0,0.0,0.0,4 - Clean
5931,74,3765.26,50.88,28,0,0.0,0.0,4 - Clean
5932,105,6334.18,60.33,28,1,246.63,0.952,3 - Watch
5933,103,5806.67,56.38,33,0,0.0,0.0,4 - Clean
5934,108,5970.72,55.28,33,0,0.0,0.0,4 - Clean
5935,84,3315.68,39.47,27,0,0.0,0.0,4 - Clean
5936,63,3529.74,56.03,30,0,0.0,0.0,4 - Clean
5937,70,3082.47,44.04,23,0,0.0,0.0,4 - Clean
5938,58,3206.76,55.29,21,0,0.0,0.0,4 - Clean
5939,95,5917.9,62.29,34,0,0.0,0.0,4 - Clean
5940,96,4583.57,47.75,28,1,135.9,1.042,3 - Watch
5941,68,3234.76,47.57,24,0,0.0,0.0,4 - Clean
5942,105,4854.39,46.23,33,1,193.2,0.952,3 - Watch
5943,91,4993.16,54.87,20,0,0.0,0.0,4 - Clean
5944,88,4799.07,54.53,31,0,0.0,0.0,4 - Clean
5945,124,5922.58,47.76,35,2,260.7,1.613,3 - Watch
5946,111,5123.63,46.16,33,0,0.0,0.0,4 - Clean
5947,86,5576.62,64.84,32,0,0.0,0.0,4 - Clean
5948,77,4527.26,58.8,31,0,0.0,0.0,4 - Clean
5949,93,5026.26,54.05,27,0,0.0,0.0,4 - Clean
5950,86,4967.48,57.76,31,0,0.0,0.0,4 - Clean
5951,82,3705.05,45.18,27,0,0.0,0.0,4 - Clean
5952,77,3724.5,48.37,28,27,1369.87,35.065,1 - Critical
5953,64,3666.63,57.29,20,1,248.39,1.562,3 - Watch
5954,54,3586.67,66.42,27,0,0.0,0.0,4 - Clean
5955,108,5691.89,52.7,31,0,0.0,0.0,4 - Clean
5956,103,5861.68,56.91,30,0,0.0,0.0,4 - Clean
5957,87,4131.94,47.49,31,0,0.0,0.0,4 - Clean
5958,122,6246.11,51.2,48,0,0.0,0.0,4 - Clean
5959,97,5609.48,57.83,35,0,0.0,0.0,4 - Clean
5960,74,3282.18,44.35,22,0,0.0,0.0,4 - Clean
5961,54,2046.98,37.91,16,0,0.0,0.0,4 - Clean
5962,73,3612.04,49.48,29,0,0.0,0.0,4 - Clean
5963,103,4578.03,44.45,35,0,0.0,0.0,4 - Clean
5964,83,4499.21,54.21,29,2,301.55,2.41,2 - High
5965,68,3357.25,49.37,26,1,50.35,1.471,3 - Watch
5966,97,4628.64,47.72,28,0,0.0,0.0,4 - Clean
5967,80,5483.75,68.55,26,0,0.0,0.0,4 - Clean
5968,39,2031.94,52.1,11,0,0.0,0.0,4 - Clean
5969,67,3285.87,49.04,21,1,122.85,1.493,3 - Watch
5970,72,3481.76,48.36,27,0,0.0,0.0,4 - Clean
5971,89,5365.85,60.29,30,0,0.0,0.0,4 - Clean
5972,136,7689.52,56.54,41,0,0.0,0.0,4 - Clean
5973,82,4764.08,58.1,27,0,0.0,0.0,4 - Clean
5974,53,2713.71,51.2,19,0,0.0,0.0,4 - Clean
5975,116,6994.85,60.3,36,0,0.0,0.0,4 - Clean
5976,67,2874.24,42.9,22,1,85.85,1.493,3 - Watch
5977,97,6300.83,64.96,35,1,103.6,1.031,3 - Watch
5978,51,3239.94,63.53,21,0,0.0,0.0,4 - Clean
5979,149,8366.01,56.15,41,0,0.0,0.0,4 - Clean
5980,84,4744.06,56.48,33,0,0.0,0.0,4 - Clean
5981,72,3919.11,54.43,27,0,0.0,0.0,4 - Clean
5982,90,5392.51,59.92,32,0,0.0,0.0,4 - Clean
5983,87,5044.68,57.98,30,0,0.0,0.0,4 - Clean
5984,103,5804.7,56.36,30,0,0.0,0.0,4 - Clean
5985,86,4155.2,48.32,34,0,0.0,0.0,4 - Clean
5986,103,4271.82,41.47,22,0,0.0,0.0,4 - Clean
5987,79,4141.72,52.43,32,0,0.0,0.0,4 - Clean
5988,70,3929.5,56.14,31,1,177.4,1.429,3 - Watch
5989,83,4099.8,49.4,32,0,0.0,0.0,4 - Clean
5990,105,6288.38,59.89,32,0,0.0,0.0,4 - Clean
5991,68,3243.29,47.7,31,0,0.0,0.0,4 - Clean
5992,50,2959.48,59.19,23,0,0.0,0.0,4 - Clean
5993,67,2781.38,41.51,27,0,0.0,0.0,4 - Clean
5994,83,5669.07,68.3,28,1,532.7,1.205,3 - Watch
5995,95,4166.12,43.85,33,0,0.0,0.0,4 - Clean
5996,87,3228.41,37.11,27,1,222.17,1.149,3 - Watch
5997,70,4370.74,62.44,24,0,0.0,0.0,4 - Clean
5998,71,4550.53,64.09,18,0,0.0,0.0,4 - Clean
5999,72,3598.94,49.99,30,0,0.0,0.0,4 - Clean
6000,120,5878.1,48.98,35,0,0.0,0.0,4 - Clean
6001,80,4570.58,57.13,26,0,0.0,0.0,4 - Clean
6002,100,6606.32,66.06,34,0,0.0,0.0,4 - Clean
6003,88,6055.43,68.81,28,10,615.06,11.364,1 - Critical
6004,53,2176.38,41.06,17,0,0.0,0.0,4 - Clean
6005,86,4864.24,56.56,30,1,260.75,1.163,3 - Watch
6006,90,4485.06,49.83,33,1,223.58,1.111,3 - Watch
6007,66,2725.73,41.3,20,0,0.0,0.0,4 - Clean
6008,89,5584.21,62.74,34,2,500.8,2.247,2 - High
6009,96,5390.22,56.15,31,0,0.0,0.0,4 - Clean
6010,23,1317.65,57.29,10,0,0.0,0.0,4 - Clean
6011,67,3203.45,47.81,25,0,0.0,0.0,4 - Clean
6012,69,3988.81,57.81,28,0,0.0,0.0,4 - Clean
6013,105,5065.71,48.24,40,3,415.45,2.857,2 - High
6014,125,7741.39,61.93,34,0,0.0,0.0,4 - Clean
6015,84,5085.12,60.54,33,0,0.0,0.0,4 - Clean
6016,75,4030.64,53.74,29,0,0.0,0.0,4 - Clean
6017,107,4601.2,43.0,39,0,0.0,0.0,4 - Clean
6018,62,3639.02,58.69,22,0,0.0,0.0,4 - Clean
6019,104,4467.85,42.96,37,0,0.0,0.0,4 - Clean
6020,74,4187.5,56.59,24,0,0.0,0.0,4 - Clean
6021,102,6191.8,60.7,38,0,0.0,0.0,4 - Clean
6022,96,4407.49,45.91,33,0,0.0,0.0,4 - Clean
6023,93,5119.84,55.05,35,1,230.91,1.075,3 - Watch
6024,104,5755.39,55.34,39,0,0.0,0.0,4 - Clean
6025,112,6517.72,58.19,29,0,0.0,0.0,4 - Clean
6026,117,6150.91,52.57,38,0,0.0,0.0,4 - Clean
6027,115,6100.16,53.04,33,0,0.0,0.0,4 - Clean
6028,82,4558.2,55.59,28,0,0.0,0.0,4 - Clean
6029,93,4225.24,45.43,28,0,0.0,0.0,4 - Clean
6030,96,4764.53,49.63,28,0,0.0,0.0,4 - Clean
6031,110,4056.3,36.88,30,0,0.0,0.0,4 - Clean
6032,93,5306.14,57.06,43,2,676.15,2.151,2 - High
6033,80,4882.4,61.03,29,0,0.0,0.0,4 - Clean
6034,82,3848.46,46.93,29,0,0.0,0.0,4 - Clean
6035,67,3623.33,54.08,22,1,332.1,1.493,3 - Watch
6036,59,3261.3,55.28,23,0,0.0,0.0,4 - Clean
6037,116,4823.87,41.59,38,0,0.0,0.0,4 - Clean
6038,72,3225.48,44.8,24,0,0.0,0.0,4 - Clean
6039,92,5007.45,54.43,35,2,675.0,2.174,2 - High
6040,79,4510.79,57.1,28,1,239.65,1.266,3 - Watch
6041,108,6295.83,58.29,37,1,603.3,0.926,3 - Watch
6042,80,4001.0,50.01,26,0,0.0,0.0,4 - Clean
6043,105,5488.65,52.27,33,0,0.0,0.0,4 - Clean
6044,106,5282.6,49.84,28,0,0.0,0.0,4 - Clean
6045,62,3727.18,60.12,21,1,247.95,1.613,3 - Watch
6046,82,3566.74,43.5,27,0,0.0,0.0,4 - Clean
6047,89,4813.77,54.09,26,0,0.0,0.0,4 - Clean
6048,80,3849.33,48.12,32,0,0.0,0.0,4 - Clean
6049,69,3479.83,50.43,22,1,480.9,1.449,3 - Watch
6050,107,5001.46,46.74,34,1,222.26,0.935,3 - Watch
6051,80,4527.97,56.6,26,0,0.0,0.0,4 - Clean
6052,72,4367.72,60.66,24,0,0.0,0.0,4 - Clean
6053,146,7995.41,54.76,47,1,232.37,0.685,3 - Watch
6054,86,4777.82,55.56,29,0,0.0,0.0,4 - Clean
6055,77,4607.19,59.83,27,0,0.0,0.0,4 - Clean
6056,97,5725.31,59.02,35,1,32.85,1.031,3 - Watch
6057,118,6565.05,55.64,37,3,429.15,2.542,2 - High
6058,83,3825.21,46.09,29,0,0.0,0.0,4 - Clean
6059,81,4498.45,55.54,29,0,0.0,0.0,4 - Clean
6060,132,7399.19,56.05,44,1,336.25,0.758,3 - Watch
6061,114,7104.32,62.32,40,1,51.2,0.877,3 - Watch
6062,78,4952.41,63.49,28,0,0.0,0.0,4 - Clean
6063,57,3487.53,61.18,17,0,0.0,0.0,4 - Clean
6064,120,5864.43,48.87,40,3,501.7,2.5,2 - High
6065,140,7706.89,55.05,30,1,167.45,0.714,3 - Watch
6066,86,4712.71,54.8,27,0,0.0,0.0,4 - Clean
6067,119,6580.06,55.29,42,0,0.0,0.0,4 - Clean
6068,67,3801.87,56.74,24,1,298.45,1.493,3 - Watch
6069,74,4229.62,57.16,28,1,131.1,1.351,3 - Watch
6070,54,2853.07,52.83,15,0,0.0,0.0,4 - Clean
6071,61,3412.15,55.94,24,0,0.0,0.0,4 - Clean
6072,79,4186.94,53.0,26,0,0.0,0.0,4 - Clean
6073,81,4617.9,57.01,30,0,0.0,0.0,4 - Clean
6074,62,4314.74,69.59,21,0,0.0,0.0,4 - Clean
6075,77,4369.93,56.75,23,0,0.0,0.0,4 - Clean
6076,84,6295.47,74.95,28,0,0.0,0.0,4 - Clean
6077,54,2620.81,48.53,25,0,0.0,0.0,4 - Clean
6078,96,5187.74,54.04,34,0,0.0,0.0,4 - Clean
6079,56,3400.38,60.72,24,1,408.7,1.786,3 - Watch
6080,81,3473.62,42.88,27,0,0.0,0.0,4 - Clean
6081,134,7413.44,55.32,41,0,0.0,0.0,4 - Clean
6082,87,4009.4,46.09,28,0,0.0,0.0,4 - Clean
6083,70,4100.74,58.58,27,0,0.0,0.0,4 - Clean
6084,75,4305.18,57.4,30,2,469.45,2.667,2 - High
6085,81,5054.73,62.4,28,0,0.0,0.0,4 - Clean
6086,104,6963.51,66.96,34,0,0.0,0.0,4 - Clean
6087,110,6565.25,59.68,38,0,0.0,0.0,4 - Clean
6088,151,8039.53,53.24,42,42,2203.0,27.815,1 - Critical
6089,77,4716.05,61.25,24,0,0.0,0.0,4 - Clean
6090,85,4742.17,55.79,32,0,0.0,0.0,4 - Clean
6091,63,2458.13,39.02,20,0,0.0,0.0,4 - Clean
6092,99,5330.91,53.85,27,0,0.0,0.0,4 - Clean
6093,121,5828.89,48.17,31,0,0.0,0.0,4 - Clean
6094,100,5436.34,54.36,33,0,0.0,0.0,4 - Clean
6095,82,4615.62,56.29,24,0,0.0,0.0,4 - Clean
6096,92,5945.02,64.62,37,1,385.45,1.087,3 - Watch
6097,91,4877.87,53.6,28,0,0.0,0.0,4 - Clean
6098,100,4435.95,44.36,38,0,0.0,0.0,4 - Clean
6099,96,4907.53,51.12,34,0,0.0,0.0,4 - Clean
6100,120,5901.61,49.18,42,3,994.65,2.5,2 - High
6101,98,4682.81,47.78,35,0,0.0,0.0,4 - Clean
6102,59,2569.74,43.55,16,0,0.0,0.0,4 - Clean
6103,106,6184.98,58.35,34,0,0.0,0.0,4 - Clean
6104,84,3782.08,45.02,35,0,0.0,0.0,4 - Clean
6105,93,5186.43,55.77,30,1,58.0,1.075,3 - Watch
6106,125,7619.62,60.96,35,0,0.0,0.0,4 - Clean
6107,121,6351.05,52.49,38,1,65.95,0.826,3 - Watch
6108,99,5358.97,54.13,33,0,0.0,0.0,4 - Clean
6109,76,4635.99,61.0,26,0,0.0,0.0,4 - Clean
6110,93,4149.96,44.62,36,0,0.0,0.0,4 - Clean
6111,75,4451.74,59.36,30,1,185.4,1.333,3 - Watch
6112,85,3407.79,40.09,32,0,0.0,0.0,4 - Clean
6113,113,5711.14,50.54,35,0,0.0,0.0,4 - Clean
6114,79,4035.13,51.08,29,0,0.0,0.0,4 - Clean
6115,76,4655.48,61.26,28,0,0.0,0.0,4 - Clean
6116,96,5116.0,53.29,32,0,0.0,0.0,4 - Clean
6117,98,4518.32,46.11,40,0,0.0,0.0,4 - Clean
6118,89,4742.17,53.28,30,0,0.0,0.0,4 - Clean
6119,78,4633.55,59.4,21,0,0.0,0.0,4 - Clean
6120,86,5175.79,60.18,29,0,0.0,0.0,4 - Clean
6121,83,4643.61,55.95,26,0,0.0,0.0,4 - Clean
6122,99,5971.18,60.31,28,0,0.0,0.0,4 - Clean
6123,58,3019.8,52.07,18,0,0.0,0.0,4 - Clean
6124,71,3673.13,51.73,27,0,0.0,0.0,4 - Clean
6125,106,4520.02,42.64,34,4,130.92,3.774,2 - High
6126,56,3192.68,57.01,21,0,0.0,0.0,4 - Clean
6127,72,3786.85,52.6,28,0,0.0,0.0,4 - Clean
6128,72,4061.16,56.4,28,1,37.35,1.389,3 - Watch
6129,78,4908.48,62.93,29,0,0.0,0.0,4 - Clean
6130,63,3905.54,61.99,17,0,0.0,0.0,4 - Clean
6131,40,2574.78,64.37,14,1,235.7,2.5,2 - High
6132,70,4719.32,67.42,26,0,0.0,0.0,4 - Clean
6133,82,3994.76,48.72,22,0,0.0,0.0,4 - Clean
6134,79,4851.94,61.42,26,1,602.1,1.266,3 - Watch
6135,99,5572.71,56.29,28,0,0.0,0.0,4 - Clean
6136,96,3742.24,38.98,32,0,0.0,0.0,4 - Clean
6137,73,4021.48,55.09,15,0,0.0,0.0,4 - Clean
6138,78,4293.77,55.05,29,0,0.0,0.0,4 - Clean
6139,81,3731.0,46.06,29,0,0.0,0.0,4 - Clean
6140,76,4012.45,52.8,25,0,0.0,0.0,4 - Clean
6141,83,3634.34,43.79,29,0,0.0,0.0,4 - Clean
6142,69,3729.3,54.05,26,0,0.0,0.0,4 - Clean
6143,85,3553.4,41.8,32,0,0.0,0.0,4 - Clean
6144,79,4264.68,53.98,29,1,230.79,1.266,3 - Watch
6145,61,3039.72,49.83,24,0,0.0,0.0,4 - Clean
6146,108,6180.72,57.23,29,1,723.2,0.926,3 - Watch
6147,68,3527.36,51.87,26,1,254.85,1.471,3 - Watch
6148,90,4441.91,49.35,33,1,220.62,1.111,3 - Watch
6149,66,3240.56,49.1,18,0,0.0,0.0,4 - Clean
6150,100,5878.06,58.78,35,0,0.0,0.0,4 - Clean
6151,80,4689.63,58.62,29,1,291.75,1.25,3 - Watch
6152,66,2903.76,44.0,23,0,0.0,0.0,4 - Clean
6153,132,6811.98,51.61,37,0,0.0,0.0,4 - Clean
6154,89,4394.98,49.38,29,0,0.0,0.0,4 - Clean
6155,70,3745.26,53.5,30,1,151.85,1.429,3 - Watch
6156,68,4052.49,59.6,28,0,0.0,0.0,4 - Clean
6157,77,3586.0,46.57,26,0,0.0,0.0,4 - Clean
6158,71,4509.69,63.52,22,1,301.4,1.408,3 - Watch
6159,69,4140.03,60.0,27,0,0.0,0.0,4 - Clean
6160,124,5335.85,43.03,40,0,0.0,0.0,4 - Clean
6161,64,3651.51,57.05,12,0,0.0,0.0,4 - Clean
6162,121,5087.16,42.04,40,2,104.85,1.653,3 - Watch
6163,101,5402.73,53.49,37,0,0.0,0.0,4 - Clean
6164,78,4065.71,52.12,35,0,0.0,0.0,4 - Clean
6165,57,2716.27,47.65,23,0,0.0,0.0,4 - Clean
6166,92,4732.56,51.44,34,0,0.0,0.0,4 - Clean
6167,72,4355.73,60.5,25,0,0.0,0.0,4 - Clean
6168,109,5028.07,46.13,35,0,0.0,0.0,4 - Clean
6169,118,5460.81,46.28,36,0,0.0,0.0,4 - Clean
6170,36,2282.37,63.4,8,0,0.0,0.0,4 - Clean
6171,105,6197.97,59.03,32,14,896.92,13.333,1 - Critical
6172,83,4561.52,54.96,29,0,0.0,0.0,4 - Clean
6173,98,5014.2,51.17,31,0,0.0,0.0,4 - Clean
6174,139,8410.16,60.5,35,1,220.8,0.719,3 - Watch
6175,71,4708.85,66.32,28,2,340.19,2.817,2 - High
6176,89,4592.34,51.6,29,0,0.0,0.0,4 - Clean
6177,123,6863.98,55.8,35,0,0.0,0.0,4 - Clean
6178,113,5397.21,47.76,32,0,0.0,0.0,4 - Clean
6179,74,4680.74,63.25,26,0,0.0,0.0,4 - Clean
6180,106,5553.79,52.39,34,0,0.0,0.0,4 - Clean
6181,102,6250.53,61.28,32,2,589.56,1.961,3 - Watch
6182,89,5172.15,58.11,26,1,406.7,1.124,3 - Watch
6183,69,4193.17,60.77,24,0,0.0,0.0,4 - Clean
6184,125,6782.31,54.26,42,0,0.0,0.0,4 - Clean
6185,120,5401.03,45.01,37,0,0.0,0.0,4 - Clean
6186,91,4297.61,47.23,28,0,0.0,0.0,4 - Clean
6187,91,6291.5,69.14,29,1,590.6,1.099,3 - Watch
6188,107,5984.64,55.93,38,0,0.0,0.0,4 - Clean
6189,68,3354.13,49.33,31,0,0.0,0.0,4 - Clean
6190,86,4316.44,50.19,30,0,0.0,0.0,4 - Clean
6191,74,4593.92,62.08,23,0,0.0,0.0,4 - Clean
6192,124,7214.65,58.18,42,1,115.3,0.806,3 - Watch
6193,77,3602.23,46.78,30,0,0.0,0.0,4 - Clean
6194,90,5200.4,57.78,33,0,0.0,0.0,4 - Clean
6195,84,4489.19,53.44,34,0,0.0,0.0,4 - Clean
6196,103,4375.02,42.48,40,1,78.35,0.971,3 - Watch
6197,62,3605.16,58.15,18,0,0.0,0.0,4 - Clean
6198,135,7163.06,53.06,38,0,0.0,0.0,4 - Clean
6199,78,3834.05,49.15,26,0,0.0,0.0,4 - Clean
6200,120,5223.17,43.53,39,0,0.0,0.0,4 - Clean
6201,101,6539.41,64.75,34,1,264.45,0.99,3 - Watch
6202,63,2864.83,45.47,28,0,0.0,0.0,4 - Clean
6203,114,5841.63,51.24,30,2,486.65,1.754,3 - Watch
6204,64,3281.94,51.28,19,1,228.51,1.562,3 - Watch
6205,70,3052.57,43.61,22,1,231.04,1.429,3 - Watch
6206,83,4616.1,55.62,30,0,0.0,0.0,4 - Clean
6207,158,7835.23,49.59,35,0,0.0,0.0,4 - Clean
6208,98,6610.36,67.45,26,0,0.0,0.0,4 - Clean
6209,98,4451.64,45.42,33,0,0.0,0.0,4 - Clean
6210,61,2569.71,42.13,22,0,0.0,0.0,4 - Clean
6211,71,3303.29,46.53,27,0,0.0,0.0,4 - Clean
6212,69,3893.1,56.42,28,0,0.0,0.0,4 - Clean
6213,86,4623.63,53.76,28,0,0.0,0.0,4 - Clean
6214,87,4493.38,51.65,27,0,0.0,0.0,4 - Clean
6215,108,7070.07,65.46,34,1,546.9,0.926,3 - Watch
6216,114,7137.94,62.61,40,0,0.0,0.0,4 - Clean
6217,92,4514.24,49.07,31,0,0.0,0.0,4 - Clean
6218,74,4418.72,59.71,31,0,0.0,0.0,4 - Clean
6219,80,5000.43,62.51,29,0,0.0,0.0,4 - Clean
6220,87,4722.0,54.28,26,0,0.0,0.0,4 - Clean
6221,94,5160.14,54.9,33,0,0.0,0.0,4 - Clean
6222,73,2937.72,40.24,23,0,0.0,0.0,4 - Clean
6223,59,2704.35,45.84,23,0,0.0,0.0,4 - Clean
6224,102,4731.07,46.38,33,0,0.0,0.0,4 - Clean
6225,98,5271.0,53.79,31,1,226.59,1.02,3 - Watch
6226,67,4327.27,64.59,25,1,40.2,1.493,3 - Watch
6227,74,4274.94,57.77,24,0,0.0,0.0,4 - Clean
6228,68,2571.49,37.82,26,0,0.0,0.0,4 - Clean
6229,104,4961.05,47.7,34,0,0.0,0.0,4 - Clean
6230,114,7110.21,62.37,30,2,883.9,1.754,3 - Watch
6231,102,5031.67,49.33,33,0,0.0,0.0,4 - Clean
6232,152,8479.04,55.78,45,0,0.0,0.0,4 - Clean
6233,109,5320.92,48.82,38,1,226.4,0.917,3 - Watch
6234,105,6314.0,60.13,39,1,154.05,0.952,3 - Watch
6235,55,1921.19,34.93,14,0,0.0,0.0,4 - Clean
6236,77,3903.27,50.69,24,0,0.0,0.0,4 - Clean
6237,89,3561.86,40.02,31,1,102.45,1.124,3 - Watch
6238,107,5416.15,50.62,33,0,0.0,0.0,4 - Clean
6239,102,4722.96,46.3,36,1,293.9,0.98,3 - Watch
6240,81,4028.63,49.74,29,1,238.46,1.235,3 - Watch
6241,93,3845.8,41.35,33,0,0.0,0.0,4 - Clean
6242,85,4422.1,52.02,34,0,0.0,0.0,4 - Clean
6243,62,3605.7,58.16,21,0,0.0,0.0,4 - Clean
6244,86,5568.47,64.75,29,0,0.0,0.0,4 - Clean
6245,79,4615.92,58.43,29,1,229.17,1.266,3 - Watch
6246,74,3276.88,44.28,30,0,0.0,0.0,4 - Clean
6247,78,2879.99,36.92,16,0,0.0,0.0,4 - Clean
6248,94,5007.28,53.27,29,0,0.0,0.0,4 - Clean
6249,60,2445.09,40.75,13,1,101.35,1.667,3 - Watch
6250,94,4704.43,50.05,35,1,250.71,1.064,3 - Watch
6251,123,5167.64,42.01,35,0,0.0,0.0,4 - Clean
6252,87,5028.99,57.8,36,29,1715.76,33.333,1 - Critical
6253,84,5360.33,63.81,23,1,517.65,1.19,3 - Watch
6254,117,6746.19,57.66,37,1,367.9,0.855,3 - Watch
6255,60,3160.22,52.67,22,0,0.0,0.0,4 - Clean
6256,99,5699.08,57.57,27,1,383.6,1.01,3 - Watch
6257,87,4702.92,54.06,31,0,0.0,0.0,4 - Clean
6258,102,4495.91,44.08,38,0,0.0,0.0,4 - Clean
6259,61,3028.62,49.65,23,0,0.0,0.0,4 - Clean
6260,82,4936.48,60.2,25,0,0.0,0.0,4 - Clean
6261,81,4807.97,59.36,34,1,38.2,1.235,3 - Watch
6262,91,4912.31,53.98,24,0,0.0,0.0,4 - Clean
6263,64,3811.43,59.55,19,0,0.0,0.0,4 - Clean
6264,59,4497.74,76.23,13,1,824.5,1.695,3 - Watch
6265,91,5363.22,58.94,30,0,0.0,0.0,4 - Clean
6266,105,5500.06,52.38,32,0,0.0,0.0,4 - Clean
6267,85,4653.19,54.74,24,0,0.0,0.0,4 - Clean
6268,103,4489.61,43.59,32,0,0.0,0.0,4 - Clean
6269,97,3967.3,40.9,28,1,46.35,1.031,3 - Watch
6270,84,4247.05,50.56,30,0,0.0,0.0,4 - Clean
6271,92,5610.59,60.98,31,0,0.0,0.0,4 - Clean
6272,100,4715.38,47.15,33,0,0.0,0.0,4 - Clean
6273,104,6614.11,63.6,39,2,739.25,1.923,3 - Watch
6274,71,3098.2,43.64,26,0,0.0,0.0,4 - Clean
6275,76,3252.19,42.79,33,0,0.0,0.0,4 - Clean
6276,101,5912.64,58.54,34,1,269.38,0.99,3 - Watch
6277,64,3255.36,50.86,21,0,0.0,0.0,4 - Clean
6278,87,6032.29,69.34,30,0,0.0,0.0,4 - Clean
6279,83,4567.62,55.03,26,0,0.0,0.0,4 - Clean
6280,76,3949.81,51.97,29,0,0.0,0.0,4 - Clean
6281,105,5071.71,48.3,37,1,90.8,0.952,3 - Watch
6282,118,5990.72,50.77,40,2,676.57,1.695,3 - Watch
6283,83,4693.27,56.55,28,0,0.0,0.0,4 - Clean
6284,112,4820.51,43.04,35,0,0.0,0.0,4 - Clean
6285,83,4518.66,54.44,29,0,0.0,0.0,4 - Clean
6286,63,3770.36,59.85,26,1,345.6,1.587,3 - Watch
6287,66,3136.87,47.53,28,0,0.0,0.0,4 - Clean
6288,109,5479.11,50.27,34,0,0.0,0.0,4 - Clean
6289,109,5886.84,54.01,34,0,0.0,0.0,4 - Clean
6290,106,6199.91,58.49,34,1,224.67,0.943,3 - Watch
6291,80,4249.0,53.11,29,3,868.21,3.75,2 - High
6292,79,4462.44,56.49,28,0,0.0,0.0,4 - Clean
6293,117,6746.76,57.66,39,3,655.15,2.564,2 - High
6294,71,3781.04,53.25,28,0,0.0,0.0,4 - Clean
6295,98,4052.7,41.35,35,1,295.0,1.02,3 - Watch
6296,118,6533.04,55.36,40,1,27.95,0.847,3 - Watch
6297,72,3287.81,45.66,24,0,0.0,0.0,4 - Clean
6298,79,4458.72,56.44,24,0,0.0,0.0,4 - Clean
6299,76,4428.55,58.27,19,0,0.0,0.0,4 - Clean
6300,98,4602.64,46.97,33,1,191.1,1.02,3 - Watch
6301,116,5774.85,49.78,38,0,0.0,0.0,4 - Clean
6302,86,4803.74,55.86,31,1,234.77,1.163,3 - Watch
6303,104,6987.55,67.19,34,2,1266.1,1.923,3 - Watch
6304,80,4228.24,52.85,29,0,0.0,0.0,4 - Clean
6305,78,3480.85,44.63,26,0,0.0,0.0,4 - Clean
6306,72,3113.17,43.24,22,0,0.0,0.0,4 - Clean
6307,120,5735.04,47.79,38,0,0.0,0.0,4 - Clean
6308,82,4918.45,59.98,22,0,0.0,0.0,4 - Clean
6309,72,4066.69,56.48,22,0,0.0,0.0,4 - Clean
6310,67,3631.1,54.2,31,0,0.0,0.0,4 - Clean
6311,113,5690.36,50.36,33,1,58.3,0.885,3 - Watch
6312,89,4786.24,53.78,30,2,77.0,2.247,2 - High
6313,106,6139.48,57.92,29,0,0.0,0.0,4 - Clean
6314,103,5725.67,55.59,32,0,0.0,0.0,4 - Clean
6315,104,3869.88,37.21,19,0,0.0,0.0,4 - Clean
6316,94,5163.79,54.93,28,0,0.0,0.0,4 - Clean
6317,58,2178.09,37.55,18,0,0.0,0.0,4 - Clean
6318,86,5026.1,58.44,31,1,87.55,1.163,3 - Watch
6319,65,3343.47,51.44,27,0,0.0,0.0,4 - Clean
6320,105,6539.12,62.28,23,1,231.25,0.952,3 - Watch
6321,81,4633.63,57.21,27,1,511.0,1.235,3 - Watch
6322,69,3079.6,44.63,19,0,0.0,0.0,4 - Clean
6323,76,3481.03,45.8,26,0,0.0,0.0,4 - Clean
6324,77,3770.33,48.97,29,0,0.0,0.0,4 - Clean
6325,95,4473.47,47.09,29,0,0.0,0.0,4 - Clean
6326,59,4176.52,70.79,23,13,752.77,22.034,1 - Critical
6327,73,4217.07,57.77,25,0,0.0,0.0,4 - Clean
6328,84,4919.73,58.57,24,0,0.0,0.0,4 - Clean
6329,94,4246.94,45.18,27,0,0.0,0.0,4 - Clean
6330,68,3451.86,50.76,27,0,0.0,0.0,4 - Clean
6331,59,3636.89,61.64,24,1,628.95,1.695,3 - Watch
6332,88,4796.57,54.51,26,0,0.0,0.0,4 - Clean
6333,120,6970.66,58.09,38,0,0.0,0.0,4 - Clean
6334,84,5368.28,63.91,28,1,272.95,1.19,3 - Watch
6335,121,6128.37,50.65,32,0,0.0,0.0,4 - Clean
6336,79,4308.95,54.54,36,1,549.5,1.266,3 - Watch
6337,65,3347.78,51.5,25,0,0.0,0.0,4 - Clean
6338,85,3864.52,45.46,32,1,293.45,1.176,3 - Watch
6339,65,3718.13,57.2,21,0,0.0,0.0,4 - Clean
6340,71,4239.58,59.71,21,0,0.0,0.0,4 - Clean
6341,88,4710.36,53.53,36,0,0.0,0.0,4 - Clean
6342,104,6917.26,66.51,37,0,0.0,0.0,4 - Clean
6343,101,5339.74,52.87,33,0,0.0,0.0,4 - Clean
6344,68,3314.66,48.74,31,0,0.0,0.0,4 - Clean
6345,83,5285.5,63.68,26,0,0.0,0.0,4 - Clean
6346,84,5041.81,60.02,29,0,0.0,0.0,4 - Clean
6347,65,4358.68,67.06,26,1,226.56,1.538,3 - Watch
6348,77,3863.74,50.18,26,0,0.0,0.0,4 - Clean
6349,117,6906.75,59.03,30,0,0.0,0.0,4 - Clean
6350,73,3957.08,54.21,30,0,0.0,0.0,4 - Clean
6351,90,5249.03,58.32,25,0,0.0,0.0,4 - Clean
6352,72,4235.44,58.83,24,0,0.0,0.0,4 - Clean
6353,95,4326.43,45.54,29,25,1048.49,26.316,1 - Critical
6354,84,4564.06,54.33,29,0,0.0,0.0,4 - Clean
6355,90,5427.32,60.3,25,0,0.0,0.0,4 - Clean
6356,65,2583.27,39.74,25,0,0.0,0.0,4 - Clean
6357,83,3357.56,40.45,30,0,0.0,0.0,4 - Clean
6358,83,4790.74,57.72,28,0,0.0,0.0,4 - Clean
6359,105,5175.07,49.29,35,0,0.0,0.0,4 - Clean
6360,77,5248.6,68.16,17,0,0.0,0.0,4 - Clean
6361,52,3292.88,63.32,23,3,699.2,5.769,1 - Critical
6362,85,4521.25,53.19,33,0,0.0,0.0,4 - Clean
6363,93,5607.53,60.3,39,1,355.15,1.075,3 - Watch
6364,77,3897.55,50.62,25,0,0.0,0.0,4 - Clean
6365,109,8240.24,75.6,36,1,727.5,0.917,3 - Watch
6366,96,5054.45,52.65,30,0,0.0,0.0,4 - Clean
6367,73,4293.8,58.82,25,0,0.0,0.0,4 - Clean
6368,96,5684.3,59.21,34,1,235.8,1.042,3 - Watch
6369,84,4925.13,58.63,31,0,0.0,0.0,4 - Clean
6370,103,6859.14,66.59,36,0,0.0,0.0,4 - Clean
6371,66,3616.76,54.8,25,0,0.0,0.0,4 - Clean
6372,70,2872.35,41.03,28,0,0.0,0.0,4 - Clean
6373,95,5032.07,52.97,30,0,0.0,0.0,4 - Clean
6374,83,5851.07,70.49,30,1,102.95,1.205,3 - Watch
6375,80,4139.74,51.75,30,0,0.0,0.0,4 - Clean
6376,81,4563.99,56.35,29,1,430.5,1.235,3 - Watch
6377,90,5407.03,60.08,30,29,1858.67,32.222,1 - Critical
6378,98,6235.28,63.63,24,0,0.0,0.0,4 - Clean
6379,53,2528.93,47.72,23,0,0.0,0.0,4 - Clean
6380,111,6028.99,54.32,33,0,0.0,0.0,4 - Clean
6381,62,2712.92,43.76,27,0,0.0,0.0,4 - Clean
6382,80,3814.13,47.68,30,0,0.0,0.0,4 - Clean
6383,96,3723.2,38.78,33,0,0.0,0.0,4 - Clean
6384,41,2408.31,58.74,14,0,0.0,0.0,4 - Clean
6385,93,6232.96,67.02,28,1,168.55,1.075,3 - Watch
6386,113,6605.1,58.45,43,1,947.4,0.885,3 - Watch
6387,80,5233.54,65.42,29,0,0.0,0.0,4 - Clean
6388,80,4265.41,53.32,21,0,0.0,0.0,4 - Clean
6389,75,4343.52,57.91,28,0,0.0,0.0,4 - Clean
6390,71,4285.29,60.36,23,0,0.0,0.0,4 - Clean
6391,59,3566.1,60.44,22,0,0.0,0.0,4 - Clean
6392,78,4042.33,51.82,24,2,412.1,2.564,2 - High
6393,67,3368.94,50.28,22,0,0.0,0.0,4 - Clean
6394,91,4993.27,54.87,25,0,0.0,0.0,4 - Clean
6395,76,3959.56,52.1,28,0,0.0,0.0,4 - Clean
6396,95,5407.9,56.93,34,1,208.35,1.053,3 - Watch
6397,71,3650.37,51.41,28,0,0.0,0.0,4 - Clean
6398,78,3413.37,43.76,25,0,0.0,0.0,4 - Clean
6399,86,4172.93,48.52,32,0,0.0,0.0,4 - Clean
6400,83,3843.77,46.31,31,0,0.0,0.0,4 - Clean
6401,90,5600.82,62.23,30,2,567.6,2.222,2 - High
6402,77,3909.58,50.77,28,0,0.0,0.0,4 - Clean
6403,88,4842.93,55.03,34,0,0.0,0.0,4 - Clean
6404,78,3966.74,50.86,19,0,0.0,0.0,4 - Clean
6405,81,4162.57,51.39,42,0,0.0,0.0,4 - Clean
6406,81,5097.82,62.94,33,0,0.0,0.0,4 - Clean
6407,90,5369.24,59.66,30,0,0.0,0.0,4 - Clean
6408,86,4821.83,56.07,30,0,0.0,0.0,4 - Clean
6409,71,3667.88,51.66,22,0,0.0,0.0,4 - Clean
6410,61,2771.39,45.43,21,0,0.0,0.0,4 - Clean
6411,60,2990.17,49.84,21,0,0.0,0.0,4 - Clean
6412,108,5939.21,54.99,32,0,0.0,0.0,4 - Clean
6413,70,2999.32,42.85,26,0,0.0,0.0,4 - Clean
6414,98,5860.34,59.8,33,0,0.0,0.0,4 - Clean
6415,88,5043.93,57.32,27,0,0.0,0.0,4 - Clean
6416,103,4785.68,46.46,30,1,29.8,0.971,3 - Watch
6417,80,4835.89,60.45,24,0,0.0,0.0,4 - Clean
6418,109,6649.38,61.0,32,0,0.0,0.0,4 - Clean
6419,85,5310.79,62.48,34,0,0.0,0.0,4 - Clean
6420,71,3383.02,47.65,30,0,0.0,0.0,4 - Clean
6421,85,4784.16,56.28,31,0,0.0,0.0,4 - Clean
6422,118,5197.77,44.05,43,0,0.0,0.0,4 - Clean
6423,84,4537.36,54.02,29,0,0.0,0.0,4 - Clean
6424,71,3061.92,43.13,29,0,0.0,0.0,4 - Clean
6425,115,7248.78,63.03,31,0,0.0,0.0,4 - Clean
6426,80,4176.51,52.21,29,0,0.0,0.0,4 - Clean
6427,85,3409.55,40.11,28,1,276.85,1.176,3 - Watch
6428,76,3930.4,51.72,28,0,0.0,0.0,4 - Clean
6429,103,6780.85,65.83,38,0,0.0,0.0,4 - Clean
6430,68,4523.45,66.52,21,0,0.0,0.0,4 - Clean
6431,70,4422.86,63.18,15,0,0.0,0.0,4 - Clean
6432,113,5992.05,53.03,28,1,212.25,0.885,3 - Watch
6433,94,5226.69,55.6,32,1,308.85,1.064,3 - Watch
6434,86,4643.93,54.0,28,0,0.0,0.0,4 - Clean
6435,61,4021.9,65.93,23,0,0.0,0.0,4 - Clean
6436,106,5566.98,52.52,35,0,0.0,0.0,4 - Clean
6437,110,5120.7,46.55,38,0,0.0,0.0,4 - Clean
6438,44,2631.17,59.8,17,0,0.0,0.0,4 - Clean
6439,91,6376.01,70.07,30,0,0.0,0.0,4 - Clean
6440,71,4309.59,60.7,23,0,0.0,0.0,4 - Clean
6441,60,2757.73,45.96,25,0,0.0,0.0,4 - Clean
6442,68,3771.13,55.46,27,1,139.9,1.471,3 - Watch
6443,80,3371.05,42.14,29,0,0.0,0.0,4 - Clean
6444,87,5663.33,65.1,34,0,0.0,0.0,4 - Clean
6445,73,3780.25,51.78,25,0,0.0,0.0,4 - Clean
6446,90,4513.89,50.15,32,0,0.0,0.0,4 - Clean
6447,86,4738.19,55.1,31,0,0.0,0.0,4 - Clean
6448,111,5576.04,50.23,32,0,0.0,0.0,4 - Clean
6449,88,4459.17,50.67,28,0,0.0,0.0,4 - Clean
6450,112,5604.42,50.04,23,0,0.0,0.0,4 - Clean
6451,110,5862.14,53.29,32,0,0.0,0.0,4 - Clean
6452,98,4671.02,47.66,33,0,0.0,0.0,4 - Clean
6453,116,6085.48,52.46,37,1,232.48,0.862,3 - Watch
6454,89,5937.39,66.71,30,0,0.0,0.0,4 - Clean
6455,99,6584.05,66.51,33,1,702.9,1.01,3 - Watch
6456,96,3870.14,40.31,31,0,0.0,0.0,4 - Clean
6457,140,8175.31,58.4,36,0,0.0,0.0,4 - Clean
6458,94,4144.25,44.09,33,1,100.85,1.064,3 - Watch
6459,78,3904.39,50.06,33,0,0.0,0.0,4 - Clean
6460,79,3989.4,50.5,31,0,0.0,0.0,4 - Clean
6461,57,2666.75,46.79,23,0,0.0,0.0,4 - Clean
6462,100,7179.83,71.8,44,2,619.95,2.0,2 - High
6463,72,4450.05,61.81,27,1,138.55,1.389,3 - Watch
6464,90,4417.68,49.09,33,0,0.0,0.0,4 - Clean
6465,78,3093.41,39.66,31,0,0.0,0.0,4 - Clean
6466,71,4432.45,62.43,27,0,0.0,0.0,4 - Clean
6467,80,5730.6,71.63,28,1,315.1,1.25,3 - Watch
6468,84,3501.97,41.69,28,0,0.0,0.0,4 - Clean
6469,84,4845.6,57.69,26,0,0.0,0.0,4 - Clean
6470,140,6067.57,43.34,44,0,0.0,0.0,4 - Clean
6471,113,6410.34,56.73,30,1,117.35,0.885,3 - Watch
6472,79,3614.59,45.75,28,0,0.0,0.0,4 - Clean
6473,110,6308.49,57.35,33,1,45.9,0.909,3 - Watch
6474,75,4293.39,57.25,25,0,0.0,0.0,4 - Clean
6475,106,5008.66,47.25,32,1,175.35,0.943,3 - Watch
6476,66,4452.19,67.46,28,1,341.3,1.515,3 - Watch
6477,107,4481.2,41.88,32,0,0.0,0.0,4 - Clean
6478,104,4478.97,43.07,38,0,0.0,0.0,4 - Clean
6479,87,3395.91,39.03,37,0,0.0,0.0,4 - Clean
6480,73,4827.69,66.13,32,1,57.3,1.37,3 - Watch
6481,86,4930.4,57.33,30,0,0.0,0.0,4 - Clean
6482,128,6497.52,50.76,34,0,0.0,0.0,4 - Clean
6483,82,4194.15,51.15,28,0,0.0,0.0,4 - Clean
6484,96,4547.39,47.37,32,0,0.0,0.0,4 - Clean
6485,70,3854.47,55.06,25,0,0.0,0.0,4 - Clean
6486,57,3144.65,55.17,20,0,0.0,0.0,4 - Clean
6487,98,5003.69,51.06,28,0,0.0,0.0,4 - Clean
6488,153,8730.68,57.06,39,1,27.0,0.654,3 - Watch
6489,109,6161.79,56.53,37,0,0.0,0.0,4 - Clean
6490,115,5925.18,51.52,34,0,0.0,0.0,4 - Clean
6491,101,5049.98,50.0,31,0,0.0,0.0,4 - Clean
6492,100,5996.75,59.97,32,0,0.0,0.0,4 - Clean
6493,92,4804.91,52.23,32,0,0.0,0.0,4 - Clean
6494,71,4166.48,58.68,24,0,0.0,0.0,4 - Clean
6495,114,5255.42,46.1,40,0,0.0,0.0,4 - Clean
6496,68,4292.24,63.12,23,0,0.0,0.0,4 - Clean
6497,90,4599.11,51.1,18,0,0.0,0.0,4 - Clean
6498,98,5804.93,59.23,29,1,239.9,1.02,3 - Watch
6499,101,5558.43,55.03,28,0,0.0,0.0,4 - Clean
6500,81,4387.1,54.16,33,0,0.0,0.0,4 - Clean
6501,90,5847.19,64.97,26,0,0.0,0.0,4 - Clean
6502,80,5345.17,66.81,24,2,487.34,2.5,2 - High
6503,71,4459.96,62.82,26,0,0.0,0.0,4 - Clean
6504,106,6717.54,63.37,31,2,366.65,1.887,3 - Watch
6505,73,4646.65,63.65,22,0,0.0,0.0,4 - Clean
6506,80,4712.75,58.91,23,0,0.0,0.0,4 - Clean
6507,63,4198.85,66.65,23,0,0.0,0.0,4 - Clean
6508,92,5083.93,55.26,26,0,0.0,0.0,4 - Clean
6509,41,2643.96,64.49,18,0,0.0,0.0,4 - Clean
6510,75,3874.75,51.66,29,1,206.95,1.333,3 - Watch
6511,111,5865.2,52.84,37,0,0.0,0.0,4 - Clean
6512,93,5294.08,56.93,32,0,0.0,0.0,4 - Clean
6513,73,3938.56,53.95,26,1,68.8,1.37,3 - Watch
6514,95,4371.82,46.02,29,0,0.0,0.0,4 - Clean
6515,86,4314.53,50.17,28,0,0.0,0.0,4 - Clean
6516,83,4595.44,55.37,30,0,0.0,0.0,4 - Clean
6517,62,3585.63,57.83,22,0,0.0,0.0,4 - Clean
6518,88,5285.91,60.07,32,1,616.8,1.136,3 - Watch
6519,55,3831.31,69.66,21,1,102.7,1.818,3 - Watch
6520,82,3892.84,47.47,24,0,0.0,0.0,4 - Clean
6521,74,3881.52,52.45,24,0,0.0,0.0,4 - Clean
6522,104,4894.02,47.06,33,0,0.0,0.0,4 - Clean
6523,83,4888.72,58.9,27,1,179.6,1.205,3 - Watch
6524,93,4246.33,45.66,35,0,0.0,0.0,4 - Clean
6525,84,5075.04,60.42,30,0,0.0,0.0,4 - Clean
6526,110,7267.84,66.07,44,0,0.0,0.0,4 - Clean
6527,103,6226.48,60.45,33,0,0.0,0.0,4 - Clean
6528,131,5343.4,40.79,38,0,0.0,0.0,4 - Clean
6529,107,4816.49,45.01,27,0,0.0,0.0,4 - Clean
6530,33,2153.63,65.26,15,0,0.0,0.0,4 - Clean
6531,66,3293.15,49.9,17,0,0.0,0.0,4 - Clean
6532,70,3487.68,49.82,27,0,0.0,0.0,4 - Clean
6533,111,4587.56,41.33,35,0,0.0,0.0,4 - Clean
6534,92,4636.51,50.4,32,1,487.05,1.087,3 - Watch
6535,71,3668.02,51.66,27,0,0.0,0.0,4 - Clean
6536,88,4856.01,55.18,26,0,0.0,0.0,4 - Clean
6537,104,5699.66,54.8,35,0,0.0,0.0,4 - Clean
6538,114,6166.04,54.09,37,0,0.0,0.0,4 - Clean
6539,103,5013.79,48.68,35,0,0.0,0.0,4 - Clean
6540,73,3915.31,53.63,21,0,0.0,0.0,4 - Clean
6541,73,3964.23,54.3,30,0,0.0,0.0,4 - Clean
6542,74,3998.19,54.03,27,0,0.0,0.0,4 - Clean
6543,89,4060.8,45.63,32,0,0.0,0.0,4 - Clean
6544,147,7636.57,51.95,39,0,0.0,0.0,4 - Clean
6545,77,3925.63,50.98,25,0,0.0,0.0,4 - Clean
6546,85,4950.88,58.25,35,1,554.55,1.176,3 - Watch
6547,83,5435.46,65.49,27,2,761.55,2.41,2 - High
6548,78,3150.14,40.39,20,0,0.0,0.0,4 - Clean
6549,105,6935.22,66.05,34,0,0.0,0.0,4 - Clean
6550,59,3041.48,51.55,25,0,0.0,0.0,4 - Clean
6551,73,3987.52,54.62,28,0,0.0,0.0,4 - Clean
6552,123,6481.66,52.7,36,1,236.15,0.813,3 - Watch
6553,104,5834.6,56.1,34,32,1913.62,30.769,1 - Critical
6554,81,3937.55,48.61,36,0,0.0,0.0,4 - Clean
6555,98,4607.85,47.02,31,32,1415.6,32.653,1 - Critical
6556,56,3318.49,59.26,24,0,0.0,0.0,4 - Clean
6557,78,4194.49,53.78,33,0,0.0,0.0,4 - Clean
6558,81,5050.63,62.35,34,0,0.0,0.0,4 - Clean
6559,54,2957.44,54.77,23,0,0.0,0.0,4 - Clean
6560,100,5810.95,58.11,35,0,0.0,0.0,4 - Clean
6561,63,3307.78,52.5,25,0,0.0,0.0,4 - Clean
6562,72,4553.49,63.24,31,1,122.45,1.389,3 - Watch
6563,73,5529.18,75.74,28,3,1231.56,4.11,2 - High
6564,78,3699.27,47.43,29,0,0.0,0.0,4 - Clean
6565,59,3184.66,53.98,22,0,0.0,0.0,4 - Clean
6566,114,5836.2,51.19,40,2,183.7,1.754,3 - Watch
6567,44,1433.59,32.58,21,0,0.0,0.0,4 - Clean
6568,73,3716.03,50.9,24,0,0.0,0.0,4 - Clean
6569,73,4827.05,66.12,28,1,423.5,1.37,3 - Watch
6570,79,3966.35,50.21,31,0,0.0,0.0,4 - Clean
6571,92,5816.52,63.22,36,1,693.0,1.087,3 - Watch
6572,105,7713.38,73.46,25,1,696.95,0.952,3 - Watch
6573,88,4001.83,45.48,28,0,0.0,0.0,4 - Clean
6574,96,4746.48,49.44,32,0,0.0,0.0,4 - Clean
6575,90,3813.8,42.38,30,0,0.0,0.0,4 - Clean
6576,74,4241.14,57.31,23,1,75.05,1.351,3 - Watch
6577,89,3825.04,42.98,32,0,0.0,0.0,4 - Clean
6578,86,4421.07,51.41,29,0,0.0,0.0,4 - Clean
6579,99,4778.29,48.27,36,2,262.8,2.02,2 - High
6580,129,7438.22,57.66,33,0,0.0,0.0,4 - Clean
6581,66,3146.77,47.68,27,0,0.0,0.0,4 - Clean
6582,78,3930.84,50.4,27,0,0.0,0.0,4 - Clean
6583,58,2003.52,34.54,22,0,0.0,0.0,4 - Clean
6584,85,4509.38,53.05,34,0,0.0,0.0,4 - Clean
6585,96,4774.69,49.74,34,0,0.0,0.0,4 - Clean
6586,43,1866.2,43.4,18,0,0.0,0.0,4 - Clean
6587,102,5446.1,53.39,35,0,0.0,0.0,4 - Clean
6588,90,4341.24,48.24,29,0,0.0,0.0,4 - Clean
6589,103,5083.19,49.35,34,0,0.0,0.0,4 - Clean
6590,115,6743.61,58.64,33,1,258.5,0.87,3 - Watch
6591,82,4776.1,58.25,26,0,0.0,0.0,4 - Clean
6592,105,4166.21,39.68,32,0,0.0,0.0,4 - Clean
6593,78,3828.98,49.09,15,0,0.0,0.0,4 - Clean
6594,85,3856.28,45.37,32,1,319.35,1.176,3 - Watch
6595,62,3153.86,50.87,23,0,0.0,0.0,4 - Clean
6596,107,4547.23,42.5,36,0,0.0,0.0,4 - Clean
6597,104,5606.67,53.91,35,0,0.0,0.0,4 - Clean
6598,82,4714.32,57.49,31,0,0.0,0.0,4 - Clean
6599,99,5024.97,50.76,34,0,0.0,0.0,4 - Clean
6600,79,3488.33,44.16,31,0,0.0,0.0,4 - Clean
6601,93,5355.53,57.59,37,0,0.0,0.0,4 - Clean
6602,117,5643.1,48.23,38,0,0.0,0.0,4 - Clean
6603,87,5025.48,57.76,31,1,229.59,1.149,3 - Watch
6604,79,3488.82,44.16,29,0,0.0,0.0,4 - Clean
6605,116,5901.94,50.88,37,0,0.0,0.0,4 - Clean
6606,85,4239.03,49.87,30,0,0.0,0.0,4 - Clean
6607,82,5042.54,61.49,29,0,0.0,0.0,4 - Clean
6608,108,6285.72,58.2,30,0,0.0,0.0,4 - Clean
6609,112,5484.06,48.96,29,0,0.0,0.0,4 - Clean
6610,78,3879.38,49.74,28,1,242.35,1.282,3 - Watch
6611,94,5430.04,57.77,34,0,0.0,0.0,4 - Clean
6612,71,3947.63,55.6,25,0,0.0,0.0,4 - Clean
6613,79,5203.73,65.87,28,0,0.0,0.0,4 - Clean
6614,100,5355.51,53.56,34,0,0.0,0.0,4 - Clean
6615,66,2792.5,42.31,26,0,0.0,0.0,4 - Clean
6616,77,3043.94,39.53,32,0,0.0,0.0,4 - Clean
6617,95,4739.6,49.89,29,0,0.0,0.0,4 - Clean
6618,78,4197.31,53.81,28,0,0.0,0.0,4 - Clean
6619,114,5023.44,44.07,34,0,0.0,0.0,4 - Clean
6620,65,3700.33,56.93,23,0,0.0,0.0,4 - Clean
6621,80,4228.74,52.86,30,0,0.0,0.0,4 - Clean
6622,148,6616.01,44.7,40,0,0.0,0.0,4 - Clean
6623,69,3185.19,46.16,28,0,0.0,0.0,4 - Clean
6624,78,3813.59,48.89,30,0,0.0,0.0,4 - Clean
6625,69,3002.02,43.51,25,0,0.0,0.0,4 - Clean
6626,73,4246.34,58.17,26,0,0.0,0.0,4 - Clean
6627,108,6241.46,57.79,28,0,0.0,0.0,4 - Clean
6628,81,4652.42,57.44,30,0,0.0,0.0,4 - Clean
6629,88,4805.08,54.6,32,0,0.0,0.0,4 - Clean
6630,73,3878.94,53.14,31,0,0.0,0.0,4 - Clean
6631,75,3166.47,42.22,29,0,0.0,0.0,4 - Clean
6632,68,2632.3,38.71,24,0,0.0,0.0,4 - Clean
6633,96,5546.33,57.77,34,0,0.0,0.0,4 - Clean
6634,57,3116.66,54.68,19,1,274.8,1.754,3 - Watch
6635,79,3148.31,39.85,29,0,0.0,0.0,4 - Clean
6636,86,4153.23,48.29,29,1,90.65,1.163,3 - Watch
6637,111,6570.68,59.2,33,1,571.05,0.901,3 - Watch
6638,86,4135.62,48.09,29,0,0.0,0.0,4 - Clean
6639,83,4547.05,54.78,36,1,350.6,1.205,3 - Watch
6640,73,4174.19,57.18,28,0,0.0,0.0,4 - Clean
6641,107,6631.19,61.97,38,0,0.0,0.0,4 - Clean
6642,82,5090.92,62.08,24,1,420.95,1.22,3 - Watch
6643,53,2285.13,43.12,21,0,0.0,0.0,4 - Clean
6644,75,5393.29,71.91,23,0,0.0,0.0,4 - Clean
6645,91,5341.68,58.7,35,1,466.3,1.099,3 - Watch
6646,90,4016.55,44.63,27,0,0.0,0.0,4 - Clean
6647,77,3837.77,49.84,30,0,0.0,0.0,4 - Clean
6648,93,4901.25,52.7,30,0,0.0,0.0,4 - Clean
6649,72,4370.28,60.7,24,0,0.0,0.0,4 - Clean
6650,136,6442.5,47.37,46,1,147.15,0.735,3 - Watch
6651,77,5021.73,65.22,24,0,0.0,0.0,4 - Clean
6652,96,5061.54,52.72,31,0,0.0,0.0,4 - Clean
6653,92,5719.63,62.17,35,0,0.0,0.0,4 - Clean
6654,64,3567.88,55.75,23,0,0.0,0.0,4 - Clean
6655,82,4971.06,60.62,17,0,0.0,0.0,4 - Clean
6656,113,6608.49,58.48,34,31,1821.6,27.434,1 - Critical
6657,106,5237.32,49.41,33,1,316.85,0.943,3 - Watch
6658,78,3838.41,49.21,31,0,0.0,0.0,4 - Clean
6659,132,6268.46,47.49,36,0,0.0,0.0,4 - Clean
6660,68,3721.98,54.74,23,2,454.2,2.941,2 - High
6661,120,6214.07,51.78,31,0,0.0,0.0,4 - Clean
6662,71,4440.47,62.54,28,1,268.0,1.408,3 - Watch
6663,81,4644.35,57.34,27,0,0.0,0.0,4 - Clean
6664,74,4178.88,56.47,32,0,0.0,0.0,4 - Clean
6665,95,5072.63,53.4,32,0,0.0,0.0,4 - Clean
6666,97,6117.97,63.07,33,0,0.0,0.0,4 - Clean
6667,91,5107.16,56.12,31,0,0.0,0.0,4 - Clean
6668,98,4951.39,50.52,38,1,176.15,1.02,3 - Watch
6669,93,6450.2,69.36,36,1,179.2,1.075,3 - Watch
6670,64,3224.32,50.38,28,0,0.0,0.0,4 - Clean
6671,74,3631.03,49.07,26,0,0.0,0.0,4 - Clean
6672,121,7401.7,61.17,37,1,224.52,0.826,3 - Watch
6673,67,2588.47,38.63,24,0,0.0,0.0,4 - Clean
6674,57,2728.4,47.87,25,0,0.0,0.0,4 - Clean
6675,71,3527.43,49.68,30,0,0.0,0.0,4 - Clean
6676,68,3515.31,51.7,31,0,0.0,0.0,4 - Clean
6677,65,3070.21,47.23,22,0,0.0,0.0,4 - Clean
6678,110,4389.43,39.9,35,3,440.3,2.727,2 - High
6679,83,4429.03,53.36,30,0,0.0,0.0,4 - Clean
6680,78,4758.0,61.0,27,1,289.61,1.282,3 - Watch
6681,94,5163.15,54.93,34,0,0.0,0.0,4 - Clean
6682,95,5426.52,57.12,31,0,0.0,0.0,4 - Clean
6683,127,7450.92,58.67,40,1,213.0,0.787,3 - Watch
6684,81,4380.47,54.08,24,1,291.45,1.235,3 - Watch
6685,72,4277.96,59.42,23,0,0.0,0.0,4 - Clean
6686,87,4536.54,52.14,33,0,0.0,0.0,4 - Clean
6687,84,4563.82,54.33,28,0,0.0,0.0,4 - Clean
6688,75,4409.77,58.8,27,0,0.0,0.0,4 - Clean
6689,92,5354.91,58.21,32,0,0.0,0.0,4 - Clean
6690,99,4670.12,47.17,31,0,0.0,0.0,4 - Clean
6691,100,6225.99,62.26,35,2,514.75,2.0,2 - High
6692,120,6044.25,50.37,33,4,499.65,3.333,2 - High
6693,85,4419.07,51.99,34,0,0.0,0.0,4 - Clean
6694,75,3700.79,49.34,27,0,0.0,0.0,4 - Clean
6695,105,6091.58,58.02,37,0,0.0,0.0,4 - Clean
6696,120,6426.51,53.55,43,0,0.0,0.0,4 - Clean
6697,99,4887.98,49.37,27,0,0.0,0.0,4 - Clean
6698,72,4624.24,64.23,30,1,222.11,1.389,3 - Watch
6699,98,3988.36,40.7,27,0,0.0,0.0,4 - Clean
6700,93,5450.25,58.6,35,0,0.0,0.0,4 - Clean
6701,71,3408.53,48.01,25,0,0.0,0.0,4 - Clean
6702,112,5015.45,44.78,31,0,0.0,0.0,4 - Clean
6703,120,6176.2,51.47,37,1,297.8,0.833,3 - Watch
6704,71,4323.07,60.89,27,0,0.0,0.0,4 - Clean
6705,116,7619.27,65.68,33,0,0.0,0.0,4 - Clean
6706,99,4934.71,49.85,31,1,458.8,1.01,3 - Watch
6707,123,5470.12,44.47,41,0,0.0,0.0,4 - Clean
6708,55,4220.49,76.74,30,0,0.0,0.0,4 - Clean
6709,75,4599.9,61.33,30,0,0.0,0.0,4 - Clean
6710,158,6702.02,42.42,41,0,0.0,0.0,4 - Clean
6711,75,4499.92,60.0,30,0,0.0,0.0,4 - Clean
6712,76,5035.37,66.25,23,0,0.0,0.0,4 - Clean
6713,84,4629.5,55.11,27,0,0.0,0.0,4 - Clean
6714,73,4945.3,67.74,23,0,0.0,0.0,4 - Clean
6715,97,5510.83,56.81,28,0,0.0,0.0,4 - Clean
6716,51,3229.65,63.33,21,0,0.0,0.0,4 - Clean
6717,58,2582.81,44.53,25,0,0.0,0.0,4 - Clean
6718,56,3682.04,65.75,15,1,619.6,1.786,3 - Watch
6719,86,4252.02,49.44,32,0,0.0,0.0,4 - Clean
6720,69,4150.58,60.15,30,0,0.0,0.0,4 - Clean
6721,118,4479.63,37.96,34,0,0.0,0.0,4 - Clean
6722,91,5096.15,56.0,29,0,0.0,0.0,4 - Clean
6723,93,4315.4,46.4,34,0,0.0,0.0,4 - Clean
6724,78,3116.88,39.96,25,0,0.0,0.0,4 - Clean
6725,44,1871.4,42.53,20,0,0.0,0.0,4 - Clean
6726,73,4835.57,66.24,24,0,0.0,0.0,4 - Clean
6727,88,4509.98,51.25,28,0,0.0,0.0,4 - Clean
6728,89,3839.56,43.14,27,0,0.0,0.0,4 - Clean
6729,109,5353.97,49.12,30,0,0.0,0.0,4 - Clean
6730,83,4594.04,55.35,25,0,0.0,0.0,4 - Clean
6731,96,4052.11,42.21,30,0,0.0,0.0,4 - Clean
6732,116,6167.83,53.17,45,1,254.73,0.862,3 - Watch
6733,86,4241.69,49.32,31,0,0.0,0.0,4 - Clean
6734,52,2516.07,48.39,19,0,0.0,0.0,4 - Clean
6735,97,5259.41,54.22,30,2,149.5,2.062,2 - High
6736,98,4576.61,46.7,35,0,0.0,0.0,4 - Clean
6737,76,4604.09,60.58,35,0,0.0,0.0,4 - Clean
6738,63,3076.4,48.83,26,0,0.0,0.0,4 - Clean
6739,107,5810.47,54.3,32,0,0.0,0.0,4 - Clean
6740,94,5459.79,58.08,34,0,0.0,0.0,4 - Clean
6741,104,5380.84,51.74,37,0,0.0,0.0,4 - Clean
6742,62,3973.18,64.08,21,2,494.85,3.226,2 - High
6743,71,3799.78,53.52,26,0,0.0,0.0,4 - Clean
6744,91,4895.25,53.79,32,0,0.0,0.0,4 - Clean
6745,130,7166.34,55.13,36,0,0.0,0.0,4 - Clean
6746,104,5937.52,57.09,25,1,70.1,0.962,3 - Watch
6747,56,2828.86,50.52,18,0,0.0,0.0,4 - Clean
6748,70,4198.48,59.98,24,0,0.0,0.0,4 - Clean
6749,74,3401.61,45.97,24,0,0.0,0.0,4 - Clean
6750,95,4601.7,48.44,29,2,528.18,2.105,2 - High
6751,70,3917.09,55.96,27,1,57.95,1.429,3 - Watch
6752,122,5857.93,48.02,31,0,0.0,0.0,4 - Clean
6753,98,4115.2,41.99,37,0,0.0,0.0,4 - Clean
6754,86,4966.84,57.75,29,0,0.0,0.0,4 - Clean
6755,81,4134.8,51.05,28,0,0.0,0.0,4 - Clean
6756,123,5763.42,46.86,40,0,0.0,0.0,4 - Clean
6757,123,6102.13,49.61,38,1,413.1,0.813,3 - Watch
6758,94,3895.92,41.45,28,0,0.0,0.0,4 - Clean
6759,88,3803.28,43.22,32,0,0.0,0.0,4 - Clean
6760,94,5484.68,58.35,33,0,0.0,0.0,4 - Clean
6761,79,4015.24,50.83,24,0,0.0,0.0,4 - Clean
6762,64,3124.94,48.83,26,0,0.0,0.0,4 - Clean
6763,69,3977.39,57.64,25,0,0.0,0.0,4 - Clean
6764,84,3965.1,47.2,31,0,0.0,0.0,4 - Clean
6765,115,6325.4,55.0,36,0,0.0,0.0,4 - Clean
6766,69,3563.89,51.65,31,0,0.0,0.0,4 - Clean
6767,76,3488.7,45.9,31,0,0.0,0.0,4 - Clean
6768,58,3515.04,60.6,19,0,0.0,0.0,4 - Clean
6769,125,5314.47,42.52,41,0,0.0,0.0,4 - Clean
6770,98,4937.88,50.39,29,0,0.0,0.0,4 - Clean
6771,64,3396.87,53.08,26,0,0.0,0.0,4 - Clean
6772,72,3942.89,54.76,25,0,0.0,0.0,4 - Clean
6773,79,4471.32,56.6,28,0,0.0,0.0,4 - Clean
6774,119,5171.41,43.46,37,0,0.0,0.0,4 - Clean
6775,65,3663.45,56.36,21,1,245.39,1.538,3 - Watch
6776,73,3854.16,52.8,20,0,0.0,0.0,4 - Clean
6777,79,4057.18,51.36,28,0,0.0,0.0,4 - Clean
6778,83,4154.95,50.06,29,1,233.25,1.205,3 - Watch
6779,120,6284.8,52.37,33,1,239.5,0.833,3 - Watch
6780,103,6634.94,64.42,26,0,0.0,0.0,4 - Clean
6781,102,5833.54,57.19,33,0,0.0,0.0,4 - Clean
6782,92,6460.91,70.23,30,0,0.0,0.0,4 - Clean
6783,121,5857.77,48.41,37,0,0.0,0.0,4 - Clean
6784,86,5681.26,66.06,30,1,506.7,1.163,3 - Watch
6785,116,5158.75,44.47,40,1,87.8,0.862,3 - Watch
6786,102,6907.93,67.72,29,0,0.0,0.0,4 - Clean
6787,74,4766.64,64.41,26,2,518.65,2.703,2 - High
6788,104,4329.12,41.63,33,0,0.0,0.0,4 - Clean
6789,111,5422.82,48.85,36,0,0.0,0.0,4 - Clean
6790,87,5292.36,60.83,31,0,0.0,0.0,4 - Clean
6791,105,5739.26,54.66,33,1,116.25,0.952,3 - Watch
6792,123,6678.67,54.3,37,0,0.0,0.0,4 - Clean
6793,104,4996.45,48.04,35,0,0.0,0.0,4 - Clean
6794,81,3762.31,46.45,23,0,0.0,0.0,4 - Clean
6795,82,4319.36,52.68,27,0,0.0,0.0,4 - Clean
6796,81,4151.31,51.25,31,1,349.7,1.235,3 - Watch
6797,61,3595.06,58.94,25,0,0.0,0.0,4 - Clean
6798,97,4835.97,49.86,27,0,0.0,0.0,4 - Clean
6799,94,5592.22,59.49,30,1,153.7,1.064,3 - Watch
6800,86,4127.93,48.0,30,0,0.0,0.0,4 - Clean
6801,96,5101.17,53.14,32,0,0.0,0.0,4 - Clean
6802,97,6004.98,61.91,26,0,0.0,0.0,4 - Clean
6803,82,3245.45,39.58,19,22,845.48,26.829,1 - Critical
6804,74,4217.82,57.0,25,0,0.0,0.0,4 - Clean
6805,74,5300.15,71.62,28,0,0.0,0.0,4 - Clean
6806,127,7364.24,57.99,43,1,259.25,0.787,3 - Watch
6807,108,5669.27,52.49,35,0,0.0,0.0,4 - Clean
6808,63,3304.16,52.45,26,0,0.0,0.0,4 - Clean
6809,109,4691.84,43.04,38,1,414.65,0.917,3 - Watch
6810,106,4803.42,45.32,34,0,0.0,0.0,4 - Clean
6811,75,3724.39,49.66,23,0,0.0,0.0,4 - Clean
6812,122,5785.58,47.42,33,1,253.25,0.82,3 - Watch
6813,145,9086.05,62.66,37,2,329.2,1.379,3 - Watch
6814,80,3700.23,46.25,31,0,0.0,0.0,4 - Clean
6815,80,3470.54,43.38,29,0,0.0,0.0,4 - Clean
6816,118,7516.46,63.7,40,1,456.55,0.847,3 - Watch
6817,46,2982.5,64.84,22,0,0.0,0.0,4 - Clean
6818,84,4952.54,58.96,30,0,0.0,0.0,4 - Clean
6819,62,3688.68,59.49,20,1,359.0,1.613,3 - Watch
6820,102,4575.48,44.86,36,0,0.0,0.0,4 - Clean
6821,98,5971.81,60.94,29,1,135.0,1.02,3 - Watch
6822,81,3491.59,43.11,26,0,0.0,0.0,4 - Clean
6823,122,5715.23,46.85,40,0,0.0,0.0,4 - Clean
6824,118,5763.99,48.85,31,0,0.0,0.0,4 - Clean
6825,91,4631.42,50.89,30,1,35.6,1.099,3 - Watch
6826,83,4008.82,48.3,29,0,0.0,0.0,4 - Clean
6827,86,3764.18,43.77,25,0,0.0,0.0,4 - Clean
6828,100,5436.81,54.37,31,0,0.0,0.0,4 - Clean
6829,86,4799.92,55.81,27,0,0.0,0.0,4 - Clean
6830,39,2274.36,58.32,12,0,0.0,0.0,4 - Clean
6831,58,3564.5,61.46,15,0,0.0,0.0,4 - Clean
6832,92,4794.66,52.12,32,0,0.0,0.0,4 - Clean
6833,67,3762.9,56.16,29,0,0.0,0.0,4 - Clean
6834,102,4434.25,43.47,33,1,117.4,0.98,3 - Watch
6835,86,4547.76,52.88,28,0,0.0,0.0,4 - Clean
6836,125,5559.81,44.48,34,0,0.0,0.0,4 - Clean
6837,80,3829.88,47.87,24,0,0.0,0.0,4 - Clean
6838,63,2491.64,39.55,25,0,0.0,0.0,4 - Clean
6839,97,5389.18,55.56,37,0,0.0,0.0,4 - Clean
6840,73,3392.26,46.47,31,0,0.0,0.0,4 - Clean
6841,90,4563.53,50.71,31,0,0.0,0.0,4 - Clean
6842,75,4482.39,59.77,27,1,233.89,1.333,3 - Watch
6843,100,4520.86,45.21,27,0,0.0,0.0,4 - Clean
6844,81,4521.42,55.82,28,0,0.0,0.0,4 - Clean
6845,94,4398.75,46.8,33,0,0.0,0.0,4 - Clean
6846,91,6390.51,70.23,25,1,55.1,1.099,3 - Watch
6847,150,8367.89,55.79,50,1,58.95,0.667,3 - Watch
6848,116,5445.42,46.94,36,0,0.0,0.0,4 - Clean
6849,82,4860.86,59.28,26,1,204.65,1.22,3 - Watch
6850,89,4304.62,48.37,33,0,0.0,0.0,4 - Clean
6851,63,3354.42,53.24,27,0,0.0,0.0,4 - Clean
6852,84,3209.56,38.21,28,0,0.0,0.0,4 - Clean
6853,109,5637.21,51.72,31,0,0.0,0.0,4 - Clean
6854,91,4924.87,54.12,29,0,0.0,0.0,4 - Clean
6855,79,4460.68,56.46,36,0,0.0,0.0,4 - Clean
6856,88,3819.01,43.4,26,0,0.0,0.0,4 - Clean
6857,67,3247.46,48.47,25,0,0.0,0.0,4 - Clean
6858,87,5227.91,60.09,32,0,0.0,0.0,4 - Clean
6859,92,5662.54,61.55,27,0,0.0,0.0,4 - Clean
6860,69,3125.5,45.3,26,0,0.0,0.0,4 - Clean
6861,71,4026.79,56.72,28,0,0.0,0.0,4 - Clean
6862,105,5734.46,54.61,32,0,0.0,0.0,4 - Clean
6863,101,5754.86,56.98,34,0,0.0,0.0,4 - Clean
6864,72,4321.08,60.02,24,0,0.0,0.0,4 - Clean
6865,85,4663.93,54.87,27,0,0.0,0.0,4 - Clean
6866,53,2156.41,40.69,18,1,64.7,1.887,3 - Watch
6867,81,4196.82,51.81,30,0,0.0,0.0,4 - Clean
6868,125,5436.51,43.49,40,0,0.0,0.0,4 - Clean
6869,62,4179.19,67.41,25,0,0.0,0.0,4 - Clean
6870,76,4232.07,55.69,21,0,0.0,0.0,4 - Clean
6871,76,4948.62,65.11,25,1,530.55,1.316,3 - Watch
6872,80,4733.21,59.17,26,0,0.0,0.0,4 - Clean
6873,79,5354.57,67.78,28,2,352.1,2.532,2 - High
6874,106,4967.35,46.86,35,0,0.0,0.0,4 - Clean
6875,118,7856.94,66.58,31,0,0.0,0.0,4 - Clean
6876,123,6058.17,49.25,30,0,0.0,0.0,4 - Clean
6877,87,4245.33,48.8,29,0,0.0,0.0,4 - Clean
6878,56,3292.62,58.8,23,0,0.0,0.0,4 - Clean
6879,77,3616.22,46.96,30,0,0.0,0.0,4 - Clean
6880,107,4514.08,42.19,33,0,0.0,0.0,4 - Clean
6881,73,4372.3,59.89,32,0,0.0,0.0,4 - Clean
6882,64,3688.35,57.63,25,0,0.0,0.0,4 - Clean
6883,79,4116.42,52.11,27,0,0.0,0.0,4 - Clean
6884,101,5193.76,51.42,30,0,0.0,0.0,4 - Clean
6885,98,4953.3,50.54,29,1,87.4,1.02,3 - Watch
6886,106,6723.57,63.43,32,0,0.0,0.0,4 - Clean
6887,73,4305.54,58.98,30,0,0.0,0.0,4 - Clean
6888,92,5624.85,61.14,28,1,263.22,1.087,3 - Watch
6889,91,5123.09,56.3,33,1,107.25,1.099,3 - Watch
6890,44,3707.93,84.27,18,1,789.45,2.273,2 - High
6891,99,4665.46,47.13,35,0,0.0,0.0,4 - Clean
6892,92,5224.51,56.79,28,0,0.0,0.0,4 - Clean
6893,76,3457.9,45.5,31,1,59.15,1.316,3 - Watch
6894,126,6960.69,55.24,34,0,0.0,0.0,4 - Clean
6895,66,2919.43,44.23,22,0,0.0,0.0,4 - Clean
6896,115,5424.79,47.17,36,0,0.0,0.0,4 - Clean
6897,113,6028.24,53.35,28,0,0.0,0.0,4 - Clean
6898,97,5033.62,51.89,36,0,0.0,0.0,4 - Clean
6899,52,2911.65,55.99,21,0,0.0,0.0,4 - Clean
6900,91,4890.39,53.74,31,0,0.0,0.0,4 - Clean
6901,76,3961.44,52.12,26,0,0.0,0.0,4 - Clean
6902,60,3165.86,52.76,24,0,0.0,0.0,4 - Clean
6903,101,4851.26,48.03,32,0,0.0,0.0,4 - Clean
6904,78,4004.1,51.33,29,1,94.1,1.282,3 - Watch
6905,111,5856.57,52.76,35,0,0.0,0.0,4 - Clean
6906,68,3753.55,55.2,24,0,0.0,0.0,4 - Clean
6907,80,4209.31,52.62,27,0,0.0,0.0,4 - Clean
6908,80,3246.51,40.58,28,0,0.0,0.0,4 - Clean
6909,56,2474.71,44.19,26,0,0.0,0.0,4 - Clean
6910,96,5314.42,55.36,31,1,380.05,1.042,3 - Watch
6911,164,8171.31,49.83,40,0,0.0,0.0,4 - Clean
6912,131,7279.31,55.57,38,1,231.75,0.763,3 - Watch
6913,100,5552.1,55.52,32,0,0.0,0.0,4 - Clean
6914,72,4098.33,56.92,26,0,0.0,0.0,4 - Clean
6915,53,2480.99,46.81,24,0,0.0,0.0,4 - Clean
6916,105,5027.83,47.88,42,0,0.0,0.0,4 - Clean
6917,136,7535.88,55.41,39,1,340.25,0.735,3 - Watch
6918,94,4455.96,47.4,28,0,0.0,0.0,4 - Clean
6919,87,5222.55,60.03,29,1,323.2,1.149,3 - Watch
6920,61,2930.1,48.03,27,1,18.3,1.639,3 - Watch
6921,74,3684.87,49.8,28,1,268.1,1.351,3 - Watch
6922,80,4600.54,57.51,20,0,0.0,0.0,4 - Clean
6923,81,3513.45,43.38,27,1,226.3,1.235,3 - Watch
6924,87,3831.37,44.04,29,0,0.0,0.0,4 - Clean
6925,99,5247.2,53.0,35,0,0.0,0.0,4 - Clean
6926,91,4911.35,53.97,29,0,0.0,0.0,4 - Clean
6927,83,4159.14,50.11,32,0,0.0,0.0,4 - Clean
6928,108,5186.1,48.02,36,0,0.0,0.0,4 - Clean
6929,59,3238.0,54.88,27,1,45.65,1.695,3 - Watch
6930,123,6651.62,54.08,36,0,0.0,0.0,4 - Clean
6931,87,4015.26,46.15,30,0,0.0,0.0,4 - Clean
6932,87,4437.63,51.01,18,0,0.0,0.0,4 - Clean
6933,50,2823.78,56.48,13,0,0.0,0.0,4 - Clean
6934,88,4147.57,47.13,30,1,744.55,1.136,3 - Watch
6935,72,4516.63,62.73,17,0,0.0,0.0,4 - Clean
6936,76,3904.34,51.37,22,0,0.0,0.0,4 - Clean
6937,52,2683.78,51.61,19,0,0.0,0.0,4 - Clean
6938,83,3220.23,38.8,29,0,0.0,0.0,4 - Clean
6939,97,5386.07,55.53,38,0,0.0,0.0,4 - Clean
6940,111,7160.26,64.51,37,0,0.0,0.0,4 - Clean
6941,116,6677.69,57.57,33,0,0.0,0.0,4 - Clean
6942,77,3918.97,50.9,27,0,0.0,0.0,4 - Clean
6943,98,5936.21,60.57,31,0,0.0,0.0,4 - Clean
6944,74,4116.8,55.63,18,1,222.62,1.351,3 - Watch
6945,95,5597.37,58.92,31,0,0.0,0.0,4 - Clean
6946,62,3842.89,61.98,21,0,0.0,0.0,4 - Clean
6947,99,3697.04,37.34,26,0,0.0,0.0,4 - Clean
6948,69,3800.35,55.08,21,0,0.0,0.0,4 - Clean
6949,91,4491.67,49.36,18,1,41.85,1.099,3 - Watch
6950,116,6961.84,60.02,32,1,302.6,0.862,3 - Watch
6951,81,3496.09,43.16,32,1,240.07,1.235,3 - Watch
6952,120,6985.11,58.21,40,1,269.72,0.833,3 - Watch
6953,128,7679.47,60.0,34,0,0.0,0.0,4 - Clean
6954,98,4832.15,49.31,39,0,0.0,0.0,4 - Clean
6955,58,3930.53,67.77,26,1,140.3,1.724,3 - Watch
6956,100,5117.08,51.17,32,0,0.0,0.0,4 - Clean
6957,63,3738.25,59.34,20,0,0.0,0.0,4 - Clean
6958,85,4215.53,49.59,26,0,0.0,0.0,4 - Clean
6959,100,5460.69,54.61,33,0,0.0,0.0,4 - Clean
6960,79,4602.16,58.26,30,1,79.6,1.266,3 - Watch
6961,63,2874.66,45.63,22,0,0.0,0.0,4 - Clean
6962,73,4046.01,55.42,27,1,247.25,1.37,3 - Watch
6963,113,5580.67,49.39,32,0,0.0,0.0,4 - Clean
6964,110,5148.91,46.81,35,0,0.0,0.0,4 - Clean
6965,109,5662.13,51.95,35,1,134.35,0.917,3 - Watch
6966,62,3052.9,49.24,22,0,0.0,0.0,4 - Clean
6967,46,2364.48,51.4,16,0,0.0,0.0,4 - Clean
6968,54,3262.84,60.42,22,1,244.7,1.852,3 - Watch
6969,82,5141.34,62.7,28,0,0.0,0.0,4 - Clean
6970,85,4328.74,50.93,29,0,0.0,0.0,4 - Clean
6971,73,3901.52,53.45,26,0,0.0,0.0,4 - Clean
6972,88,5190.43,58.98,27,2,248.54,2.273,2 - High
6973,110,6056.9,55.06,42,0,0.0,0.0,4 - Clean
6974,82,4495.14,54.82,26,0,0.0,0.0,4 - Clean
6975,97,5414.15,55.82,33,0,0.0,0.0,4 - Clean
6976,84,4421.64,52.64,31,0,0.0,0.0,4 - Clean
6977,85,4382.66,51.56,29,0,0.0,0.0,4 - Clean
6978,102,6384.48,62.59,28,0,0.0,0.0,4 - Clean
6979,59,2873.46,48.7,21,0,0.0,0.0,4 - Clean
6980,79,4489.8,56.83,32,0,0.0,0.0,4 - Clean
6981,81,4702.25,58.05,24,0,0.0,0.0,4 - Clean
6982,101,6075.68,60.16,45,0,0.0,0.0,4 - Clean
6983,86,4471.68,52.0,27,1,186.55,1.163,3 - Watch
6984,71,3490.96,49.17,26,0,0.0,0.0,4 - Clean
6985,69,4144.05,60.06,24,1,530.65,1.449,3 - Watch
6986,95,4808.73,50.62,30,0,0.0,0.0,4 - Clean
6987,103,5805.31,56.36,34,0,0.0,0.0,4 - Clean
6988,90,4673.45,51.93,36,0,0.0,0.0,4 - Clean
6989,111,5775.79,52.03,32,0,0.0,0.0,4 - Clean
6990,60,2866.61,47.78,16,1,83.8,1.667,3 - Watch
6991,89,3349.48,37.63,35,0,0.0,0.0,4 - Clean
6992,136,8774.98,64.52,40,1,308.6,0.735,3 - Watch
6993,68,4076.3,59.95,26,0,0.0,0.0,4 - Clean
6994,90,5123.86,56.93,34,0,0.0,0.0,4 - Clean
6995,87,4756.13,54.67,31,0,0.0,0.0,4 - Clean
6996,67,4046.61,60.4,17,0,0.0,0.0,4 - Clean
6997,119,6766.58,56.86,31,0,0.0,0.0,4 - Clean
6998,68,2646.76,38.92,26,0,0.0,0.0,4 - Clean
6999,110,6481.9,58.93,38,1,326.05,0.909,3 - Watch
7000,87,3769.53,43.33,29,0,0.0,0.0,4 - Clean
7001,77,3197.69,41.53,28,0,0.0,0.0,4 - Clean
7002,91,4424.47,48.62,27,0,0.0,0.0,4 - Clean
7003,86,3743.59,43.53,30,0,0.0,0.0,4 - Clean
7004,81,3918.9,48.38,33,0,0.0,0.0,4 - Clean
7005,118,6093.62,51.64,32,1,209.95,0.847,3 - Watch
7006,70,3787.17,54.1,25,0,0.0,0.0,4 - Clean
7007,94,5446.98,57.95,34,1,132.75,1.064,3 - Watch
7008,72,4200.12,58.34,22,0,0.0,0.0,4 - Clean
7009,82,5206.74,63.5,27,0,0.0,0.0,4 - Clean
7010,99,4943.13,49.93,34,0,0.0,0.0,4 - Clean
7011,73,3956.57,54.2,29,0,0.0,0.0,4 - Clean
7012,108,5642.45,52.24,37,0,0.0,0.0,4 - Clean
7013,87,4512.36,51.87,31,0,0.0,0.0,4 - Clean
7014,65,3191.04,49.09,27,0,0.0,0.0,4 - Clean
7015,50,2330.24,46.6,18,0,0.0,0.0,4 - Clean
7016,136,6364.01,46.79,42,0,0.0,0.0,4 - Clean
7017,117,6940.51,59.32,44,2,68.4,1.709,3 - Watch
7018,100,5504.46,55.04,29,0,0.0,0.0,4 - Clean
7019,72,3160.83,43.9,29,0,0.0,0.0,4 - Clean
7020,80,3350.34,41.88,28,0,0.0,0.0,4 - Clean
7021,72,3833.29,53.24,26,0,0.0,0.0,4 - Clean
7022,96,4791.86,49.92,26,0,0.0,0.0,4 - Clean
7023,81,3981.85,49.16,20,0,0.0,0.0,4 - Clean
7024,58,3621.7,62.44,22,0,0.0,0.0,4 - Clean
7025,99,4699.59,47.47,26,1,43.7,1.01,3 - Watch
7026,67,3355.04,50.08,25,0,0.0,0.0,4 - Clean
7027,87,4608.97,52.98,25,0,0.0,0.0,4 - Clean
7028,83,6029.44,72.64,26,0,0.0,0.0,4 - Clean
7029,95,5217.57,54.92,28,2,630.34,2.105,2 - High
7030,54,2740.06,50.74,22,0,0.0,0.0,4 - Clean
7031,101,6187.9,61.27,34,1,242.7,0.99,3 - Watch
7032,70,3399.3,48.56,29,0,0.0,0.0,4 - Clean
7033,83,4918.19,59.26,28,0,0.0,0.0,4 - Clean
7034,109,5458.53,50.08,38,0,0.0,0.0,4 - Clean
7035,107,5696.78,53.24,38,1,284.25,0.935,3 - Watch
7036,98,5017.96,51.2,28,0,0.0,0.0,4 - Clean
7037,112,6158.89,54.99,29,0,0.0,0.0,4 - Clean
7038,75,4090.52,54.54,26,1,265.22,1.333,3 - Watch
7039,63,3998.64,63.47,21,0,0.0,0.0,4 - Clean
7040,107,4939.89,46.17,32,1,97.0,0.935,3 - Watch
7041,77,3528.18,45.82,25,0,0.0,0.0,4 - Clean
7042,87,4666.0,53.63,29,0,0.0,0.0,4 - Clean
7043,101,5476.17,54.22,33,0,0.0,0.0,4 - Clean
7044,78,5255.92,67.38,23,1,403.15,1.282,3 - Watch
7045,81,5092.78,62.87,30,1,476.7,1.235,3 - Watch
7046,70,4178.53,59.69,26,0,0.0,0.0,4 - Clean
7047,114,5879.84,51.58,35,1,259.6,0.877,3 - Watch
7048,102,6234.35,61.12,34,1,361.6,0.98,3 - Watch
7049,96,5399.32,56.24,33,1,230.8,1.042,3 - Watch
7050,88,4696.34,53.37,32,0,0.0,0.0,4 - Clean
7051,123,6996.62,56.88,35,0,0.0,0.0,4 - Clean
7052,143,8578.72,59.99,35,0,0.0,0.0,4 - Clean
7053,76,4143.84,54.52,37,0,0.0,0.0,4 - Clean
7054,79,4814.79,60.95,16,23,1621.88,29.114,1 - Critical
7055,84,5461.15,65.01,27,1,379.45,1.19,3 - Watch
7056,75,5098.03,67.97,26,1,507.6,1.333,3 - Watch
7057,112,5048.26,45.07,36,0,0.0,0.0,4 - Clean
7058,87,4519.98,51.95,31,0,0.0,0.0,4 - Clean
7059,74,3313.48,44.78,27,0,0.0,0.0,4 - Clean
7060,85,5160.34,60.71,29,0,0.0,0.0,4 - Clean
7061,92,5600.17,60.87,34,0,0.0,0.0,4 - Clean
7062,69,4157.1,60.25,31,0,0.0,0.0,4 - Clean
7063,89,5490.57,61.69,31,1,224.01,1.124,3 - Watch
7064,117,5814.74,49.7,38,0,0.0,0.0,4 - Clean
7065,100,6058.8,60.59,29,0,0.0,0.0,4 - Clean
7066,126,7513.1,59.63,30,0,0.0,0.0,4 - Clean
7067,89,4807.88,54.02,31,0,0.0,0.0,4 - Clean
7068,112,7238.36,64.63,29,0,0.0,0.0,4 - Clean
7069,71,4504.12,63.44,26,0,0.0,0.0,4 - Clean
7070,72,3564.32,49.5,21,0,0.0,0.0,4 - Clean
7071,82,3750.84,45.74,27,0,0.0,0.0,4 - Clean
7072,97,5181.67,53.42,33,1,688.3,1.031,3 - Watch
7073,64,3299.92,51.56,28,0,0.0,0.0,4 - Clean
7074,99,5030.17,50.81,30,0,0.0,0.0,4 - Clean
7075,111,4968.98,44.77,40,0,0.0,0.0,4 - Clean
7076,60,3997.85,66.63,23,0,0.0,0.0,4 - Clean
7077,92,4550.52,49.46,38,0,0.0,0.0,4 - Clean
7078,100,4193.34,41.93,35,1,101.75,1.0,3 - Watch
7079,123,6937.43,56.4,42,0,0.0,0.0,4 - Clean
7080,72,3594.47,49.92,27,0,0.0,0.0,4 - Clean
7081,84,4481.24,53.35,27,0,0.0,0.0,4 - Clean
7082,84,4645.13,55.3,27,30,1740.91,35.714,1 - Critical
7083,91,4418.44,48.55,29,1,37.5,1.099,3 - Watch
7084,90,3764.24,41.82,33,0,0.0,0.0,4 - Clean
7085,74,3571.49,48.26,30,0,0.0,0.0,4 - Clean
7086,65,3706.39,57.02,21,0,0.0,0.0,4 - Clean
7087,69,3672.48,53.22,27,0,0.0,0.0,4 - Clean
7088,124,6415.36,51.74,31,1,220.8,0.806,3 - Watch
7089,90,4961.21,55.12,30,0,0.0,0.0,4 - Clean
7090,98,5295.54,54.04,36,0,0.0,0.0,4 - Clean
7091,123,6082.99,49.46,34,0,0.0,0.0,4 - Clean
7092,76,3113.77,40.97,27,0,0.0,0.0,4 - Clean
7093,113,6396.68,56.61,34,0,0.0,0.0,4 - Clean
7094,92,4479.06,48.69,32,2,474.73,2.174,2 - High
7095,86,5558.38,64.63,34,1,617.9,1.163,3 - Watch
7096,83,4291.41,51.7,31,0,0.0,0.0,4 - Clean
7097,95,5093.63,53.62,29,0,0.0,0.0,4 - Clean
7098,128,6772.12,52.91,42,0,0.0,0.0,4 - Clean
7099,102,6245.03,61.23,29,0,0.0,0.0,4 - Clean
7100,75,5210.28,69.47,22,0,0.0,0.0,4 - Clean
7101,69,2912.99,42.22,18,0,0.0,0.0,4 - Clean
7102,98,4832.24,49.31,36,0,0.0,0.0,4 - Clean
7103,56,2992.69,53.44,18,0,0.0,0.0,4 - Clean
7104,117,6891.38,58.9,36,0,0.0,0.0,4 - Clean
7105,76,3440.94,45.28,30,0,0.0,0.0,4 - Clean
7106,119,5510.69,46.31,39,0,0.0,0.0,4 - Clean
7107,80,4397.79,54.97,27,1,44.45,1.25,3 - Watch
7108,88,4123.65,46.86,30,0,0.0,0.0,4 - Clean
7109,84,5089.02,60.58,26,0,0.0,0.0,4 - Clean
7110,114,7572.58,66.43,33,0,0.0,0.0,4 - Clean
7111,116,6214.8,53.58,36,0,0.0,0.0,4 - Clean
7112,99,5319.11,53.73,34,0,0.0,0.0,4 - Clean
7113,71,3518.37,49.55,27,1,265.55,1.408,3 - Watch
7114,90,4989.76,55.44,32,0,0.0,0.0,4 - Clean
7115,68,3507.69,51.58,26,0,0.0,0.0,4 - Clean
7116,100,6020.88,60.21,33,0,0.0,0.0,4 - Clean
7117,74,3029.53,40.94,27,0,0.0,0.0,4 - Clean
7118,77,3786.29,49.17,34,0,0.0,0.0,4 - Clean
7119,90,4501.57,50.02,30,0,0.0,0.0,4 - Clean
7120,77,4306.18,55.92,31,0,0.0,0.0,4 - Clean
7121,65,4051.43,62.33,25,0,0.0,0.0,4 - Clean
7122,88,4817.09,54.74,31,0,0.0,0.0,4 - Clean
7123,130,6805.95,52.35,36,0,0.0,0.0,4 - Clean
7124,105,5419.77,51.62,28,0,0.0,0.0,4 - Clean
7125,82,4051.78,49.41,29,0,0.0,0.0,4 - Clean
7126,119,6642.8,55.82,40,1,231.7,0.84,3 - Watch
7127,116,5185.89,44.71,37,0,0.0,0.0,4 - Clean
7128,78,4968.31,63.7,28,1,288.45,1.282,3 - Watch
7129,70,3129.93,44.71,28,0,0.0,0.0,4 - Clean
7130,84,4105.71,48.88,31,0,0.0,0.0,4 - Clean
7131,99,5519.34,55.75,30,0,0.0,0.0,4 - Clean
7132,69,3043.26,44.11,28,0,0.0,0.0,4 - Clean
7133,112,5950.22,53.13,33,0,0.0,0.0,4 - Clean
7134,114,6127.77,53.75,42,0,0.0,0.0,4 - Clean
7135,121,6021.19,49.76,34,0,0.0,0.0,4 - Clean
7136,66,3066.72,46.47,18,0,0.0,0.0,4 - Clean
7137,100,6020.4,60.2,37,0,0.0,0.0,4 - Clean
7138,53,3784.78,71.41,20,1,211.85,1.887,3 - Watch
7139,83,4522.99,54.49,32,1,225.47,1.205,3 - Watch
7140,100,4764.64,47.65,33,0,0.0,0.0,4 - Clean
7141,119,5782.28,48.59,36,0,0.0,0.0,4 - Clean
7142,66,3277.85,49.66,27,0,0.0,0.0,4 - Clean
7143,69,2878.14,41.71,23,0,0.0,0.0,4 - Clean
7144,140,8877.15,63.41,44,1,381.0,0.714,3 - Watch
7145,118,6184.01,52.41,44,0,0.0,0.0,4 - Clean
7146,84,4434.62,52.79,37,0,0.0,0.0,4 - Clean
7147,100,5366.99,53.67,35,0,0.0,0.0,4 - Clean
7148,123,5473.89,44.5,38,1,123.8,0.813,3 - Watch
7149,98,5369.51,54.79,33,0,0.0,0.0,4 - Clean
7150,84,3333.93,39.69,26,0,0.0,0.0,4 - Clean
7151,127,6029.41,47.48,42,40,2351.37,31.496,1 - Critical
7152,58,2809.94,48.45,25,0,0.0,0.0,4 - Clean
7153,82,4479.22,54.62,28,1,57.65,1.22,3 - Watch
7154,73,3615.0,49.52,24,0,0.0,0.0,4 - Clean
7155,69,3490.38,50.59,29,0,0.0,0.0,4 - Clean
7156,63,2958.07,46.95,28,0,0.0,0.0,4 - Clean
7157,93,4179.48,44.94,31,0,0.0,0.0,4 - Clean
7158,92,4937.65,53.67,28,0,0.0,0.0,4 - Clean
7159,86,6081.52,70.72,27,0,0.0,0.0,4 - Clean
7160,84,3822.09,45.5,28,0,0.0,0.0,4 - Clean
7161,66,2846.88,43.13,26,1,241.5,1.515,3 - Watch
7162,66,4038.78,61.19,26,1,507.05,1.515,3 - Watch
7163,81,4821.25,59.52,27,0,0.0,0.0,4 - Clean
7164,112,5283.06,47.17,42,0,0.0,0.0,4 - Clean
7165,49,2070.39,42.25,18,0,0.0,0.0,4 - Clean
7166,71,3664.56,51.61,28,1,221.76,1.408,3 - Watch
7167,154,7542.14,48.97,43,0,0.0,0.0,4 - Clean
7168,114,5848.61,51.3,34,0,0.0,0.0,4 - Clean
7169,60,2947.57,49.13,17,0,0.0,0.0,4 - Clean
7170,122,6823.03,55.93,39,2,801.65,1.639,3 - Watch
7171,86,4708.51,54.75,31,0,0.0,0.0,4 - Clean
7172,147,6706.49,45.62,38,0,0.0,0.0,4 - Clean
7173,90,5387.39,59.86,28,1,378.55,1.111,3 - Watch
7174,120,5408.34,45.07,37,1,23.2,0.833,3 - Watch
7175,128,5558.85,43.43,40,0,0.0,0.0,4 - Clean
7176,70,3718.51,53.12,27,0,0.0,0.0,4 - Clean
7177,88,5313.96,60.39,30,0,0.0,0.0,4 - Clean
7178,72,3851.47,53.49,29,0,0.0,0.0,4 - Clean
7179,109,6604.16,60.59,38,0,0.0,0.0,4 - Clean
7180,105,5386.63,51.3,34,1,240.35,0.952,3 - Watch
7181,71,4475.98,63.04,26,0,0.0,0.0,4 - Clean
7182,94,4903.62,52.17,23,0,0.0,0.0,4 - Clean
7183,109,5861.99,53.78,33,0,0.0,0.0,4 - Clean
7184,66,3152.28,47.76,19,0,0.0,0.0,4 - Clean
7185,53,2726.78,51.45,23,0,0.0,0.0,4 - Clean
7186,75,4582.32,61.1,29,1,591.65,1.333,3 - Watch
7187,100,4491.18,44.91,27,0,0.0,0.0,4 - Clean
7188,100,5438.36,54.38,30,0,0.0,0.0,4 - Clean
7189,59,3418.39,57.94,22,0,0.0,0.0,4 - Clean
7190,91,5122.69,56.29,33,0,0.0,0.0,4 - Clean
7191,91,4321.4,47.49,33,0,0.0,0.0,4 - Clean
7192,89,5406.03,60.74,28,0,0.0,0.0,4 - Clean
7193,104,4867.85,46.81,34,1,51.9,0.962,3 - Watch
7194,75,4275.5,57.01,30,0,0.0,0.0,4 - Clean
7195,88,3763.68,42.77,33,0,0.0,0.0,4 - Clean
7196,80,4887.24,61.09,23,0,0.0,0.0,4 - Clean
7197,118,5507.41,46.67,28,0,0.0,0.0,4 - Clean
7198,132,7342.03,55.62,35,0,0.0,0.0,4 - Clean
7199,79,3266.79,41.35,32,0,0.0,0.0,4 - Clean
7200,90,5030.8,55.9,29,0,0.0,0.0,4 - Clean
7201,97,4719.81,48.66,36,0,0.0,0.0,4 - Clean
7202,76,4214.69,55.46,29,0,0.0,0.0,4 - Clean
7203,85,4664.16,54.87,28,0,0.0,0.0,4 - Clean
7204,95,4052.64,42.66,33,0,0.0,0.0,4 - Clean
7205,90,5230.19,58.11,30,0,0.0,0.0,4 - Clean
7206,64,3584.34,56.01,28,0,0.0,0.0,4 - Clean
7207,73,4365.13,59.8,29,0,0.0,0.0,4 - Clean
7208,54,2376.45,44.01,17,0,0.0,0.0,4 - Clean
7209,76,3942.28,51.87,28,0,0.0,0.0,4 - Clean
7210,85,3914.75,46.06,30,0,0.0,0.0,4 - Clean
7211,77,4128.4,53.62,28,1,52.7,1.299,3 - Watch
7212,80,3066.75,38.33,30,0,0.0,0.0,4 - Clean
7213,50,2317.73,46.35,17,0,0.0,0.0,4 - Clean
7214,101,5133.18,50.82,31,0,0.0,0.0,4 - Clean
7215,79,4363.27,55.23,27,0,0.0,0.0,4 - Clean
7216,56,3631.73,64.85,21,1,291.95,1.786,3 - Watch
7217,100,5540.83,55.41,30,2,791.11,2.0,2 - High
7218,60,2907.51,48.46,24,0,0.0,0.0,4 - Clean
7219,53,3633.31,68.55,21,0,0.0,0.0,4 - Clean
7220,92,3137.17,34.1,33,0,0.0,0.0,4 - Clean
7221,95,5496.52,57.86,30,0,0.0,0.0,4 - Clean
7222,88,3878.47,44.07,36,0,0.0,0.0,4 - Clean
7223,73,4245.39,58.16,29,0,0.0,0.0,4 - Clean
7224,98,4342.48,44.31,32,0,0.0,0.0,4 - Clean
7225,81,3880.98,47.91,29,0,0.0,0.0,4 - Clean
7226,73,3894.84,53.35,32,0,0.0,0.0,4 - Clean
7227,89,4273.86,48.02,32,0,0.0,0.0,4 - Clean
7228,89,7071.26,79.45,28,3,996.2,3.371,2 - High
7229,73,3331.03,45.63,24,0,0.0,0.0,4 - Clean
7230,109,5909.21,54.21,37,0,0.0,0.0,4 - Clean
7231,92,5517.8,59.98,31,0,0.0,0.0,4 - Clean
7232,92,5178.55,56.29,30,0,0.0,0.0,4 - Clean
7233,75,4480.62,59.74,28,1,234.48,1.333,3 - Watch
7234,94,4234.29,45.05,21,0,0.0,0.0,4 - Clean
7235,103,5612.52,54.49,27,1,259.18,0.971,3 - Watch
7236,82,4636.8,56.55,24,0,0.0,0.0,4 - Clean
7237,84,4051.54,48.23,27,0,0.0,0.0,4 - Clean
7238,101,5172.7,51.21,27,0,0.0,0.0,4 - Clean
7239,97,6500.24,67.01,24,0,0.0,0.0,4 - Clean
7240,123,5931.79,48.23,38,0,0.0,0.0,4 - Clean
7241,116,5943.72,51.24,36,0,0.0,0.0,4 - Clean
7242,83,4353.73,52.45,35,0,0.0,0.0,4 - Clean
7243,54,2707.06,50.13,21,0,0.0,0.0,4 - Clean
7244,104,4185.72,40.25,39,0,0.0,0.0,4 - Clean
7245,87,5456.69,62.72,29,1,408.45,1.149,3 - Watch
7246,71,3132.87,44.12,28,0,0.0,0.0,4 - Clean
7247,114,5986.96,52.52,37,0,0.0,0.0,4 - Clean
7248,86,4735.14,55.06,26,0,0.0,0.0,4 - Clean
7249,71,4900.05,69.01,32,0,0.0,0.0,4 - Clean
7250,93,4200.55,45.17,29,0,0.0,0.0,4 - Clean
7251,119,5984.61,50.29,40,0,0.0,0.0,4 - Clean
7252,64,3661.93,57.22,27,0,0.0,0.0,4 - Clean
7253,121,7800.45,64.47,42,1,68.45,0.826,3 - Watch
7254,99,5707.34,57.65,31,1,360.6,1.01,3 - Watch
7255,89,4976.47,55.92,33,1,497.55,1.124,3 - Watch
7256,67,3862.57,57.65,19,0,0.0,0.0,4 - Clean
7257,87,5251.39,60.36,28,0,0.0,0.0,4 - Clean
7258,104,5621.98,54.06,33,0,0.0,0.0,4 - Clean
7259,77,4838.34,62.84,24,1,598.3,1.299,3 - Watch
7260,104,5051.29,48.57,30,0,0.0,0.0,4 - Clean
7261,86,4883.14,56.78,26,0,0.0,0.0,4 - Clean
7262,87,5131.23,58.98,33,1,134.8,1.149,3 - Watch
7263,105,6102.89,58.12,30,0,0.0,0.0,4 - Clean
7264,121,8237.61,68.08,34,0,0.0,0.0,4 - Clean
7265,80,4057.39,50.72,25,0,0.0,0.0,4 - Clean
7266,79,3489.08,44.17,26,0,0.0,0.0,4 - Clean
7267,72,3392.42,47.12,27,0,0.0,0.0,4 - Clean
7268,77,4420.17,57.4,24,0,0.0,0.0,4 - Clean
7269,97,5007.36,51.62,31,0,0.0,0.0,4 - Clean
7270,86,4944.19,57.49,35,0,0.0,0.0,4 - Clean
7271,70,3263.15,46.62,18,0,0.0,0.0,4 - Clean
7272,95,5472.29,57.6,27,32,1926.26,33.684,1 - Critical
7273,67,3249.59,48.5,25,0,0.0,0.0,4 - Clean
7274,94,5466.07,58.15,37,0,0.0,0.0,4 - Clean
7275,64,3093.99,48.34,29,1,54.15,1.562,3 - Watch
7276,114,5684.79,49.87,27,0,0.0,0.0,4 - Clean
7277,76,3952.91,52.01,26,0,0.0,0.0,4 - Clean
7278,112,6793.02,60.65,36,0,0.0,0.0,4 - Clean
7279,63,3626.95,57.57,24,0,0.0,0.0,4 - Clean
7280,101,5570.62,55.15,29,0,0.0,0.0,4 - Clean
7281,47,2716.03,57.79,20,0,0.0,0.0,4 - Clean
7282,90,5091.17,56.57,30,1,47.3,1.111,3 - Watch
7283,133,8157.7,61.34,36,1,754.8,0.752,3 - Watch
7284,40,1857.97,46.45,15,0,0.0,0.0,4 - Clean
7285,132,7263.74,55.03,39,0,0.0,0.0,4 - Clean
7286,86,5054.29,58.77,27,0,0.0,0.0,4 - Clean
7287,122,6311.91,51.74,35,0,0.0,0.0,4 - Clean
7288,79,5517.31,69.84,31,1,88.2,1.266,3 - Watch
7289,110,5278.98,47.99,37,2,817.55,1.818,3 - Watch
7290,100,5454.6,54.55,38,0,0.0,0.0,4 - Clean
7291,92,5794.39,62.98,27,0,0.0,0.0,4 - Clean
7292,80,4407.8,55.1,28,1,455.95,1.25,3 - Watch
7293,87,5126.74,58.93,26,0,0.0,0.0,4 - Clean
7294,57,3388.45,59.45,23,0,0.0,0.0,4 - Clean
7295,141,7730.95,54.83,44,0,0.0,0.0,4 - Clean
7296,113,5527.01,48.91,31,0,0.0,0.0,4 - Clean
7297,102,5502.55,53.95,36,1,240.14,0.98,3 - Watch
7298,107,6191.85,57.87,28,0,0.0,0.0,4 - Clean
7299,95,5723.01,60.24,36,0,0.0,0.0,4 - Clean
7300,85,3312.17,38.97,33,0,0.0,0.0,4 - Clean
7301,87,4406.71,50.65,35,0,0.0,0.0,4 - Clean
7302,70,3214.29,45.92,31,0,0.0,0.0,4 - Clean
7303,96,5755.48,59.95,29,0,0.0,0.0,4 - Clean
7304,103,5158.25,50.08,32,0,0.0,0.0,4 - Clean
7305,91,5301.2,58.25,29,0,0.0,0.0,4 - Clean
7306,68,3577.01,52.6,27,0,0.0,0.0,4 - Clean
7307,130,7493.6,57.64,35,1,96.45,0.769,3 - Watch
7308,107,4711.16,44.03,28,0,0.0,0.0,4 - Clean
7309,58,3711.31,63.99,22,0,0.0,0.0,4 - Clean
7310,91,4824.19,53.01,30,0,0.0,0.0,4 - Clean
7311,108,5257.95,48.68,35,0,0.0,0.0,4 - Clean
7312,102,6336.98,62.13,26,1,266.34,0.98,3 - Watch
7313,75,4352.69,58.04,25,0,0.0,0.0,4 - Clean
7314,126,6826.17,54.18,37,0,0.0,0.0,4 - Clean
7315,96,4279.9,44.58,28,0,0.0,0.0,4 - Clean
7316,113,5848.71,51.76,40,0,0.0,0.0,4 - Clean
7317,112,5071.98,45.29,37,0,0.0,0.0,4 - Clean
7318,87,5328.67,61.25,32,0,0.0,0.0,4 - Clean
7319,52,3267.35,62.83,14,0,0.0,0.0,4 - Clean
7320,72,4164.31,57.84,26,0,0.0,0.0,4 - Clean
7321,92,5829.25,63.36,29,0,0.0,0.0,4 - Clean
7322,126,7384.52,58.61,39,0,0.0,0.0,4 - Clean
7323,86,3503.64,40.74,31,1,516.25,1.163,3 - Watch
7324,111,4730.7,42.62,37,0,0.0,0.0,4 - Clean
7325,83,4324.52,52.1,34,1,195.05,1.205,3 - Watch
7326,70,3359.23,47.99,23,0,0.0,0.0,4 - Clean
7327,112,5591.36,49.92,39,1,153.75,0.893,3 - Watch
7328,72,3492.97,48.51,26,1,392.2,1.389,3 - Watch
7329,85,4813.27,56.63,29,0,0.0,0.0,4 - Clean
7330,107,5636.27,52.68,35,0,0.0,0.0,4 - Clean
7331,132,5180.79,39.25,42,0,0.0,0.0,4 - Clean
7332,87,3481.35,40.02,33,0,0.0,0.0,4 - Clean
7333,105,5820.14,55.43,26,0,0.0,0.0,4 - Clean
7334,89,5640.31,63.37,29,2,495.15,2.247,2 - High
7335,81,5347.11,66.01,28,1,60.5,1.235,3 - Watch
7336,78,3655.94,46.87,32,0,0.0,0.0,4 - Clean
7337,91,4727.76,51.95,31,0,0.0,0.0,4 - Clean
7338,71,3707.42,52.22,27,0,0.0,0.0,4 - Clean
7339,76,3619.33,47.62,25,0,0.0,0.0,4 - Clean
7340,114,7177.55,62.96,36,0,0.0,0.0,4 - Clean
7341,100,4787.9,47.88,32,0,0.0,0.0,4 - Clean
7342,104,6954.6,66.87,33,2,839.19,1.923,3 - Watch
7343,88,4223.81,48.0,31,0,0.0,0.0,4 - Clean
7344,95,7152.63,75.29,28,1,753.5,1.053,3 - Watch
7345,91,4793.55,52.68,29,0,0.0,0.0,4 - Clean
7346,71,3828.09,53.92,26,1,359.7,1.408,3 - Watch
7347,60,3605.88,60.1,20,0,0.0,0.0,4 - Clean
7348,140,6290.11,44.93,38,0,0.0,0.0,4 - Clean
7349,104,5442.12,52.33,33,1,533.0,0.962,3 - Watch
7350,96,5156.62,53.71,35,1,253.43,1.042,3 - Watch
7351,87,4612.6,53.02,28,0,0.0,0.0,4 - Clean
7352,97,6002.01,61.88,29,0,0.0,0.0,4 - Clean
7353,73,4861.14,66.59,24,0,0.0,0.0,4 - Clean
7354,117,6468.06,55.28,38,0,0.0,0.0,4 - Clean
7355,62,2575.13,41.53,23,0,0.0,0.0,4 - Clean
7356,115,5080.56,44.18,27,0,0.0,0.0,4 - Clean
7357,89,4800.59,53.94,33,0,0.0,0.0,4 - Clean
7358,68,4343.34,63.87,26,0,0.0,0.0,4 - Clean
7359,75,4700.09,62.67,27,1,220.69,1.333,3 - Watch
7360,115,6699.76,58.26,39,1,231.1,0.87,3 - Watch
7361,96,5038.77,52.49,24,3,671.86,3.125,2 - High
7362,83,5316.85,64.06,33,0,0.0,0.0,4 - Clean
7363,86,5051.98,58.74,30,0,0.0,0.0,4 - Clean
7364,75,3725.27,49.67,33,0,0.0,0.0,4 - Clean
7365,71,4593.37,64.7,29,0,0.0,0.0,4 - Clean
7366,91,5360.36,58.91,30,2,693.9,2.198,2 - High
7367,56,2981.24,53.24,23,0,0.0,0.0,4 - Clean
7368,78,3439.16,44.09,31,0,0.0,0.0,4 - Clean
7369,100,5397.26,53.97,30,0,0.0,0.0,4 - Clean
7370,125,7198.99,57.59,31,0,0.0,0.0,4 - Clean
7371,80,3742.81,46.79,23,0,0.0,0.0,4 - Clean
7372,80,5300.76,66.26,32,1,262.8,1.25,3 - Watch
7373,104,5787.55,55.65,43,0,0.0,0.0,4 - Clean
7374,74,4601.92,62.19,28,0,0.0,0.0,4 - Clean
7375,50,2419.94,48.4,17,0,0.0,0.0,4 - Clean
7376,111,5577.96,50.25,29,1,166.15,0.901,3 - Watch
7377,86,4128.21,48.0,35,0,0.0,0.0,4 - Clean
7378,78,3457.55,44.33,27,0,0.0,0.0,4 - Clean
7379,95,5233.48,55.09,29,0,0.0,0.0,4 - Clean
7380,124,6736.87,54.33,42,0,0.0,0.0,4 - Clean
7381,58,3100.99,53.47,21,1,128.95,1.724,3 - Watch
7382,94,5733.42,60.99,35,0,0.0,0.0,4 - Clean
7383,105,6683.1,63.65,27,0,0.0,0.0,4 - Clean
7384,105,5422.35,51.64,29,0,0.0,0.0,4 - Clean
7385,115,5763.73,50.12,33,0,0.0,0.0,4 - Clean
7386,86,4070.53,47.33,30,0,0.0,0.0,4 - Clean
7387,92,4460.07,48.48,27,0,0.0,0.0,4 - Clean
7388,96,4599.76,47.91,29,0,0.0,0.0,4 - Clean
7389,104,5977.93,57.48,40,0,0.0,0.0,4 - Clean
7390,90,4984.32,55.38,35,0,0.0,0.0,4 - Clean
7391,102,5535.69,54.27,36,0,0.0,0.0,4 - Clean
7392,78,2661.26,34.12,27,0,0.0,0.0,4 - Clean
7393,120,5117.07,42.64,34,0,0.0,0.0,4 - Clean
7394,96,5630.37,58.65,31,0,0.0,0.0,4 - Clean
7395,112,5391.65,48.14,31,0,0.0,0.0,4 - Clean
7396,87,3798.49,43.66,31,0,0.0,0.0,4 - Clean
7397,108,4836.56,44.78,35,0,0.0,0.0,4 - Clean
7398,91,4714.2,51.8,37,1,122.15,1.099,3 - Watch
7399,63,3760.07,59.68,16,0,0.0,0.0,4 - Clean
7400,69,3560.78,51.61,27,1,24.0,1.449,3 - Watch
7401,107,5323.6,49.75,32,1,247.72,0.935,3 - Watch
7402,97,6280.51,64.75,24,0,0.0,0.0,4 - Clean
7403,113,7213.25,63.83,37,1,321.4,0.885,3 - Watch
7404,70,4675.38,66.79,18,0,0.0,0.0,4 - Clean
7405,88,5917.54,67.24,35,1,523.2,1.136,3 - Watch
7406,82,5851.12,71.36,30,0,0.0,0.0,4 - Clean
7407,94,5194.88,55.26,28,1,223.94,1.064,3 - Watch
7408,59,3718.83,63.03,22,0,0.0,0.0,4 - Clean
7409,109,4863.65,44.62,33,0,0.0,0.0,4 - Clean
7410,69,3349.67,48.55,23,10,343.78,14.493,1 - Critical
7411,84,4914.82,58.51,32,0,0.0,0.0,4 - Clean
7412,90,5033.2,55.92,28,0,0.0,0.0,4 - Clean
7413,89,5248.97,58.98,33,1,429.6,1.124,3 - Watch
7414,111,6280.14,56.58,32,0,0.0,0.0,4 - Clean
7415,77,4248.11,55.17,29,0,0.0,0.0,4 - Clean
7416,80,3949.82,49.37,29,0,0.0,0.0,4 - Clean
7417,82,4450.01,54.27,35,0,0.0,0.0,4 - Clean
7418,73,3441.29,47.14,24,0,0.0,0.0,4 - Clean
7419,78,5232.83,67.09,25,1,235.61,1.282,3 - Watch
7420,58,2714.46,46.8,24,0,0.0,0.0,4 - Clean
7421,87,5660.46,65.06,32,0,0.0,0.0,4 - Clean
7422,85,5201.77,61.2,24,0,0.0,0.0,4 - Clean
7423,60,2854.14,47.57,20,0,0.0,0.0,4 - Clean
7424,71,3836.04,54.03,22,0,0.0,0.0,4 - Clean
7425,69,2853.12,41.35,16,0,0.0,0.0,4 - Clean
7426,98,4561.95,46.55,34,0,0.0,0.0,4 - Clean
7427,81,3654.99,45.12,27,0,0.0,0.0,4 - Clean
7428,96,5781.15,60.22,24,1,108.35,1.042,3 - Watch
7429,92,4498.66,48.9,30,0,0.0,0.0,4 - Clean
7430,75,3235.07,43.13,26,0,0.0,0.0,4 - Clean
7431,74,3488.17,47.14,30,0,0.0,0.0,4 - Clean
7432,83,5017.59,60.45,27,23,1250.04,27.711,1 - Critical
7433,83,5218.79,62.88,32,0,0.0,0.0,4 - Clean
7434,59,3671.86,62.23,23,0,0.0,0.0,4 - Clean
7435,83,5436.82,65.5,32,0,0.0,0.0,4 - Clean
7436,109,6001.8,55.06,35,0,0.0,0.0,4 - Clean
7437,61,2393.79,39.24,23,0,0.0,0.0,4 - Clean
7438,146,7773.43,53.24,44,0,0.0,0.0,4 - Clean
7439,90,4547.36,50.53,33,0,0.0,0.0,4 - Clean
7440,99,5424.61,54.79,29,3,735.19,3.03,2 - High
7441,130,7069.32,54.38,27,0,0.0,0.0,4 - Clean
7442,78,3795.43,48.66,24,0,0.0,0.0,4 - Clean
7443,78,3664.57,46.98,27,0,0.0,0.0,4 - Clean
7444,72,4096.12,56.89,28,0,0.0,0.0,4 - Clean
7445,95,4873.54,51.3,29,0,0.0,0.0,4 - Clean
7446,79,3824.44,48.41,26,0,0.0,0.0,4 - Clean
7447,87,4116.17,47.31,32,0,0.0,0.0,4 - Clean
7448,107,6659.91,62.24,37,0,0.0,0.0,4 - Clean
7449,111,5474.52,49.32,21,0,0.0,0.0,4 - Clean
7450,91,4847.0,53.26,24,1,226.14,1.099,3 - Watch
7451,85,5008.86,58.93,33,0,0.0,0.0,4 - Clean
7452,86,4723.87,54.93,31,1,601.45,1.163,3 - Watch
7453,69,3405.59,49.36,25,0,0.0,0.0,4 - Clean
7454,118,7089.05,60.08,41,0,0.0,0.0,4 - Clean
7455,98,5661.31,57.77,31,1,35.85,1.02,3 - Watch
7456,88,4575.19,51.99,31,1,52.7,1.136,3 - Watch
7457,66,4524.01,68.55,30,0,0.0,0.0,4 - Clean
7458,121,6536.11,54.02,40,0,0.0,0.0,4 - Clean
7459,103,6282.16,60.99,33,0,0.0,0.0,4 - Clean
7460,78,4407.94,56.51,30,1,346.45,1.282,3 - Watch
7461,82,4411.14,53.79,29,0,0.0,0.0,4 - Clean
7462,95,6485.12,68.26,34,1,617.05,1.053,3 - Watch
7463,115,6783.43,58.99,37,0,0.0,0.0,4 - Clean
7464,119,5702.58,47.92,29,0,0.0,0.0,4 - Clean
7465,70,3150.11,45.0,23,0,0.0,0.0,4 - Clean
7466,79,4100.56,51.91,30,1,123.55,1.266,3 - Watch
7467,114,6809.51,59.73,33,0,0.0,0.0,4 - Clean
7468,61,3013.94,49.41,31,0,0.0,0.0,4 - Clean
7469,103,6312.91,61.29,31,2,484.5,1.942,3 - Watch
7470,108,4902.84,45.4,35,0,0.0,0.0,4 - Clean
7471,115,5386.88,46.84,30,0,0.0,0.0,4 - Clean
7472,82,3559.96,43.41,28,0,0.0,0.0,4 - Clean
7473,70,3269.17,46.7,32,0,0.0,0.0,4 - Clean
7474,79,3358.88,42.52,32,0,0.0,0.0,4 - Clean
7475,94,4717.96,50.19,29,0,0.0,0.0,4 - Clean
7476,54,2717.83,50.33,22,15,772.0,27.778,1 - Critical
7477,60,2303.12,38.39,24,0,0.0,0.0,4 - Clean
7478,91,5871.6,64.52,29,2,915.85,2.198,2 - High
7479,57,2461.36,43.18,18,1,226.36,1.754,3 - Watch
7480,75,3614.22,48.19,29,0,0.0,0.0,4 - Clean
7481,79,5409.08,68.47,31,1,357.35,1.266,3 - Watch
7482,85,4837.84,56.92,30,1,74.7,1.176,3 - Watch
7483,93,6082.14,65.4,28,1,228.85,1.075,3 - Watch
7484,108,6476.94,59.97,34,1,375.35,0.926,3 - Watch
7485,114,5552.87,48.71,39,0,0.0,0.0,4 - Clean
7486,100,4853.51,48.54,30,2,475.15,2.0,2 - High
7487,64,2312.02,36.13,23,0,0.0,0.0,4 - Clean
7488,103,5115.65,49.67,34,0,0.0,0.0,4 - Clean
7489,82,5009.75,61.09,27,1,331.4,1.22,3 - Watch
7490,63,3466.45,55.02,24,0,0.0,0.0,4 - Clean
7491,102,4630.65,45.4,24,0,0.0,0.0,4 - Clean
7492,74,3788.91,51.2,22,0,0.0,0.0,4 - Clean
7493,71,3553.64,50.05,24,0,0.0,0.0,4 - Clean
7494,103,4577.34,44.44,37,1,228.58,0.971,3 - Watch
7495,90,5307.81,58.98,31,0,0.0,0.0,4 - Clean
7496,118,5677.18,48.11,43,0,0.0,0.0,4 - Clean
7497,57,3544.88,62.19,27,0,0.0,0.0,4 - Clean
7498,91,4340.78,47.7,29,0,0.0,0.0,4 - Clean
7499,134,7217.82,53.86,32,0,0.0,0.0,4 - Clean
7500,82,2884.14,35.17,29,0,0.0,0.0,4 - Clean
7501,102,5846.77,57.32,33,0,0.0,0.0,4 - Clean
7502,89,5721.83,64.29,30,0,0.0,0.0,4 - Clean
7503,111,6782.8,61.11,32,1,255.07,0.901,3 - Watch
7504,95,4563.77,48.04,33,0,0.0,0.0,4 - Clean
7505,92,5911.83,64.26,25,0,0.0,0.0,4 - Clean
7506,83,4371.72,52.67,31,0,0.0,0.0,4 - Clean
7507,86,4614.93,53.66,27,27,1247.77,31.395,1 - Critical
7508,103,5592.12,54.29,32,0,0.0,0.0,4 - Clean
7509,118,5252.76,44.51,26,0,0.0,0.0,4 - Clean
7510,89,5041.34,56.64,32,0,0.0,0.0,4 - Clean
7511,149,7529.95,50.54,43,0,0.0,0.0,4 - Clean
7512,88,4472.67,50.83,31,0,0.0,0.0,4 - Clean
7513,82,4567.46,55.7,29,0,0.0,0.0,4 - Clean
7514,92,4961.89,53.93,33,0,0.0,0.0,4 - Clean
7515,103,5010.57,48.65,28,1,224.1,0.971,3 - Watch
7516,99,6293.59,63.57,31,0,0.0,0.0,4 - Clean
7517,79,4512.6,57.12,28,0,0.0,0.0,4 - Clean
7518,51,2497.64,48.97,13,0,0.0,0.0,4 - Clean
7519,65,2388.3,36.74,24,0,0.0,0.0,4 - Clean
7520,82,4133.65,50.41,28,0,0.0,0.0,4 - Clean
7521,57,3245.26,56.93,28,1,215.05,1.754,3 - Watch
7522,83,4861.81,58.58,28,0,0.0,0.0,4 - Clean
7523,52,2995.17,57.6,20,2,611.8,3.846,2 - High
7524,96,4574.78,47.65,28,1,220.3,1.042,3 - Watch
7525,65,3780.9,58.17,21,1,180.0,1.538,3 - Watch
7526,104,6682.53,64.26,37,0,0.0,0.0,4 - Clean
7527,77,4469.08,58.04,28,0,0.0,0.0,4 - Clean
7528,100,5151.85,51.52,34,0,0.0,0.0,4 - Clean
7529,93,6023.1,64.76,31,0,0.0,0.0,4 - Clean
7530,75,3215.22,42.87,20,0,0.0,0.0,4 - Clean
7531,69,4165.48,60.37,28,0,0.0,0.0,4 - Clean
7532,96,5478.86,57.07,24,0,0.0,0.0,4 - Clean
7533,73,4872.28,66.74,24,1,221.26,1.37,3 - Watch
7534,72,3205.09,44.52,27,0,0.0,0.0,4 - Clean
7535,85,4080.82,48.01,28,0,0.0,0.0,4 - Clean
7536,77,3687.62,47.89,27,0,0.0,0.0,4 - Clean
7537,102,4554.61,44.65,33,0,0.0,0.0,4 - Clean
7538,94,5761.16,61.29,32,0,0.0,0.0,4 - Clean
7539,77,3728.74,48.43,30,0,0.0,0.0,4 - Clean
7540,64,3801.29,59.4,18,0,0.0,0.0,4 - Clean
7541,66,3436.72,52.07,19,0,0.0,0.0,4 - Clean
7542,106,5613.29,52.96,35,0,0.0,0.0,4 - Clean
7543,89,4386.98,49.29,38,1,67.6,1.124,3 - Watch
7544,99,4331.01,43.75,27,0,0.0,0.0,4 - Clean
7545,101,6198.01,61.37,32,0,0.0,0.0,4 - Clean
7546,94,4821.11,51.29,36,0,0.0,0.0,4 - Clean
7547,67,3311.59,49.43,30,0,0.0,0.0,4 - Clean
7548,84,3413.49,40.64,30,0,0.0,0.0,4 - Clean
7549,73,4755.66,65.15,20,2,1265.65,2.74,2 - High
7550,110,5615.25,51.05,41,0,0.0,0.0,4 - Clean
7551,96,4766.69,49.65,36,1,128.5,1.042,3 - Watch
7552,104,4431.76,42.61,32,1,130.8,0.962,3 - Watch
7553,96,5130.19,53.44,34,0,0.0,0.0,4 - Clean
7554,88,3789.99,43.07,28,1,11.55,1.136,3 - Watch
7555,90,4554.51,50.61,33,0,0.0,0.0,4 - Clean
7556,81,4496.27,55.51,30,0,0.0,0.0,4 - Clean
7557,83,3799.63,45.78,28,0,0.0,0.0,4 - Clean
7558,114,6258.78,54.9,38,0,0.0,0.0,4 - Clean
7559,72,3696.43,51.34,22,1,190.4,1.389,3 - Watch
7560,76,3705.0,48.75,29,0,0.0,0.0,4 - Clean
7561,93,4618.59,49.66,30,1,163.05,1.075,3 - Watch
7562,75,4843.34,64.58,28,0,0.0,0.0,4 - Clean
7563,77,3882.87,50.43,32,0,0.0,0.0,4 - Clean
7564,87,5009.88,57.58,30,0,0.0,0.0,4 - Clean
7565,109,6172.66,56.63,34,0,0.0,0.0,4 - Clean
7566,99,7041.48,71.13,28,1,365.95,1.01,3 - Watch
7567,110,6378.8,57.99,39,0,0.0,0.0,4 - Clean
7568,82,4027.96,49.12,30,0,0.0,0.0,4 - Clean
7569,77,4351.25,56.51,30,0,0.0,0.0,4 - Clean
7570,88,4487.21,50.99,19,0,0.0,0.0,4 - Clean
7571,101,5445.92,53.92,36,1,151.7,0.99,3 - Watch
7572,63,2896.54,45.98,18,0,0.0,0.0,4 - Clean
7573,85,4364.99,51.35,26,0,0.0,0.0,4 - Clean
7574,92,4612.22,50.13,32,1,401.75,1.087,3 - Watch
7575,80,4004.16,50.05,29,0,0.0,0.0,4 - Clean
7576,108,5440.15,50.37,31,0,0.0,0.0,4 - Clean
7577,72,3194.8,44.37,24,0,0.0,0.0,4 - Clean
7578,170,10327.07,60.75,43,0,0.0,0.0,4 - Clean
7579,77,4702.42,61.07,24,0,0.0,0.0,4 - Clean
7580,69,4067.11,58.94,25,0,0.0,0.0,4 - Clean
7581,93,5751.88,61.85,29,0,0.0,0.0,4 - Clean
7582,106,5721.98,53.98,34,1,430.55,0.943,3 - Watch
7583,58,4000.61,68.98,18,0,0.0,0.0,4 - Clean
7584,122,7106.69,58.25,38,0,0.0,0.0,4 - Clean
7585,60,2796.64,46.61,24,0,0.0,0.0,4 - Clean
7586,120,6865.89,57.22,34,1,76.85,0.833,3 - Watch
7587,72,3854.11,53.53,20,0,0.0,0.0,4 - Clean
7588,101,5616.06,55.6,36,0,0.0,0.0,4 - Clean
7589,99,5464.94,55.2,35,1,222.05,1.01,3 - Watch
7590,79,5064.69,64.11,28,1,526.0,1.266,3 - Watch
7591,69,4057.36,58.8,31,0,0.0,0.0,4 - Clean
7592,78,4855.15,62.25,25,0,0.0,0.0,4 - Clean
7593,79,4905.97,62.1,28,0,0.0,0.0,4 - Clean
7594,65,2956.44,45.48,24,0,0.0,0.0,4 - Clean
7595,80,3022.18,37.78,27,0,0.0,0.0,4 - Clean
7596,82,4885.09,59.57,31,0,0.0,0.0,4 - Clean
7597,99,5522.79,55.79,34,0,0.0,0.0,4 - Clean
7598,78,4378.84,56.14,28,0,0.0,0.0,4 - Clean
7599,78,4337.04,55.6,21,0,0.0,0.0,4 - Clean
7600,61,3750.73,61.49,15,0,0.0,0.0,4 - Clean
7601,84,4312.58,51.34,33,0,0.0,0.0,4 - Clean
7602,117,6857.81,58.61,39,0,0.0,0.0,4 - Clean
7603,80,4425.4,55.32,22,0,0.0,0.0,4 - Clean
7604,87,4889.69,56.2,31,0,0.0,0.0,4 - Clean
7605,88,3846.24,43.71,34,0,0.0,0.0,4 - Clean
7606,69,3519.8,51.01,26,0,0.0,0.0,4 - Clean
7607,52,2559.56,49.22,22,0,0.0,0.0,4 - Clean
7608,99,3808.09,38.47,31,0,0.0,0.0,4 - Clean
7609,137,8814.61,64.34,43,1,513.15,0.73,3 - Watch
7610,72,3411.48,47.38,27,0,0.0,0.0,4 - Clean
7611,98,4122.5,42.07,34,0,0.0,0.0,4 - Clean
7612,70,3627.09,51.82,25,1,144.4,1.429,3 - Watch
7613,52,2206.65,42.44,23,0,0.0,0.0,4 - Clean
7614,125,6628.61,53.03,44,0,0.0,0.0,4 - Clean
7615,103,5656.01,54.91,33,2,450.56,1.942,3 - Watch
7616,76,3723.78,49.0,27,0,0.0,0.0,4 - Clean
7617,57,3841.22,67.39,19,0,0.0,0.0,4 - Clean
7618,81,5097.17,62.93,27,0,0.0,0.0,4 - Clean
7619,78,5044.34,64.67,27,20,1388.77,25.641,1 - Critical
7620,75,3910.96,52.15,29,0,0.0,0.0,4 - Clean
7621,84,4962.64,59.08,30,0,0.0,0.0,4 - Clean
7622,120,4937.74,41.15,36,1,67.8,0.833,3 - Watch
7623,94,5081.62,54.06,32,0,0.0,0.0,4 - Clean
7624,75,4322.99,57.64,29,0,0.0,0.0,4 - Clean
7625,109,6246.97,57.31,35,0,0.0,0.0,4 - Clean
7626,95,6533.67,68.78,32,0,0.0,0.0,4 - Clean
7627,74,3437.44,46.45,28,0,0.0,0.0,4 - Clean
7628,86,4876.62,56.7,26,0,0.0,0.0,4 - Clean
7629,83,4534.77,54.64,23,0,0.0,0.0,4 - Clean
7630,90,4121.4,45.79,23,0,0.0,0.0,4 - Clean
7631,79,4740.9,60.01,29,1,167.95,1.266,3 - Watch
7632,107,5742.22,53.67,29,0,0.0,0.0,4 - Clean
7633,76,3658.61,48.14,28,0,0.0,0.0,4 - Clean
7634,115,6490.36,56.44,33,0,0.0,0.0,4 - Clean
7635,107,5994.77,56.03,27,0,0.0,0.0,4 - Clean
7636,132,6980.32,52.88,44,0,0.0,0.0,4 - Clean
7637,98,4686.24,47.82,29,1,447.7,1.02,3 - Watch
7638,106,5523.07,52.1,36,0,0.0,0.0,4 - Clean
7639,95,4552.63,47.92,26,0,0.0,0.0,4 - Clean
7640,95,5869.05,61.78,30,0,0.0,0.0,4 - Clean
7641,111,6061.38,54.61,37,0,0.0,0.0,4 - Clean
7642,69,3207.58,46.49,24,0,0.0,0.0,4 - Clean
7643,83,4513.83,54.38,34,0,0.0,0.0,4 - Clean
7644,68,3100.59,45.6,28,0,0.0,0.0,4 - Clean
7645,98,5674.65,57.9,34,0,0.0,0.0,4 - Clean
7646,47,2398.26,51.03,21,0,0.0,0.0,4 - Clean
7647,88,3850.96,43.76,27,0,0.0,0.0,4 - Clean
7648,93,4554.31,48.97,33,0,0.0,0.0,4 - Clean
7649,65,4015.92,61.78,16,0,0.0,0.0,4 - Clean
7650,104,5649.58,54.32,40,0,0.0,0.0,4 - Clean
7651,49,3013.69,61.5,16,0,0.0,0.0,4 - Clean
7652,90,5082.03,56.47,28,0,0.0,0.0,4 - Clean
7653,102,4280.58,41.97,37,0,0.0,0.0,4 - Clean
7654,62,4191.58,67.61,25,0,0.0,0.0,4 - Clean
7655,80,3781.66,47.27,27,0,0.0,0.0,4 - Clean
7656,78,5261.81,67.46,26,0,0.0,0.0,4 - Clean
7657,110,6068.94,55.17,34,0,0.0,0.0,4 - Clean
7658,97,5234.1,53.96,36,1,252.53,1.031,3 - Watch
7659,119,5552.58,46.66,33,0,0.0,0.0,4 - Clean
7660,77,4726.41,61.38,28,2,453.36,2.597,2 - High
7661,96,5060.42,52.71,30,2,763.55,2.083,2 - High
7662,99,4941.2,49.91,32,0,0.0,0.0,4 - Clean
7663,80,4149.49,51.87,19,2,185.3,2.5,2 - High
7664,57,2592.64,45.48,26,0,0.0,0.0,4 - Clean
7665,95,6324.08,66.57,29,0,0.0,0.0,4 - Clean
7666,66,3692.64,55.95,24,0,0.0,0.0,4 - Clean
7667,77,3806.19,49.43,28,0,0.0,0.0,4 - Clean
7668,116,6130.36,52.85,36,0,0.0,0.0,4 - Clean
7669,101,5422.8,53.69,30,1,37.3,0.99,3 - Watch
7670,102,5045.89,49.47,38,0,0.0,0.0,4 - Clean
7671,107,4317.54,40.35,30,0,0.0,0.0,4 - Clean
7672,101,5379.31,53.26,36,0,0.0,0.0,4 - Clean
7673,90,4198.33,46.65,28,0,0.0,0.0,4 - Clean
7674,126,5674.52,45.04,35,1,315.2,0.794,3 - Watch
7675,87,3743.44,43.03,36,0,0.0,0.0,4 - Clean
7676,76,4113.83,54.13,18,0,0.0,0.0,4 - Clean
7677,102,5331.14,52.27,28,0,0.0,0.0,4 - Clean
7678,74,3896.0,52.65,23,0,0.0,0.0,4 - Clean
7679,91,4146.66,45.57,34,0,0.0,0.0,4 - Clean
7680,64,2526.63,39.48,25,1,155.55,1.562,3 - Watch
7681,108,5895.8,54.59,24,0,0.0,0.0,4 - Clean
7682,86,4240.65,49.31,32,0,0.0,0.0,4 - Clean
7683,63,4132.74,65.6,25,1,77.85,1.587,3 - Watch
7684,97,4902.83,50.54,37,0,0.0,0.0,4 - Clean
7685,79,4349.59,55.06,24,0,0.0,0.0,4 - Clean
7686,82,4188.39,51.08,31,0,0.0,0.0,4 - Clean
7687,78,4832.57,61.96,28,1,429.2,1.282,3 - Watch
7688,77,4897.36,63.6,31,0,0.0,0.0,4 - Clean
7689,105,6021.33,57.35,31,0,0.0,0.0,4 - Clean
7690,100,6744.73,67.45,36,1,170.85,1.0,3 - Watch
7691,70,3443.94,49.2,20,1,18.35,1.429,3 - Watch
7692,111,5182.02,46.68,34,0,0.0,0.0,4 - Clean
7693,91,5372.0,59.03,29,0,0.0,0.0,4 - Clean
7694,71,3761.49,52.98,31,0,0.0,0.0,4 - Clean
7695,115,4838.3,42.07,39,0,0.0,0.0,4 - Clean
7696,80,3620.15,45.25,31,0,0.0,0.0,4 - Clean
7697,72,3676.4,51.06,28,0,0.0,0.0,4 - Clean
7698,101,5110.51,50.6,31,1,69.85,0.99,3 - Watch
7699,94,4046.74,43.05,32,0,0.0,0.0,4 - Clean
7700,76,4373.15,57.54,22,0,0.0,0.0,4 - Clean
7701,70,3325.41,47.51,27,0,0.0,0.0,4 - Clean
7702,134,6951.02,51.87,40,0,0.0,0.0,4 - Clean
7703,93,4745.18,51.02,28,0,0.0,0.0,4 - Clean
7704,89,5773.86,64.87,30,0,0.0,0.0,4 - Clean
7705,104,6715.27,64.57,33,0,0.0,0.0,4 - Clean
7706,89,5511.98,61.93,30,0,0.0,0.0,4 - Clean
7707,100,6518.27,65.18,30,1,108.35,1.0,3 - Watch
7708,105,5067.09,48.26,31,0,0.0,0.0,4 - Clean
7709,108,5633.3,52.16,28,0,0.0,0.0,4 - Clean
7710,69,3950.8,57.26,23,0,0.0,0.0,4 - Clean
7711,70,3675.65,52.51,24,0,0.0,0.0,4 - Clean
7712,75,3758.31,50.11,28,0,0.0,0.0,4 - Clean
7713,145,7807.55,53.85,43,1,301.85,0.69,3 - Watch
7714,60,3558.09,59.3,27,0,0.0,0.0,4 - Clean
7715,102,5858.16,57.43,30,0,0.0,0.0,4 - Clean
7716,95,5331.09,56.12,35,0,0.0,0.0,4 - Clean
7717,83,4473.53,53.9,27,0,0.0,0.0,4 - Clean
7718,95,5660.88,59.59,25,0,0.0,0.0,4 - Clean
7719,112,5400.72,48.22,38,0,0.0,0.0,4 - Clean
7720,46,2038.95,44.32,19,0,0.0,0.0,4 - Clean
7721,57,3292.01,57.75,25,0,0.0,0.0,4 - Clean
7722,100,3690.58,36.91,32,0,0.0,0.0,4 - Clean
7723,113,5783.33,51.18,33,1,259.0,0.885,3 - Watch
7724,112,6052.96,54.04,37,0,0.0,0.0,4 - Clean
7725,99,5047.25,50.98,36,0,0.0,0.0,4 - Clean
7726,84,4502.43,53.6,24,0,0.0,0.0,4 - Clean
7727,61,4008.91,65.72,20,0,0.0,0.0,4 - Clean
7728,89,5467.68,61.43,30,0,0.0,0.0,4 - Clean
7729,96,5117.38,53.31,29,0,0.0,0.0,4 - Clean
7730,111,4321.98,38.94,30,0,0.0,0.0,4 - Clean
7731,86,4599.79,53.49,36,0,0.0,0.0,4 - Clean
7732,98,5100.64,52.05,21,0,0.0,0.0,4 - Clean
7733,90,5471.73,60.8,30,0,0.0,0.0,4 - Clean
7734,63,3509.25,55.7,21,0,0.0,0.0,4 - Clean
7735,80,4227.53,52.84,34,1,264.4,1.25,3 - Watch
7736,70,3982.13,56.89,29,0,0.0,0.0,4 - Clean
7737,52,3330.5,64.05,19,0,0.0,0.0,4 - Clean
7738,93,4561.37,49.05,32,0,0.0,0.0,4 - Clean
7739,92,3936.01,42.78,28,0,0.0,0.0,4 - Clean
7740,46,2307.47,50.16,18,0,0.0,0.0,4 - Clean
7741,82,4380.83,53.42,30,0,0.0,0.0,4 - Clean
7742,75,4052.04,54.03,22,0,0.0,0.0,4 - Clean
7743,87,4828.75,55.5,28,0,0.0,0.0,4 - Clean
7744,111,4459.32,40.17,35,1,286.8,0.901,3 - Watch
7745,111,6284.76,56.62,37,0,0.0,0.0,4 - Clean
7746,82,3042.02,37.1,26,0,0.0,0.0,4 - Clean
7747,80,4295.7,53.7,29,0,0.0,0.0,4 - Clean
7748,54,2788.99,51.65,22,0,0.0,0.0,4 - Clean
7749,66,3628.76,54.98,19,0,0.0,0.0,4 - Clean
7750,108,4953.83,45.87,38,0,0.0,0.0,4 - Clean
7751,79,3990.55,50.51,26,0,0.0,0.0,4 - Clean
7752,46,2151.02,46.76,17,0,0.0,0.0,4 - Clean
7753,56,2870.63,51.26,15,0,0.0,0.0,4 - Clean
7754,63,3006.53,47.72,20,0,0.0,0.0,4 - Clean
7755,89,4615.66,51.86,31,0,0.0,0.0,4 - Clean
7756,57,2948.11,51.72,24,0,0.0,0.0,4 - Clean
7757,88,4388.31,49.87,30,0,0.0,0.0,4 - Clean
7758,103,5277.16,51.23,33,0,0.0,0.0,4 - Clean
7759,97,4473.74,46.12,36,0,0.0,0.0,4 - Clean
7760,87,4420.68,50.81,32,0,0.0,0.0,4 - Clean
7761,85,5028.54,59.16,33,1,180.0,1.176,3 - Watch
7762,75,4310.75,57.48,29,0,0.0,0.0,4 - Clean
7763,79,3183.73,40.3,23,0,0.0,0.0,4 - Clean
7764,72,4772.76,66.29,29,1,21.65,1.389,3 - Watch
7765,74,4043.66,54.64,29,0,0.0,0.0,4 - Clean
7766,81,3641.92,44.96,30,0,0.0,0.0,4 - Clean
7767,114,5533.45,48.54,36,0,0.0,0.0,4 - Clean
7768,86,3860.6,44.89,27,0,0.0,0.0,4 - Clean
7769,76,3735.28,49.15,33,0,0.0,0.0,4 - Clean
7770,74,3549.86,47.97,29,0,0.0,0.0,4 - Clean
7771,107,5526.18,51.65,36,1,225.41,0.935,3 - Watch
7772,111,4279.73,38.56,30,0,0.0,0.0,4 - Clean
7773,63,3914.62,62.14,24,0,0.0,0.0,4 - Clean
7774,92,4888.79,53.14,29,0,0.0,0.0,4 - Clean
7775,89,5068.27,56.95,31,0,0.0,0.0,4 - Clean
7776,107,7121.82,66.56,27,0,0.0,0.0,4 - Clean
7777,112,6330.23,56.52,35,1,220.51,0.893,3 - Watch
7778,106,6577.68,62.05,34,1,81.75,0.943,3 - Watch
7779,108,4869.2,45.09,37,0,0.0,0.0,4 - Clean
7780,46,2179.45,47.38,15,0,0.0,0.0,4 - Clean
7781,71,3649.8,51.41,26,0,0.0,0.0,4 - Clean
7782,110,5003.82,45.49,34,0,0.0,0.0,4 - Clean
7783,101,4685.19,46.39,38,1,111.15,0.99,3 - Watch
7784,80,3236.12,40.45,34,0,0.0,0.0,4 - Clean
7785,139,5854.65,42.12,40,0,0.0,0.0,4 - Clean
7786,106,4729.43,44.62,34,0,0.0,0.0,4 - Clean
7787,86,5034.63,58.54,29,0,0.0,0.0,4 - Clean
7788,70,4052.03,57.89,24,0,0.0,0.0,4 - Clean
7789,81,3967.05,48.98,33,0,0.0,0.0,4 - Clean
7790,80,5330.11,66.63,30,0,0.0,0.0,4 - Clean
7791,87,4819.16,55.39,29,0,0.0,0.0,4 - Clean
7792,95,5116.36,53.86,32,0,0.0,0.0,4 - Clean
7793,74,4018.83,54.31,28,0,0.0,0.0,4 - Clean
7794,90,5300.98,58.9,30,2,297.76,2.222,2 - High
7795,73,3250.57,44.53,25,0,0.0,0.0,4 - Clean
7796,115,4649.85,40.43,39,0,0.0,0.0,4 - Clean
7797,73,4246.75,58.17,25,0,0.0,0.0,4 - Clean
7798,161,9511.38,59.08,45,3,692.15,1.863,3 - Watch
7799,83,5007.07,60.33,26,1,49.75,1.205,3 - Watch
7800,103,5159.73,50.09,37,0,0.0,0.0,4 - Clean
7801,94,3782.68,40.24,32,0,0.0,0.0,4 - Clean
7802,95,5323.13,56.03,31,0,0.0,0.0,4 - Clean
7803,81,5111.97,63.11,27,1,222.86,1.235,3 - Watch
7804,113,5540.18,49.03,32,0,0.0,0.0,4 - Clean
7805,107,5207.4,48.67,45,0,0.0,0.0,4 - Clean
7806,112,5381.97,48.05,39,0,0.0,0.0,4 - Clean
7807,88,4770.53,54.21,26,0,0.0,0.0,4 - Clean
7808,102,6120.05,60.0,30,1,347.55,0.98,3 - Watch
7809,77,4830.75,62.74,27,0,0.0,0.0,4 - Clean
7810,99,6513.56,65.79,25,0,0.0,0.0,4 - Clean
7811,101,4662.99,46.17,42,0,0.0,0.0,4 - Clean
7812,95,5087.56,53.55,30,1,192.5,1.053,3 - Watch
7813,47,2023.18,43.05,11,0,0.0,0.0,4 - Clean
7814,101,5446.77,53.93,32,1,470.9,0.99,3 - Watch
7815,72,3937.89,54.69,23,0,0.0,0.0,4 - Clean
7816,47,2668.78,56.78,17,0,0.0,0.0,4 - Clean
7817,124,5617.46,45.3,36,0,0.0,0.0,4 - Clean
7818,32,1500.34,46.89,11,0,0.0,0.0,4 - Clean
7819,81,4799.91,59.26,28,0,0.0,0.0,4 - Clean
7820,61,3156.06,51.74,26,0,0.0,0.0,4 - Clean
7821,112,5906.56,52.74,36,0,0.0,0.0,4 - Clean
7822,91,5549.91,60.99,26,0,0.0,0.0,4 - Clean
7823,106,6546.39,61.76,25,1,237.75,0.943,3 - Watch
7824,101,5109.01,50.58,30,0,0.0,0.0,4 - Clean
7825,94,5466.06,58.15,24,0,0.0,0.0,4 - Clean
7826,82,3480.01,42.44,25,0,0.0,0.0,4 - Clean
7827,84,4820.71,57.39,30,0,0.0,0.0,4 - Clean
7828,87,5075.06,58.33,32,0,0.0,0.0,4 - Clean
7829,67,3564.13,53.2,22,0,0.0,0.0,4 - Clean
7830,133,7231.89,54.38,39,0,0.0,0.0,4 - Clean
7831,127,7890.69,62.13,31,0,0.0,0.0,4 - Clean
7832,94,6307.25,67.1,22,0,0.0,0.0,4 - Clean
7833,64,3998.78,62.48,24,0,0.0,0.0,4 - Clean
7834,41,1797.88,43.85,18,0,0.0,0.0,4 - Clean
7835,96,4997.85,52.06,27,1,89.85,1.042,3 - Watch
7836,87,5229.3,60.11,27,2,327.47,2.299,2 - High
7837,67,3985.59,59.49,22,0,0.0,0.0,4 - Clean
7838,93,4757.54,51.16,29,0,0.0,0.0,4 - Clean
7839,131,8235.85,62.87,39,1,239.87,0.763,3 - Watch
7840,79,5643.23,71.43,31,1,156.25,1.266,3 - Watch
7841,114,5466.09,47.95,32,0,0.0,0.0,4 - Clean
7842,43,2089.15,48.58,14,0,0.0,0.0,4 - Clean
7843,75,3757.07,50.09,21,0,0.0,0.0,4 - Clean
7844,78,3431.56,43.99,23,0,0.0,0.0,4 - Clean
7845,106,6653.93,62.77,31,2,524.62,1.887,3 - Watch
7846,105,5138.9,48.94,31,0,0.0,0.0,4 - Clean
7847,103,5765.5,55.98,38,1,449.85,0.971,3 - Watch
7848,139,8401.32,60.44,45,1,263.15,0.719,3 - Watch
7849,60,3285.43,54.76,27,1,365.4,1.667,3 - Watch
7850,93,5464.4,58.76,28,0,0.0,0.0,4 - Clean
7851,96,5425.59,56.52,31,0,0.0,0.0,4 - Clean
7852,119,6622.86,55.65,45,1,43.9,0.84,3 - Watch
7853,72,4469.52,62.08,24,0,0.0,0.0,4 - Clean
7854,126,7307.91,58.0,37,0,0.0,0.0,4 - Clean
7855,84,4319.55,51.42,26,1,399.1,1.19,3 - Watch
7856,137,6691.16,48.84,38,0,0.0,0.0,4 - Clean
7857,79,4848.42,61.37,21,0,0.0,0.0,4 - Clean
7858,80,4933.13,61.66,30,0,0.0,0.0,4 - Clean
7859,88,3742.88,42.53,36,0,0.0,0.0,4 - Clean
7860,84,4287.73,51.04,23,1,215.8,1.19,3 - Watch
7861,93,4011.6,43.14,30,3,444.7,3.226,2 - High
7862,103,5019.23,48.73,33,0,0.0,0.0,4 - Clean
7863,77,5125.35,66.56,21,0,0.0,0.0,4 - Clean
7864,107,7794.94,72.85,30,0,0.0,0.0,4 - Clean
7865,103,6186.74,60.07,29,0,0.0,0.0,4 - Clean
7866,83,5556.46,66.95,20,0,0.0,0.0,4 - Clean
7867,66,4278.27,64.82,26,1,246.75,1.515,3 - Watch
7868,72,3548.95,49.29,26,29,1454.88,40.278,1 - Critical
7869,82,3911.99,47.71,29,1,35.85,1.22,3 - Watch
7870,98,4907.11,50.07,37,0,0.0,0.0,4 - Clean
7871,72,2799.11,38.88,30,0,0.0,0.0,4 - Clean
7872,92,4452.66,48.4,35,0,0.0,0.0,4 - Clean
7873,56,2708.13,48.36,18,0,0.0,0.0,4 - Clean
7874,70,4209.61,60.14,20,1,69.5,1.429,3 - Watch
7875,71,3973.6,55.97,27,0,0.0,0.0,4 - Clean
7876,80,4283.68,53.55,29,0,0.0,0.0,4 - Clean
7877,84,4610.63,54.89,29,0,0.0,0.0,4 - Clean
7878,114,6838.26,59.98,31,33,2154.42,28.947,1 - Critical
7879,72,3830.95,53.21,27,0,0.0,0.0,4 - Clean
7880,39,2248.25,57.65,16,0,0.0,0.0,4 - Clean
7881,95,7151.3,75.28,34,1,331.6,1.053,3 - Watch
7882,98,5524.21,56.37,30,0,0.0,0.0,4 - Clean
7883,108,6714.89,62.17,33,0,0.0,0.0,4 - Clean
7884,172,8245.46,47.94,40,1,99.65,0.581,3 - Watch
7885,106,5736.83,54.12,28,0,0.0,0.0,4 - Clean
7886,57,2516.86,44.16,24,0,0.0,0.0,4 - Clean
7887,102,4605.49,45.15,37,0,0.0,0.0,4 - Clean
7888,63,3246.92,51.54,29,0,0.0,0.0,4 - Clean
7889,54,2511.92,46.52,24,0,0.0,0.0,4 - Clean
7890,86,6761.32,78.62,29,2,673.65,2.326,2 - High
7891,96,4271.47,44.49,33,1,495.85,1.042,3 - Watch
7892,52,2784.66,53.55,25,0,0.0,0.0,4 - Clean
7893,76,3552.34,46.74,29,0,0.0,0.0,4 - Clean
7894,50,2806.73,56.13,14,0,0.0,0.0,4 - Clean
7895,114,5299.13,46.48,36,0,0.0,0.0,4 - Clean
7896,131,5824.87,44.46,40,0,0.0,0.0,4 - Clean
7897,104,6296.11,60.54,32,0,0.0,0.0,4 - Clean
7898,122,6594.93,54.06,38,0,0.0,0.0,4 - Clean
7899,82,4045.73,49.34,33,0,0.0,0.0,4 - Clean
7900,106,7145.38,67.41,25,2,734.83,1.887,3 - Watch
7901,65,4049.37,62.3,23,0,0.0,0.0,4 - Clean
7902,64,3610.58,56.42,28,0,0.0,0.0,4 - Clean
7903,105,5058.58,48.18,28,0,0.0,0.0,4 - Clean
7904,84,5135.35,61.14,24,0,0.0,0.0,4 - Clean
7905,107,5669.87,52.99,33,1,226.85,0.935,3 - Watch
7906,77,5134.15,66.68,31,0,0.0,0.0,4 - Clean
7907,73,4747.67,65.04,28,1,361.55,1.37,3 - Watch
7908,121,8085.7,66.82,45,2,832.2,1.653,3 - Watch
7909,87,4104.79,47.18,31,0,0.0,0.0,4 - Clean
7910,40,2178.17,54.45,23,0,0.0,0.0,4 - Clean
7911,92,5199.94,56.52,32,0,0.0,0.0,4 - Clean
7912,115,6016.48,52.32,39,0,0.0,0.0,4 - Clean
7913,118,4984.71,42.24,39,1,99.95,0.847,3 - Watch
7914,86,4018.9,46.73,33,0,0.0,0.0,4 - Clean
7915,52,3559.72,68.46,18,0,0.0,0.0,4 - Clean
7916,104,5683.15,54.65,33,0,0.0,0.0,4 - Clean
7917,76,3130.36,41.19,23,0,0.0,0.0,4 - Clean
7918,56,3020.58,53.94,20,0,0.0,0.0,4 - Clean
7919,87,5921.87,68.07,31,1,228.17,1.149,3 - Watch
7920,75,3757.5,50.1,22,0,0.0,0.0,4 - Clean
7921,93,5629.06,60.53,26,0,0.0,0.0,4 - Clean
7922,107,4583.5,42.84,34,0,0.0,0.0,4 - Clean
7923,101,6414.73,63.51,35,0,0.0,0.0,4 - Clean
7924,84,3793.85,45.16,29,1,53.35,1.19,3 - Watch
7925,82,3284.24,40.05,32,0,0.0,0.0,4 - Clean
7926,82,3551.07,43.31,28,25,1322.41,30.488,1 - Critical
7927,81,4663.03,57.57,31,1,192.7,1.235,3 - Watch
7928,88,5024.56,57.1,26,0,0.0,0.0,4 - Clean
7929,109,5627.09,51.62,33,0,0.0,0.0,4 - Clean
7930,88,4944.46,56.19,34,0,0.0,0.0,4 - Clean
7931,81,4864.64,60.06,25,1,308.15,1.235,3 - Watch
7932,99,6189.0,62.52,30,0,0.0,0.0,4 - Clean
7933,92,4521.15,49.14,29,0,0.0,0.0,4 - Clean
7934,81,3740.69,46.18,25,0,0.0,0.0,4 - Clean
7935,61,3873.83,63.51,27,1,549.15,1.639,3 - Watch
7936,109,5291.17,48.54,33,0,0.0,0.0,4 - Clean
7937,85,4930.94,58.01,26,1,323.9,1.176,3 - Watch
7938,98,4603.52,46.97,29,2,427.12,2.041,2 - High
7939,68,4323.82,63.59,22,0,0.0,0.0,4 - Clean
7940,79,4494.25,56.89,29,0,0.0,0.0,4 - Clean
7941,64,3474.87,54.29,28,0,0.0,0.0,4 - Clean
7942,84,5280.83,62.87,31,2,641.65,2.381,2 - High
7943,95,4502.1,47.39,32,0,0.0,0.0,4 - Clean
7944,105,6399.99,60.95,32,0,0.0,0.0,4 - Clean
7945,97,4588.1,47.3,37,0,0.0,0.0,4 - Clean
7946,56,2900.61,51.8,19,0,0.0,0.0,4 - Clean
7947,62,2849.91,45.97,29,0,0.0,0.0,4 - Clean
7948,66,4085.01,61.89,17,1,15.65,1.515,3 - Watch
7949,107,6005.25,56.12,34,0,0.0,0.0,4 - Clean
7950,79,4154.77,52.59,26,0,0.0,0.0,4 - Clean
7951,67,4304.57,64.25,24,0,0.0,0.0,4 - Clean
7952,111,6476.14,58.34,35,1,455.0,0.901,3 - Watch
7953,89,4345.87,48.83,29,0,0.0,0.0,4 - Clean
7954,92,5690.01,61.85,32,0,0.0,0.0,4 - Clean
7955,58,2687.91,46.34,22,0,0.0,0.0,4 - Clean
7956,70,3122.32,44.6,25,0,0.0,0.0,4 - Clean
7957,127,6285.48,49.49,43,1,220.49,0.787,3 - Watch
7958,93,6254.16,67.25,29,0,0.0,0.0,4 - Clean
7959,66,2551.76,38.66,19,0,0.0,0.0,4 - Clean
7960,63,3519.64,55.87,26,0,0.0,0.0,4 - Clean
7961,68,3009.97,44.26,28,0,0.0,0.0,4 - Clean
7962,82,3618.0,44.12,29,0,0.0,0.0,4 - Clean
7963,66,3469.29,52.56,21,0,0.0,0.0,4 - Clean
7964,113,6767.92,59.89,34,0,0.0,0.0,4 - Clean
7965,102,5967.51,58.5,38,1,33.3,0.98,3 - Watch
7966,65,3824.11,58.83,22,0,0.0,0.0,4 - Clean
7967,80,4237.67,52.97,23,0,0.0,0.0,4 - Clean
7968,69,3032.84,43.95,32,0,0.0,0.0,4 - Clean
7969,121,6111.73,50.51,33,0,0.0,0.0,4 - Clean
7970,78,3948.62,50.62,29,0,0.0,0.0,4 - Clean
7971,81,5020.8,61.99,27,0,0.0,0.0,4 - Clean
7972,59,3956.56,67.06,21,0,0.0,0.0,4 - Clean
7973,119,5207.48,43.76,33,0,0.0,0.0,4 - Clean
7974,76,5187.54,68.26,23,1,321.25,1.316,3 - Watch
7975,37,2356.01,63.68,12,0,0.0,0.0,4 - Clean
7976,107,6518.48,60.92,38,0,0.0,0.0,4 - Clean
7977,127,8399.72,66.14,41,1,305.65,0.787,3 - Watch
7978,90,4820.61,53.56,32,0,0.0,0.0,4 - Clean
7979,76,4686.66,61.67,24,1,123.1,1.316,3 - Watch
7980,74,3960.93,53.53,27,0,0.0,0.0,4 - Clean
7981,99,5136.54,51.88,26,0,0.0,0.0,4 - Clean
7982,83,4855.11,58.5,26,0,0.0,0.0,4 - Clean
7983,108,5431.74,50.29,37,0,0.0,0.0,4 - Clean
7984,94,4574.47,48.66,31,0,0.0,0.0,4 - Clean
7985,115,4570.26,39.74,36,0,0.0,0.0,4 - Clean
7986,97,6060.53,62.48,32,0,0.0,0.0,4 - Clean
7987,75,3714.64,49.53,28,0,0.0,0.0,4 - Clean
7988,110,5081.48,46.2,35,27,1436.94,24.545,1 - Critical
7989,74,4038.11,54.57,26,0,0.0,0.0,4 - Clean
7990,90,4514.43,50.16,37,0,0.0,0.0,4 - Clean
7991,111,5995.46,54.01,42,1,105.3,0.901,3 - Watch
7992,118,4875.37,41.32,33,0,0.0,0.0,4 - Clean
7993,96,5003.37,52.12,33,1,223.01,1.042,3 - Watch
7994,112,5711.91,51.0,32,0,0.0,0.0,4 - Clean
7995,81,4914.2,60.67,22,0,0.0,0.0,4 - Clean
7996,111,6260.92,56.4,30,1,354.65,0.901,3 - Watch
7997,74,3715.67,50.21,26,0,0.0,0.0,4 - Clean
7998,104,5509.71,52.98,32,0,0.0,0.0,4 - Clean
7999,92,4788.89,52.05,30,0,0.0,0.0,4 - Clean
8000,54,3016.84,55.87,20,1,238.78,1.852,3 - Watch
8001,132,7726.08,58.53,46,0,0.0,0.0,4 - Clean
8002,101,5788.97,57.32,27,21,1329.58,20.792,1 - Critical
8003,126,6557.55,52.04,40,0,0.0,0.0,4 - Clean
8004,67,3922.65,58.55,21,2,339.35,2.985,2 - High
8005,81,3546.42,43.78,28,0,0.0,0.0,4 - Clean
8006,79,3973.59,50.3,29,1,108.3,1.266,3 - Watch
8007,78,4762.29,61.06,26,0,0.0,0.0,4 - Clean
8008,81,4452.4,54.97,32,0,0.0,0.0,4 - Clean
8009,90,5217.66,57.97,37,0,0.0,0.0,4 - Clean
8010,68,2808.09,41.3,28,0,0.0,0.0,4 - Clean
8011,90,4789.58,53.22,37,0,0.0,0.0,4 - Clean
8012,89,4654.29,52.3,32,0,0.0,0.0,4 - Clean
8013,89,3995.28,44.89,33,1,226.65,1.124,3 - Watch
8014,79,4801.89,60.78,26,0,0.0,0.0,4 - Clean
8015,79,4069.66,51.51,34,0,0.0,0.0,4 - Clean
8016,112,6521.34,58.23,31,0,0.0,0.0,4 - Clean
8017,75,3316.6,44.22,24,0,0.0,0.0,4 - Clean
8018,109,5885.55,54.0,31,0,0.0,0.0,4 - Clean
8019,46,2053.74,44.65,18,0,0.0,0.0,4 - Clean
8020,122,5941.82,48.7,35,0,0.0,0.0,4 - Clean
8021,62,3291.18,53.08,32,0,0.0,0.0,4 - Clean
8022,112,5484.66,48.97,35,1,33.55,0.893,3 - Watch
8023,84,4742.17,56.45,29,0,0.0,0.0,4 - Clean
8024,79,5388.71,68.21,28,0,0.0,0.0,4 - Clean
8025,77,3827.08,49.7,26,0,0.0,0.0,4 - Clean
8026,82,4657.38,56.8,35,1,151.5,1.22,3 - Watch
8027,139,7661.78,55.12,36,0,0.0,0.0,4 - Clean
8028,105,5671.08,54.01,34,1,238.1,0.952,3 - Watch
8029,96,3941.03,41.05,33,1,393.7,1.042,3 - Watch
8030,86,5370.61,62.45,30,1,197.35,1.163,3 - Watch
8031,73,4534.64,62.12,24,0,0.0,0.0,4 - Clean
8032,72,4912.66,68.23,22,0,0.0,0.0,4 - Clean
8033,99,4683.39,47.31,28,0,0.0,0.0,4 - Clean
8034,106,6442.86,60.78,24,0,0.0,0.0,4 - Clean
8035,58,4060.88,70.02,21,0,0.0,0.0,4 - Clean
8036,72,4241.53,58.91,28,0,0.0,0.0,4 - Clean
8037,86,4874.25,56.68,28,0,0.0,0.0,4 - Clean
8038,108,5876.56,54.41,34,1,42.55,0.926,3 - Watch
8039,68,3893.84,57.26,26,0,0.0,0.0,4 - Clean
8040,106,6608.6,62.35,33,0,0.0,0.0,4 - Clean
8041,62,3760.7,60.66,20,1,240.55,1.613,3 - Watch
8042,103,5138.78,49.89,33,0,0.0,0.0,4 - Clean
8043,94,4566.98,48.58,37,0,0.0,0.0,4 - Clean
8044,98,6037.07,61.6,30,2,545.1,2.041,2 - High
8045,59,3452.27,58.51,24,0,0.0,0.0,4 - Clean
8046,86,4291.74,49.9,29,1,255.05,1.163,3 - Watch
8047,86,4658.28,54.17,29,0,0.0,0.0,4 - Clean
8048,67,3983.76,59.46,32,0,0.0,0.0,4 - Clean
8049,85,4783.76,56.28,28,0,0.0,0.0,4 - Clean
8050,62,3221.16,51.95,31,0,0.0,0.0,4 - Clean
8051,85,4050.5,47.65,34,0,0.0,0.0,4 - Clean
8052,32,1439.56,44.99,12,0,0.0,0.0,4 - Clean
8053,87,4783.0,54.98,19,0,0.0,0.0,4 - Clean
8054,69,3923.71,56.87,25,0,0.0,0.0,4 - Clean
8055,89,4293.61,48.24,28,0,0.0,0.0,4 - Clean
8056,70,3675.41,52.51,25,0,0.0,0.0,4 - Clean
8057,78,4031.21,51.68,18,0,0.0,0.0,4 - Clean
8058,97,4961.54,51.15,34,0,0.0,0.0,4 - Clean
8059,51,2306.45,45.22,26,0,0.0,0.0,4 - Clean
8060,68,4423.87,65.06,25,1,228.6,1.471,3 - Watch
8061,80,4288.35,53.6,28,1,285.1,1.25,3 - Watch
8062,57,3360.76,58.96,26,1,309.25,1.754,3 - Watch
8063,76,4815.55,63.36,27,0,0.0,0.0,4 - Clean
8064,96,6627.02,69.03,29,0,0.0,0.0,4 - Clean
8065,89,4860.38,54.61,35,0,0.0,0.0,4 - Clean
8066,86,4186.62,48.68,33,1,234.01,1.163,3 - Watch
8067,81,4346.87,53.67,27,1,80.7,1.235,3 - Watch
8068,78,4692.35,60.16,24,0,0.0,0.0,4 - Clean
8069,105,6009.81,57.24,35,0,0.0,0.0,4 - Clean
8070,90,4541.99,50.47,28,0,0.0,0.0,4 - Clean
8071,57,3475.25,60.97,27,0,0.0,0.0,4 - Clean
8072,83,4645.32,55.97,22,0,0.0,0.0,4 - Clean
8073,63,3507.91,55.68,27,0,0.0,0.0,4 - Clean
8074,99,4918.59,49.68,32,0,0.0,0.0,4 - Clean
8075,91,3494.39,38.4,28,0,0.0,0.0,4 - Clean
8076,90,3750.17,41.67,33,0,0.0,0.0,4 - Clean
8077,77,4218.22,54.78,29,0,0.0,0.0,4 - Clean
8078,75,3793.91,50.59,28,0,0.0,0.0,4 - Clean
8079,101,5877.85,58.2,40,1,221.67,0.99,3 - Watch
8080,56,2747.37,49.06,27,0,0.0,0.0,4 - Clean
8081,54,3637.32,67.36,17,0,0.0,0.0,4 - Clean
8082,71,3382.83,47.65,35,0,0.0,0.0,4 - Clean
8083,96,5369.7,55.93,32,0,0.0,0.0,4 - Clean
8084,65,3278.8,50.44,23,0,0.0,0.0,4 - Clean
8085,71,3918.76,55.19,26,1,311.7,1.408,3 - Watch
8086,78,4853.53,62.22,30,0,0.0,0.0,4 - Clean
8087,110,5923.93,53.85,27,0,0.0,0.0,4 - Clean
8088,108,4959.5,45.92,38,0,0.0,0.0,4 - Clean
8089,98,4973.22,50.75,34,1,90.6,1.02,3 - Watch
8090,71,4163.3,58.64,26,0,0.0,0.0,4 - Clean
8091,68,2870.94,42.22,21,0,0.0,0.0,4 - Clean
8092,103,6055.35,58.79,34,0,0.0,0.0,4 - Clean
8093,56,2664.65,47.58,18,1,51.2,1.786,3 - Watch
8094,93,6472.68,69.6,31,1,342.65,1.075,3 - Watch
8095,91,6020.13,66.16,29,1,362.2,1.099,3 - Watch
8096,51,3107.36,60.93,12,0,0.0,0.0,4 - Clean
8097,120,6296.34,52.47,37,0,0.0,0.0,4 - Clean
8098,66,3534.29,53.55,26,0,0.0,0.0,4 - Clean
8099,154,8790.45,57.08,46,0,0.0,0.0,4 - Clean
8100,102,6788.59,66.55,36,0,0.0,0.0,4 - Clean
8101,55,2847.09,51.77,23,1,596.75,1.818,3 - Watch
8102,59,3583.36,60.73,27,0,0.0,0.0,4 - Clean
8103,102,4088.42,40.08,34,0,0.0,0.0,4 - Clean
8104,69,3798.17,55.05,27,0,0.0,0.0,4 - Clean
8105,100,5034.29,50.34,31,0,0.0,0.0,4 - Clean
8106,141,7345.17,52.09,27,0,0.0,0.0,4 - Clean
8107,123,5807.76,47.22,37,0,0.0,0.0,4 - Clean
8108,77,3606.36,46.84,24,0,0.0,0.0,4 - Clean
8109,83,5342.54,64.37,29,0,0.0,0.0,4 - Clean
8110,95,5196.96,54.7,32,1,49.45,1.053,3 - Watch
8111,75,3535.41,47.14,25,0,0.0,0.0,4 - Clean
8112,102,6207.65,60.86,31,0,0.0,0.0,4 - Clean
8113,69,4169.88,60.43,27,0,0.0,0.0,4 - Clean
8114,58,2784.02,48.0,21,0,0.0,0.0,4 - Clean
8115,104,5983.35,57.53,29,0,0.0,0.0,4 - Clean
8116,102,5312.23,52.08,33,1,13.1,0.98,3 - Watch
8117,84,4685.43,55.78,29,0,0.0,0.0,4 - Clean
8118,108,5261.56,48.72,32,0,0.0,0.0,4 - Clean
8119,120,5021.59,41.85,32,0,0.0,0.0,4 - Clean
8120,78,4066.82,52.14,27,0,0.0,0.0,4 - Clean
8121,101,5536.12,54.81,25,0,0.0,0.0,4 - Clean
8122,73,4591.25,62.89,28,0,0.0,0.0,4 - Clean
8123,97,5078.95,52.36,27,0,0.0,0.0,4 - Clean
8124,77,4326.9,56.19,28,1,402.25,1.299,3 - Watch
8125,97,5013.15,51.68,30,0,0.0,0.0,4 - Clean
8126,141,7408.62,52.54,42,0,0.0,0.0,4 - Clean
8127,66,3384.21,51.28,23,0,0.0,0.0,4 - Clean
8128,97,5344.03,55.09,30,0,0.0,0.0,4 - Clean
8129,97,4857.29,50.08,34,1,495.05,1.031,3 - Watch
8130,185,10281.81,55.58,51,0,0.0,0.0,4 - Clean
8131,101,5896.57,58.38,33,0,0.0,0.0,4 - Clean
8132,68,3436.08,50.53,25,2,338.29,2.941,2 - High
8133,97,4136.36,42.64,34,0,0.0,0.0,4 - Clean
8134,63,3602.38,57.18,19,0,0.0,0.0,4 - Clean
8135,86,4028.26,46.84,31,1,325.6,1.163,3 - Watch
8136,129,6589.2,51.08,33,1,35.55,0.775,3 - Watch
8137,94,4806.8,51.14,23,0,0.0,0.0,4 - Clean
8138,79,4457.9,56.43,29,0,0.0,0.0,4 - Clean
8139,101,5930.29,58.72,32,0,0.0,0.0,4 - Clean
8140,76,4045.1,53.22,32,0,0.0,0.0,4 - Clean
8141,119,5704.02,47.93,35,0,0.0,0.0,4 - Clean
8142,84,5242.12,62.41,26,1,165.45,1.19,3 - Watch
8143,106,5223.24,49.28,28,1,128.0,0.943,3 - Watch
8144,99,3645.36,36.82,38,0,0.0,0.0,4 - Clean
8145,50,2970.68,59.41,14,13,812.17,26.0,1 - Critical
8146,100,5996.41,59.96,27,0,0.0,0.0,4 - Clean
8147,74,2853.52,38.56,25,0,0.0,0.0,4 - Clean
8148,96,5946.22,61.94,23,0,0.0,0.0,4 - Clean
8149,96,5192.95,54.09,34,1,343.4,1.042,3 - Watch
8150,85,5126.24,60.31,28,0,0.0,0.0,4 - Clean
8151,82,5081.8,61.97,29,0,0.0,0.0,4 - Clean
8152,98,5675.5,57.91,25,0,0.0,0.0,4 - Clean
8153,62,3400.32,54.84,20,0,0.0,0.0,4 - Clean
8154,90,4998.14,55.53,33,0,0.0,0.0,4 - Clean
8155,80,4335.92,54.2,29,0,0.0,0.0,4 - Clean
8156,90,3696.19,41.07,31,0,0.0,0.0,4 - Clean
8157,80,3786.06,47.33,33,0,0.0,0.0,4 - Clean
8158,78,3882.03,49.77,26,0,0.0,0.0,4 - Clean
8159,110,6020.13,54.73,36,0,0.0,0.0,4 - Clean
8160,88,5218.83,59.3,28,0,0.0,0.0,4 - Clean
8161,74,3425.07,46.28,27,0,0.0,0.0,4 - Clean
8162,96,5189.11,54.05,33,1,237.9,1.042,3 - Watch
8163,83,4136.46,49.84,31,0,0.0,0.0,4 - Clean
8164,71,3984.64,56.12,30,0,0.0,0.0,4 - Clean
8165,153,7248.03,47.37,45,0,0.0,0.0,4 - Clean
8166,94,4802.66,51.09,35,1,9.15,1.064,3 - Watch
8167,103,4832.17,46.91,32,0,0.0,0.0,4 - Clean
8168,78,3833.58,49.15,28,0,0.0,0.0,4 - Clean
8169,120,7563.61,63.03,30,1,495.65,0.833,3 - Watch
8170,72,4123.51,57.27,22,0,0.0,0.0,4 - Clean
8171,70,3265.95,46.66,25,0,0.0,0.0,4 - Clean
8172,100,5427.0,54.27,26,0,0.0,0.0,4 - Clean
8173,66,4648.04,70.42,22,0,0.0,0.0,4 - Clean
8174,61,3273.79,53.67,24,0,0.0,0.0,4 - Clean
8175,89,5340.3,60.0,31,1,101.1,1.124,3 - Watch
8176,91,5179.23,56.91,31,0,0.0,0.0,4 - Clean
8177,90,4928.23,54.76,34,1,230.34,1.111,3 - Watch
8178,88,4709.32,53.51,30,0,0.0,0.0,4 - Clean
8179,91,5175.21,56.87,28,0,0.0,0.0,4 - Clean
8180,91,5337.55,58.65,27,0,0.0,0.0,4 - Clean
8181,92,4167.31,45.3,29,0,0.0,0.0,4 - Clean
8182,65,3537.5,54.42,28,0,0.0,0.0,4 - Clean
8183,75,4036.66,53.82,25,0,0.0,0.0,4 - Clean
8184,69,3159.74,45.79,26,0,0.0,0.0,4 - Clean
8185,105,6934.96,66.05,28,0,0.0,0.0,4 - Clean
8186,58,2481.46,42.78,19,0,0.0,0.0,4 - Clean
8187,78,4158.72,53.32,29,0,0.0,0.0,4 - Clean
8188,95,5261.53,55.38,25,0,0.0,0.0,4 - Clean
8189,82,4576.46,55.81,28,0,0.0,0.0,4 - Clean
8190,75,3669.03,48.92,26,0,0.0,0.0,4 - Clean
8191,112,5823.49,52.0,25,0,0.0,0.0,4 - Clean
8192,107,6318.5,59.05,35,1,225.18,0.935,3 - Watch
8193,102,7222.16,70.81,35,3,1714.2,2.941,2 - High
8194,55,3713.41,67.52,14,0,0.0,0.0,4 - Clean
8195,107,6144.13,57.42,33,0,0.0,0.0,4 - Clean
8196,40,1620.84,40.52,12,0,0.0,0.0,4 - Clean
8197,65,3327.63,51.19,27,0,0.0,0.0,4 - Clean
8198,98,6424.57,65.56,24,0,0.0,0.0,4 - Clean
8199,62,3332.03,53.74,17,0,0.0,0.0,4 - Clean
8200,83,3337.19,40.21,31,0,0.0,0.0,4 - Clean
8201,78,3914.88,50.19,31,0,0.0,0.0,4 - Clean
8202,97,5304.84,54.69,27,0,0.0,0.0,4 - Clean
8203,96,5051.19,52.62,32,0,0.0,0.0,4 - Clean
8204,78,4695.49,60.2,30,0,0.0,0.0,4 - Clean
8205,49,2070.66,42.26,19,0,0.0,0.0,4 - Clean
8206,72,4211.91,58.5,30,0,0.0,0.0,4 - Clean
8207,84,4316.38,51.39,31,1,43.05,1.19,3 - Watch
8208,86,4148.62,48.24,37,0,0.0,0.0,4 - Clean
8209,91,4970.41,54.62,29,0,0.0,0.0,4 - Clean
8210,102,5712.11,56.0,31,0,0.0,0.0,4 - Clean
8211,96,4823.03,50.24,27,0,0.0,0.0,4 - Clean
8212,112,6007.12,53.64,32,0,0.0,0.0,4 - Clean
8213,75,4890.99,65.21,28,1,254.85,1.333,3 - Watch
8214,75,4045.2,53.94,28,1,247.04,1.333,3 - Watch
8215,126,7215.33,57.26,41,2,812.15,1.587,3 - Watch
8216,81,5377.18,66.38,26,0,0.0,0.0,4 - Clean
8217,133,6815.39,51.24,37,0,0.0,0.0,4 - Clean
8218,90,4953.83,55.04,26,0,0.0,0.0,4 - Clean
8219,85,5630.55,66.24,28,1,433.5,1.176,3 - Watch
8220,80,3928.61,49.11,36,0,0.0,0.0,4 - Clean
8221,60,2752.02,45.87,28,0,0.0,0.0,4 - Clean
8222,118,6925.96,58.69,41,1,36.4,0.847,3 - Watch
8223,96,5282.25,55.02,31,1,223.57,1.042,3 - Watch
8224,101,5853.67,57.96,35,0,0.0,0.0,4 - Clean
8225,79,3347.35,42.37,18,0,0.0,0.0,4 - Clean
8226,100,5466.91,54.67,32,0,0.0,0.0,4 - Clean
8227,103,6376.93,61.91,29,2,948.8,1.942,3 - Watch
8228,89,4142.93,46.55,29,0,0.0,0.0,4 - Clean
8229,68,2951.46,43.4,22,0,0.0,0.0,4 - Clean
8230,59,2734.39,46.35,22,0,0.0,0.0,4 - Clean
8231,95,4711.11,49.59,30,0,0.0,0.0,4 - Clean
8232,114,5467.59,47.96,39,1,92.25,0.877,3 - Watch
8233,100,5632.9,56.33,33,1,238.76,1.0,3 - Watch
8234,113,5624.57,49.77,36,0,0.0,0.0,4 - Clean
8235,71,3394.72,47.81,23,1,137.3,1.408,3 - Watch
8236,101,3988.38,39.49,34,0,0.0,0.0,4 - Clean
8237,101,5936.74,58.78,33,0,0.0,0.0,4 - Clean
8238,107,6174.3,57.7,31,1,230.49,0.935,3 - Watch
8239,80,4337.01,54.21,27,0,0.0,0.0,4 - Clean
8240,92,5869.79,63.8,33,1,489.7,1.087,3 - Watch
8241,92,5112.6,55.57,36,1,221.35,1.087,3 - Watch
8242,90,4482.07,49.8,26,0,0.0,0.0,4 - Clean
8243,93,4904.66,52.74,31,0,0.0,0.0,4 - Clean
8244,79,4372.26,55.35,25,0,0.0,0.0,4 - Clean
8245,87,4255.25,48.91,33,0,0.0,0.0,4 - Clean
8246,117,6179.36,52.82,31,0,0.0,0.0,4 - Clean
8247,114,5887.97,51.65,34,0,0.0,0.0,4 - Clean
8248,98,4300.24,43.88,32,0,0.0,0.0,4 - Clean
8249,80,3428.92,42.86,29,0,0.0,0.0,4 - Clean
8250,86,4155.59,48.32,29,1,175.6,1.163,3 - Watch
8251,96,4426.65,46.11,29,0,0.0,0.0,4 - Clean
8252,98,6313.61,64.42,32,0,0.0,0.0,4 - Clean
8253,102,5400.3,52.94,25,0,0.0,0.0,4 - Clean
8254,65,3886.84,59.8,25,0,0.0,0.0,4 - Clean
8255,79,4812.53,60.92,23,0,0.0,0.0,4 - Clean
8256,135,6372.48,47.2,38,0,0.0,0.0,4 - Clean
8257,95,4469.07,47.04,38,0,0.0,0.0,4 - Clean
8258,62,2594.6,41.85,20,1,223.44,1.613,3 - Watch
8259,82,3859.85,47.07,30,0,0.0,0.0,4 - Clean
8260,81,5142.84,63.49,27,0,0.0,0.0,4 - Clean
8261,59,3433.99,58.2,15,0,0.0,0.0,4 - Clean
8262,77,3156.71,41.0,26,0,0.0,0.0,4 - Clean
8263,87,4459.72,51.26,30,0,0.0,0.0,4 - Clean
8264,90,4645.94,51.62,27,0,0.0,0.0,4 - Clean
8265,76,3740.62,49.22,28,0,0.0,0.0,4 - Clean
8266,107,5033.12,47.04,38,0,0.0,0.0,4 - Clean
8267,85,4570.04,53.77,31,0,0.0,0.0,4 - Clean
8268,85,4538.97,53.4,32,0,0.0,0.0,4 - Clean
8269,72,3052.07,42.39,27,0,0.0,0.0,4 - Clean
8270,82,4318.3,52.66,27,0,0.0,0.0,4 - Clean
8271,80,4149.23,51.87,31,0,0.0,0.0,4 - Clean
8272,92,4203.03,45.69,29,0,0.0,0.0,4 - Clean
8273,103,5123.18,49.74,33,0,0.0,0.0,4 - Clean
8274,87,5709.29,65.62,30,0,0.0,0.0,4 - Clean
8275,113,6746.19,59.7,32,0,0.0,0.0,4 - Clean
8276,94,5349.09,56.91,33,0,0.0,0.0,4 - Clean
8277,89,4410.88,49.56,34,0,0.0,0.0,4 - Clean
8278,110,5650.17,51.37,39,0,0.0,0.0,4 - Clean
8279,90,4631.49,51.46,25,0,0.0,0.0,4 - Clean
8280,73,4962.0,67.97,24,0,0.0,0.0,4 - Clean
8281,68,3793.23,55.78,29,0,0.0,0.0,4 - Clean
8282,72,3465.33,48.13,27,0,0.0,0.0,4 - Clean
8283,88,4121.9,46.84,40,0,0.0,0.0,4 - Clean
8284,77,4632.46,60.16,27,0,0.0,0.0,4 - Clean
8285,102,5697.24,55.86,31,0,0.0,0.0,4 - Clean
8286,81,4862.84,60.04,34,0,0.0,0.0,4 - Clean
8287,75,4244.82,56.6,29,0,0.0,0.0,4 - Clean
8288,46,1842.3,40.05,18,0,0.0,0.0,4 - Clean
8289,95,4514.23,47.52,28,0,0.0,0.0,4 - Clean
8290,84,5564.47,66.24,30,1,223.56,1.19,3 - Watch
8291,88,4743.81,53.91,28,0,0.0,0.0,4 - Clean
8292,98,4914.67,50.15,36,1,25.95,1.02,3 - Watch
8293,75,4722.24,62.96,23,2,616.1,2.667,2 - High
8294,54,3046.2,56.41,21,1,235.2,1.852,3 - Watch
8295,87,5124.37,58.9,35,0,0.0,0.0,4 - Clean
8296,69,4140.45,60.01,17,0,0.0,0.0,4 - Clean
8297,98,4872.9,49.72,30,1,241.95,1.02,3 - Watch
8298,91,5571.39,61.22,31,0,0.0,0.0,4 - Clean
8299,91,6061.52,66.61,31,0,0.0,0.0,4 - Clean
8300,89,5073.36,57.0,27,0,0.0,0.0,4 - Clean
8301,78,3932.13,50.41,26,0,0.0,0.0,4 - Clean
8302,41,1979.71,48.29,13,0,0.0,0.0,4 - Clean
8303,81,3570.57,44.08,27,0,0.0,0.0,4 - Clean
8304,109,5765.84,52.9,36,0,0.0,0.0,4 - Clean
8305,127,6157.64,48.49,35,1,412.4,0.787,3 - Watch
8306,93,5504.49,59.19,30,1,243.64,1.075,3 - Watch
8307,96,4824.75,50.26,30,26,1313.31,27.083,1 - Critical
8308,81,4268.7,52.7,23,0,0.0,0.0,4 - Clean
8309,117,7684.03,65.68,34,2,1234.4,1.709,3 - Watch
8310,80,6044.82,75.56,30,1,314.65,1.25,3 - Watch
8311,122,6754.0,55.36,30,2,673.95,1.639,3 - Watch
8312,104,6598.0,63.44,33,0,0.0,0.0,4 - Clean
8313,98,4423.41,45.14,28,0,0.0,0.0,4 - Clean
8314,73,3252.93,44.56,24,0,0.0,0.0,4 - Clean
8315,68,4159.62,61.17,31,0,0.0,0.0,4 - Clean
8316,65,3228.73,49.67,26,0,0.0,0.0,4 - Clean
8317,104,4901.19,47.13,30,0,0.0,0.0,4 - Clean
8318,84,4779.16,56.89,29,0,0.0,0.0,4 - Clean
8319,69,3361.94,48.72,23,0,0.0,0.0,4 - Clean
8320,112,6135.62,54.78,36,0,0.0,0.0,4 - Clean
8321,127,5987.32,47.14,38,0,0.0,0.0,4 - Clean
8322,67,2688.55,40.13,17,0,0.0,0.0,4 - Clean
8323,55,2973.98,54.07,15,0,0.0,0.0,4 - Clean
8324,78,3342.93,42.86,28,0,0.0,0.0,4 - Clean
8325,100,5413.3,54.13,33,0,0.0,0.0,4 - Clean
8326,67,3629.84,54.18,23,0,0.0,0.0,4 - Clean
8327,94,4583.56,48.76,28,0,0.0,0.0,4 - Clean
8328,112,5947.28,53.1,34,0,0.0,0.0,4 - Clean
8329,68,3332.14,49.0,29,0,0.0,0.0,4 - Clean
8330,81,3383.7,41.77,34,0,0.0,0.0,4 - Clean
8331,76,3561.54,46.86,28,0,0.0,0.0,4 - Clean
8332,113,5618.63,49.72,33,0,0.0,0.0,4 - Clean
8333,72,2820.04,39.17,29,1,61.9,1.389,3 - Watch
8334,121,5609.65,46.36,34,0,0.0,0.0,4 - Clean
8335,72,4295.7,59.66,22,0,0.0,0.0,4 - Clean
8336,100,5161.0,51.61,35,0,0.0,0.0,4 - Clean
8337,72,4982.71,69.2,27,0,0.0,0.0,4 - Clean
8338,50,3232.8,64.66,16,1,26.75,2.0,2 - High
8339,90,4097.61,45.53,25,1,62.0,1.111,3 - Watch
8340,101,6454.21,63.9,25,2,341.57,1.98,3 - Watch
8341,68,2115.83,31.12,20,0,0.0,0.0,4 - Clean
8342,90,4912.3,54.58,28,0,0.0,0.0,4 - Clean
8343,118,6411.02,54.33,41,1,168.55,0.847,3 - Watch
8344,115,6426.21,55.88,34,0,0.0,0.0,4 - Clean
8345,76,4054.0,53.34,28,0,0.0,0.0,4 - Clean
8346,102,5576.95,54.68,37,0,0.0,0.0,4 - Clean
8347,90,5166.88,57.41,30,0,0.0,0.0,4 - Clean
8348,78,3050.85,39.11,28,0,0.0,0.0,4 - Clean
8349,110,6227.83,56.62,37,2,761.08,1.818,3 - Watch
8350,89,5452.02,61.26,33,2,486.69,2.247,2 - High
8351,86,4459.06,51.85,33,0,0.0,0.0,4 - Clean
8352,104,5737.69,55.17,32,0,0.0,0.0,4 - Clean
8353,88,4795.86,54.5,30,0,0.0,0.0,4 - Clean
8354,159,7828.95,49.24,39,0,0.0,0.0,4 - Clean
8355,153,10511.19,68.7,42,1,574.0,0.654,3 - Watch
8356,138,8139.6,58.98,39,1,28.1,0.725,3 - Watch
8357,111,6964.5,62.74,32,1,125.25,0.901,3 - Watch
8358,122,6473.51,53.06,37,0,0.0,0.0,4 - Clean
8359,108,6715.85,62.18,31,1,622.45,0.926,3 - Watch
8360,65,3196.56,49.18,23,1,8.05,1.538,3 - Watch
8361,54,2892.6,53.57,19,0,0.0,0.0,4 - Clean
8362,57,3262.8,57.24,21,0,0.0,0.0,4 - Clean
8363,104,6350.79,61.07,29,0,0.0,0.0,4 - Clean
8364,118,5210.53,44.16,38,1,205.1,0.847,3 - Watch
8365,88,4219.4,47.95,25,0,0.0,0.0,4 - Clean
8366,96,3698.87,38.53,18,0,0.0,0.0,4 - Clean
8367,68,3574.0,52.56,22,0,0.0,0.0,4 - Clean
8368,101,4652.27,46.06,34,0,0.0,0.0,4 - Clean
8369,123,6211.05,50.5,38,0,0.0,0.0,4 - Clean
8370,118,6076.89,51.5,43,0,0.0,0.0,4 - Clean
8371,93,5000.61,53.77,28,1,71.4,1.075,3 - Watch
8372,48,2528.45,52.68,17,1,206.8,2.083,2 - High
8373,106,5667.51,53.47,33,0,0.0,0.0,4 - Clean
8374,105,6940.25,66.1,29,0,0.0,0.0,4 - Clean
8375,56,3083.29,55.06,23,0,0.0,0.0,4 - Clean
8376,106,4948.44,46.68,35,0,0.0,0.0,4 - Clean
8377,85,4654.35,54.76,28,0,0.0,0.0,4 - Clean
8378,85,3901.11,45.9,29,0,0.0,0.0,4 - Clean
8379,96,5157.33,53.72,32,0,0.0,0.0,4 - Clean
8380,105,4688.99,44.66,28,1,49.05,0.952,3 - Watch
8381,101,5200.56,51.49,30,0,0.0,0.0,4 - Clean
8382,107,5102.91,47.69,31,0,0.0,0.0,4 - Clean
8383,101,4857.56,48.09,34,0,0.0,0.0,4 - Clean
8384,75,3651.41,48.69,27,0,0.0,0.0,4 - Clean
8385,72,4596.35,63.84,28,1,333.55,1.389,3 - Watch
8386,94,3928.92,41.8,34,0,0.0,0.0,4 - Clean
8387,103,5708.39,55.42,35,0,0.0,0.0,4 - Clean
8388,62,3747.9,60.45,14,0,0.0,0.0,4 - Clean
8389,86,3706.02,43.09,26,0,0.0,0.0,4 - Clean
8390,101,4763.3,47.16,32,0,0.0,0.0,4 - Clean
8391,92,4941.69,53.71,26,0,0.0,0.0,4 - Clean
8392,77,4058.29,52.71,29,2,208.35,2.597,2 - High
8393,100,5402.82,54.03,29,0,0.0,0.0,4 - Clean
8394,93,4929.63,53.01,26,0,0.0,0.0,4 - Clean
8395,84,4720.02,56.19,31,0,0.0,0.0,4 - Clean
8396,74,5175.7,69.94,28,0,0.0,0.0,4 - Clean
8397,86,4880.5,56.75,33,0,0.0,0.0,4 - Clean
8398,98,4991.61,50.93,34,0,0.0,0.0,4 - Clean
8399,53,2982.35,56.27,20,0,0.0,0.0,4 - Clean
8400,107,5639.83,52.71,40,0,0.0,0.0,4 - Clean
8401,129,7335.38,56.86,40,1,162.05,0.775,3 - Watch
8402,98,5505.14,56.17,33,1,261.65,1.02,3 - Watch
8403,55,2019.97,36.73,21,0,0.0,0.0,4 - Clean
8404,94,4624.2,49.19,27,29,1583.16,30.851,1 - Critical
8405,117,5777.2,49.38,37,0,0.0,0.0,4 - Clean
8406,107,5607.72,52.41,26,0,0.0,0.0,4 - Clean
8407,88,5283.54,60.04,29,0,0.0,0.0,4 - Clean
8408,106,5539.27,52.26,36,0,0.0,0.0,4 - Clean
8409,76,3706.42,48.77,29,0,0.0,0.0,4 - Clean
8410,94,5189.89,55.21,30,0,0.0,0.0,4 - Clean
8411,72,4951.49,68.77,24,0,0.0,0.0,4 - Clean
8412,76,3374.83,44.41,27,0,0.0,0.0,4 - Clean
8413,110,5008.41,45.53,35,0,0.0,0.0,4 - Clean
8414,83,4701.93,56.65,31,0,0.0,0.0,4 - Clean
8415,108,6062.72,56.14,38,1,312.1,0.926,3 - Watch
8416,83,4773.51,57.51,34,0,0.0,0.0,4 - Clean
8417,97,6108.69,62.98,38,0,0.0,0.0,4 - Clean
8418,90,5405.64,60.06,28,0,0.0,0.0,4 - Clean
8419,87,5407.55,62.16,25,0,0.0,0.0,4 - Clean
8420,88,3678.47,41.8,28,0,0.0,0.0,4 - Clean
8421,98,5237.46,53.44,34,1,247.0,1.02,3 - Watch
8422,66,3490.98,52.89,28,0,0.0,0.0,4 - Clean
8423,99,5721.4,57.79,35,1,292.3,1.01,3 - Watch
8424,82,3459.62,42.19,19,0,0.0,0.0,4 - Clean
8425,72,4189.91,58.19,28,1,563.05,1.389,3 - Watch
8426,87,4425.35,50.87,24,0,0.0,0.0,4 - Clean
8427,78,5370.61,68.85,23,0,0.0,0.0,4 - Clean
8428,89,4945.13,55.56,31,0,0.0,0.0,4 - Clean
8429,74,4221.02,57.04,28,0,0.0,0.0,4 - Clean
8430,97,5709.08,58.86,31,0,0.0,0.0,4 - Clean
8431,59,2571.77,43.59,23,7,300.92,11.864,1 - Critical
8432,119,6522.21,54.81,34,1,224.5,0.84,3 - Watch
8433,80,4170.81,52.14,21,0,0.0,0.0,4 - Clean
8434,89,3594.28,40.39,27,0,0.0,0.0,4 - Clean
8435,84,3939.81,46.9,28,0,0.0,0.0,4 - Clean
8436,65,4099.19,63.06,28,0,0.0,0.0,4 - Clean
8437,63,2831.63,44.95,29,0,0.0,0.0,4 - Clean
8438,55,2898.72,52.7,22,0,0.0,0.0,4 - Clean
8439,86,3798.21,44.17,22,0,0.0,0.0,4 - Clean
8440,90,4644.51,51.61,31,0,0.0,0.0,4 - Clean
8441,97,4808.98,49.58,34,0,0.0,0.0,4 - Clean
8442,65,2686.65,41.33,19,0,0.0,0.0,4 - Clean
8443,130,9120.85,70.16,43,0,0.0,0.0,4 - Clean
8444,124,7368.71,59.43,35,0,0.0,0.0,4 - Clean
8445,72,3696.32,51.34,27,1,126.25,1.389,3 - Watch
8446,84,4796.87,57.11,30,0,0.0,0.0,4 - Clean
8447,55,2814.76,51.18,22,0,0.0,0.0,4 - Clean
8448,86,5486.65,63.8,28,0,0.0,0.0,4 - Clean
8449,70,4472.44,63.89,22,0,0.0,0.0,4 - Clean
8450,102,6281.83,61.59,31,1,222.98,0.98,3 - Watch
8451,75,4360.13,58.14,32,1,243.59,1.333,3 - Watch
8452,95,5166.15,54.38,28,0,0.0,0.0,4 - Clean
8453,145,6060.84,41.8,43,0,0.0,0.0,4 - Clean
8454,76,3866.95,50.88,28,0,0.0,0.0,4 - Clean
8455,56,3284.97,58.66,29,0,0.0,0.0,4 - Clean
8456,63,3677.34,58.37,20,0,0.0,0.0,4 - Clean
8457,94,5410.61,57.56,34,0,0.0,0.0,4 - Clean
8458,94,4612.91,49.07,25,0,0.0,0.0,4 - Clean
8459,105,5860.72,55.82,30,0,0.0,0.0,4 - Clean
8460,86,5875.66,68.32,30,0,0.0,0.0,4 - Clean
8461,75,3712.38,49.5,31,0,0.0,0.0,4 - Clean
8462,71,3956.36,55.72,28,0,0.0,0.0,4 - Clean
8463,115,5741.28,49.92,37,0,0.0,0.0,4 - Clean
8464,89,5336.61,59.96,30,0,0.0,0.0,4 - Clean
8465,89,4424.96,49.72,34,2,806.35,2.247,2 - High
8466,121,7379.42,60.99,30,1,118.0,0.826,3 - Watch
8467,104,6223.81,59.84,32,0,0.0,0.0,4 - Clean
8468,90,3998.91,44.43,22,0,0.0,0.0,4 - Clean
8469,124,6167.83,49.74,34,0,0.0,0.0,4 - Clean
8470,90,4305.02,47.83,31,0,0.0,0.0,4 - Clean
8471,82,5177.8,63.14,26,1,52.3,1.22,3 - Watch
8472,96,4991.54,52.0,35,1,133.3,1.042,3 - Watch
8473,105,4764.65,45.38,35,1,152.65,0.952,3 - Watch
8474,54,3512.63,65.05,26,1,224.35,1.852,3 - Watch
8475,116,6268.43,54.04,40,0,0.0,0.0,4 - Clean
8476,117,7296.71,62.37,30,0,0.0,0.0,4 - Clean
8477,90,5812.4,64.58,35,1,223.53,1.111,3 - Watch
8478,104,4742.79,45.6,36,1,200.95,0.962,3 - Watch
8479,77,3955.7,51.37,29,1,409.15,1.299,3 - Watch
8480,86,4730.46,55.01,27,0,0.0,0.0,4 - Clean
8481,99,5537.16,55.93,35,1,21.85,1.01,3 - Watch
8482,77,4409.38,57.26,29,0,0.0,0.0,4 - Clean
8483,116,5839.63,50.34,36,0,0.0,0.0,4 - Clean
8484,65,3496.36,53.79,28,1,8.6,1.538,3 - Watch
8485,105,5069.15,48.28,35,0,0.0,0.0,4 - Clean
8486,72,3524.29,48.95,26,0,0.0,0.0,4 - Clean
8487,101,5422.87,53.69,33,1,223.6,0.99,3 - Watch
8488,107,5326.87,49.78,31,0,0.0,0.0,4 - Clean
8489,91,4660.21,51.21,33,0,0.0,0.0,4 - Clean
8490,80,3699.92,46.25,28,0,0.0,0.0,4 - Clean
8491,119,5695.42,47.86,32,1,478.35,0.84,3 - Watch
8492,84,4670.38,55.6,30,0,0.0,0.0,4 - Clean
8493,87,5387.26,61.92,34,0,0.0,0.0,4 - Clean
8494,90,3913.22,43.48,27,0,0.0,0.0,4 - Clean
8495,55,2532.71,46.05,22,0,0.0,0.0,4 - Clean
8496,95,4115.06,43.32,32,0,0.0,0.0,4 - Clean
8497,65,3289.43,50.61,26,0,0.0,0.0,4 - Clean
8498,106,5474.5,51.65,32,0,0.0,0.0,4 - Clean
8499,75,4211.56,56.15,26,1,117.95,1.333,3 - Watch
8500,97,6086.14,62.74,30,0,0.0,0.0,4 - Clean
8501,93,5181.52,55.72,31,0,0.0,0.0,4 - Clean
8502,119,7062.84,59.35,30,0,0.0,0.0,4 - Clean
8503,107,6362.19,59.46,33,2,365.86,1.869,3 - Watch
8504,97,4949.91,51.03,39,0,0.0,0.0,4 - Clean
8505,89,3188.85,35.83,28,0,0.0,0.0,4 - Clean
8506,74,4431.18,59.88,27,0,0.0,0.0,4 - Clean
8507,120,5986.67,49.89,42,0,0.0,0.0,4 - Clean
8508,105,5951.89,56.68,37,0,0.0,0.0,4 - Clean
8509,100,5893.62,58.94,31,0,0.0,0.0,4 - Clean
8510,66,5079.13,76.96,26,2,929.55,3.03,2 - High
8511,77,3799.33,49.34,26,0,0.0,0.0,4 - Clean
8512,92,5114.06,55.59,26,1,233.49,1.087,3 - Watch
8513,66,3789.82,57.42,26,1,204.95,1.515,3 - Watch
8514,63,3754.98,59.6,24,1,178.75,1.587,3 - Watch
8515,80,3772.09,47.15,33,1,231.08,1.25,3 - Watch
8516,100,5941.83,59.42,37,0,0.0,0.0,4 - Clean
8517,54,2840.5,52.6,21,0,0.0,0.0,4 - Clean
8518,58,2872.32,49.52,19,0,0.0,0.0,4 - Clean
8519,134,7842.66,58.53,40,0,0.0,0.0,4 - Clean
8520,100,4222.97,42.23,30,0,0.0,0.0,4 - Clean
8521,113,5683.34,50.3,35,0,0.0,0.0,4 - Clean
8522,50,2035.35,40.71,26,0,0.0,0.0,4 - Clean
8523,113,6164.48,54.55,40,0,0.0,0.0,4 - Clean
8524,79,4561.39,57.74,22,0,0.0,0.0,4 - Clean
8525,126,5855.48,46.47,39,0,0.0,0.0,4 - Clean
8526,79,5282.12,66.86,21,0,0.0,0.0,4 - Clean
8527,82,3902.9,47.6,26,0,0.0,0.0,4 - Clean
8528,81,5259.26,64.93,25,0,0.0,0.0,4 - Clean
8529,90,4644.16,51.6,33,1,281.15,1.111,3 - Watch
8530,100,5526.93,55.27,30,0,0.0,0.0,4 - Clean
8531,61,2690.45,44.11,14,0,0.0,0.0,4 - Clean
8532,80,4330.48,54.13,26,1,303.7,1.25,3 - Watch
8533,103,4943.9,48.0,28,0,0.0,0.0,4 - Clean
8534,94,4737.16,50.4,36,0,0.0,0.0,4 - Clean
8535,61,4010.7,65.75,22,0,0.0,0.0,4 - Clean
8536,84,4220.97,50.25,29,1,156.15,1.19,3 - Watch
8537,67,3083.26,46.02,30,0,0.0,0.0,4 - Clean
8538,87,4704.34,54.07,31,0,0.0,0.0,4 - Clean
8539,98,5644.16,57.59,32,0,0.0,0.0,4 - Clean
8540,78,3780.73,48.47,26,0,0.0,0.0,4 - Clean
8541,59,3195.6,54.16,24,0,0.0,0.0,4 - Clean
8542,78,4752.37,60.93,26,0,0.0,0.0,4 - Clean
8543,57,2213.94,38.84,17,0,0.0,0.0,4 - Clean
8544,77,4714.78,61.23,30,0,0.0,0.0,4 - Clean
8545,142,7911.36,55.71,41,2,309.85,1.408,3 - Watch
8546,99,5601.24,56.58,41,1,54.8,1.01,3 - Watch
8547,102,5321.65,52.17,37,1,361.55,0.98,3 - Watch
8548,85,5262.87,61.92,27,1,187.3,1.176,3 - Watch
8549,101,4373.47,43.3,29,0,0.0,0.0,4 - Clean
8550,85,4479.57,52.7,33,1,271.3,1.176,3 - Watch
8551,121,5898.3,48.75,38,0,0.0,0.0,4 - Clean
8552,62,3090.35,49.84,30,1,407.9,1.613,3 - Watch
8553,124,7785.4,62.79,32,1,224.8,0.806,3 - Watch
8554,104,5285.55,50.82,35,0,0.0,0.0,4 - Clean
8555,98,4511.67,46.04,33,0,0.0,0.0,4 - Clean
8556,60,4138.12,68.97,16,0,0.0,0.0,4 - Clean
8557,126,7809.11,61.98,33,0,0.0,0.0,4 - Clean
8558,87,3605.99,41.45,31,0,0.0,0.0,4 - Clean
8559,76,4090.27,53.82,29,0,0.0,0.0,4 - Clean
8560,63,3771.06,59.86,26,0,0.0,0.0,4 - Clean
8561,119,7116.17,59.8,34,1,300.05,0.84,3 - Watch
8562,80,4898.64,61.23,33,0,0.0,0.0,4 - Clean
8563,70,3779.15,53.99,32,0,0.0,0.0,4 - Clean
8564,78,3712.2,47.59,27,0,0.0,0.0,4 - Clean
8565,81,3956.46,48.85,31,0,0.0,0.0,4 - Clean
8566,95,5914.12,62.25,26,3,654.3,3.158,2 - High
8567,80,3774.78,47.18,27,0,0.0,0.0,4 - Clean
8568,122,6474.49,53.07,33,3,837.85,2.459,2 - High
8569,84,4022.32,47.88,35,0,0.0,0.0,4 - Clean
8570,72,3269.28,45.41,19,0,0.0,0.0,4 - Clean
8571,82,3764.21,45.9,36,0,0.0,0.0,4 - Clean
8572,59,3459.26,58.63,19,0,0.0,0.0,4 - Clean
8573,137,7652.54,55.86,40,1,226.41,0.73,3 - Watch
8574,76,4393.78,57.81,25,1,234.98,1.316,3 - Watch
8575,111,6274.23,56.52,25,0,0.0,0.0,4 - Clean
8576,74,4873.85,65.86,27,0,0.0,0.0,4 - Clean
8577,63,4199.97,66.67,22,0,0.0,0.0,4 - Clean
8578,88,4498.5,51.12,30,0,0.0,0.0,4 - Clean
8579,77,3993.41,51.86,30,1,132.5,1.299,3 - Watch
8580,80,4350.33,54.38,33,0,0.0,0.0,4 - Clean
8581,43,2160.58,50.25,17,0,0.0,0.0,4 - Clean
8582,82,5050.47,61.59,21,0,0.0,0.0,4 - Clean
8583,56,2596.15,46.36,23,0,0.0,0.0,4 - Clean
8584,64,3525.72,55.09,24,0,0.0,0.0,4 - Clean
8585,63,3568.42,56.64,28,1,320.75,1.587,3 - Watch
8586,101,5840.98,57.83,31,1,158.8,0.99,3 - Watch
8587,60,2872.29,47.87,20,0,0.0,0.0,4 - Clean
8588,63,2999.77,47.62,26,0,0.0,0.0,4 - Clean
8589,56,3043.33,54.35,23,0,0.0,0.0,4 - Clean
8590,80,4777.39,59.72,26,0,0.0,0.0,4 - Clean
8591,100,5160.04,51.6,30,0,0.0,0.0,4 - Clean
8592,98,5039.41,51.42,34,1,53.75,1.02,3 - Watch
8593,88,4261.04,48.42,34,0,0.0,0.0,4 - Clean
8594,87,4600.99,52.88,25,0,0.0,0.0,4 - Clean
8595,92,5602.58,60.9,32,0,0.0,0.0,4 - Clean
8596,61,2806.09,46.0,24,1,65.6,1.639,3 - Watch
8597,73,4853.82,66.49,20,1,589.5,1.37,3 - Watch
8598,92,4499.25,48.9,31,0,0.0,0.0,4 - Clean
8599,54,3206.69,59.38,22,0,0.0,0.0,4 - Clean
8600,76,4034.4,53.08,31,0,0.0,0.0,4 - Clean
8601,88,4018.69,45.67,29,0,0.0,0.0,4 - Clean
8602,114,5019.53,44.03,36,0,0.0,0.0,4 - Clean
8603,103,4811.57,46.71,33,0,0.0,0.0,4 - Clean
8604,83,4988.09,60.1,31,2,756.52,2.41,2 - High
8605,86,5808.7,67.54,24,0,0.0,0.0,4 - Clean
8606,174,9920.2,57.01,42,2,264.42,1.149,3 - Watch
8607,60,3273.59,54.56,29,0,0.0,0.0,4 - Clean
8608,75,3086.1,41.15,29,0,0.0,0.0,4 - Clean
8609,120,4911.11,40.93,34,0,0.0,0.0,4 - Clean
8610,90,3806.82,42.3,33,0,0.0,0.0,4 - Clean
8611,68,3593.96,52.85,27,0,0.0,0.0,4 - Clean
8612,64,3264.68,51.01,21,0,0.0,0.0,4 - Clean
8613,71,3933.44,55.4,28,1,19.35,1.408,3 - Watch
8614,103,6588.79,63.97,38,0,0.0,0.0,4 - Clean
8615,88,4461.98,50.7,30,1,1.85,1.136,3 - Watch
8616,115,5226.27,45.45,35,0,0.0,0.0,4 - Clean
8617,61,2670.2,43.77,18,0,0.0,0.0,4 - Clean
8618,105,6357.77,60.55,35,0,0.0,0.0,4 - Clean
8619,87,4308.79,49.53,21,0,0.0,0.0,4 - Clean
8620,75,4579.22,61.06,25,0,0.0,0.0,4 - Clean
8621,88,5316.36,60.41,35,0,0.0,0.0,4 - Clean
8622,115,5659.09,49.21,32,0,0.0,0.0,4 - Clean
8623,68,3660.62,53.83,28,0,0.0,0.0,4 - Clean
8624,99,6938.74,70.09,26,1,254.3,1.01,3 - Watch
8625,142,7125.43,50.18,43,0,0.0,0.0,4 - Clean
8626,84,4563.95,54.33,24,0,0.0,0.0,4 - Clean
8627,96,4892.99,50.97,32,0,0.0,0.0,4 - Clean
8628,101,5709.51,56.53,36,0,0.0,0.0,4 - Clean
8629,77,4108.49,53.36,33,0,0.0,0.0,4 - Clean
8630,99,4416.66,44.61,31,0,0.0,0.0,4 - Clean
8631,142,6477.38,45.62,43,0,0.0,0.0,4 - Clean
8632,72,3074.38,42.7,31,0,0.0,0.0,4 - Clean
8633,79,4075.7,51.59,25,0,0.0,0.0,4 - Clean
8634,82,4126.23,50.32,33,0,0.0,0.0,4 - Clean
8635,110,5306.88,48.24,28,0,0.0,0.0,4 - Clean
8636,96,5358.85,55.82,29,1,514.6,1.042,3 - Watch
8637,83,4633.45,55.82,23,0,0.0,0.0,4 - Clean
8638,59,3577.92,60.64,23,0,0.0,0.0,4 - Clean
8639,84,3620.66,43.1,32,0,0.0,0.0,4 - Clean
8640,79,3644.73,46.14,24,0,0.0,0.0,4 - Clean
8641,98,5409.14,55.2,40,0,0.0,0.0,4 - Clean
8642,65,3422.64,52.66,25,0,0.0,0.0,4 - Clean
8643,108,5953.0,55.12,38,0,0.0,0.0,4 - Clean
8644,82,3863.23,47.11,28,0,0.0,0.0,4 - Clean
8645,93,4902.86,52.72,20,0,0.0,0.0,4 - Clean
8646,88,4426.82,50.3,32,0,0.0,0.0,4 - Clean
8647,113,6101.04,53.99,32,0,0.0,0.0,4 - Clean
8648,77,4576.65,59.44,27,0,0.0,0.0,4 - Clean
8649,81,3754.62,46.35,27,0,0.0,0.0,4 - Clean
8650,104,5557.1,53.43,37,0,0.0,0.0,4 - Clean
8651,81,4309.55,53.2,31,0,0.0,0.0,4 - Clean
8652,67,3690.65,55.08,26,0,0.0,0.0,4 - Clean
8653,81,3624.97,44.75,27,0,0.0,0.0,4 - Clean
8654,69,4464.81,64.71,22,0,0.0,0.0,4 - Clean
8655,77,4278.94,55.57,28,0,0.0,0.0,4 - Clean
8656,86,5372.18,62.47,31,0,0.0,0.0,4 - Clean
8657,57,3340.2,58.6,22,1,224.2,1.754,3 - Watch
8658,147,7661.87,52.12,40,0,0.0,0.0,4 - Clean
8659,98,6415.47,65.46,36,0,0.0,0.0,4 - Clean
8660,81,3998.21,49.36,28,3,529.95,3.704,2 - High
8661,80,3876.52,48.46,31,0,0.0,0.0,4 - Clean
8662,142,8782.22,61.85,41,1,164.5,0.704,3 - Watch
8663,62,2878.7,46.43,22,0,0.0,0.0,4 - Clean
8664,96,5770.9,60.11,23,0,0.0,0.0,4 - Clean
8665,93,4968.39,53.42,32,1,162.4,1.075,3 - Watch
8666,73,3698.13,50.66,26,0,0.0,0.0,4 - Clean
8667,64,3214.92,50.23,28,0,0.0,0.0,4 - Clean
8668,116,7866.91,67.82,41,0,0.0,0.0,4 - Clean
8669,112,6361.97,56.8,35,0,0.0,0.0,4 - Clean
8670,173,9611.75,55.56,40,1,163.9,0.578,3 - Watch
8671,98,4658.67,47.54,31,2,267.35,2.041,2 - High
8672,94,4942.7,52.58,31,0,0.0,0.0,4 - Clean
8673,95,6295.99,66.27,27,1,329.15,1.053,3 - Watch
8674,65,3253.33,50.05,24,0,0.0,0.0,4 - Clean
8675,114,5547.49,48.66,34,0,0.0,0.0,4 - Clean
8676,100,5227.16,52.27,28,1,66.75,1.0,3 - Watch
8677,85,4184.08,49.22,29,0,0.0,0.0,4 - Clean
8678,93,4165.63,44.79,28,0,0.0,0.0,4 - Clean
8679,84,6065.31,72.21,31,1,357.6,1.19,3 - Watch
8680,118,5995.16,50.81,37,0,0.0,0.0,4 - Clean
8681,131,6953.71,53.08,39,0,0.0,0.0,4 - Clean
8682,76,4329.95,56.97,27,0,0.0,0.0,4 - Clean
8683,84,4709.13,56.06,28,0,0.0,0.0,4 - Clean
8684,81,4439.31,54.81,30,0,0.0,0.0,4 - Clean
8685,90,6438.45,71.54,25,2,796.87,2.222,2 - High
8686,115,6222.87,54.11,41,0,0.0,0.0,4 - Clean
8687,97,4301.38,44.34,20,0,0.0,0.0,4 - Clean
8688,82,5105.05,62.26,31,1,283.05,1.22,3 - Watch
8689,68,3574.59,52.57,25,0,0.0,0.0,4 - Clean
8690,107,5494.57,51.35,30,0,0.0,0.0,4 - Clean
8691,69,3896.19,56.47,27,0,0.0,0.0,4 - Clean
8692,113,7330.64,64.87,27,1,206.65,0.885,3 - Watch
8693,104,4532.96,43.59,37,0,0.0,0.0,4 - Clean
8694,106,5269.06,49.71,40,2,578.65,1.887,3 - Watch
8695,86,4799.62,55.81,31,24,1360.03,27.907,1 - Critical
8696,123,6486.78,52.74,37,0,0.0,0.0,4 - Clean
8697,85,4949.66,58.23,32,0,0.0,0.0,4 - Clean
8698,74,4715.37,63.72,21,0,0.0,0.0,4 - Clean
8699,52,1819.76,35.0,19,0,0.0,0.0,4 - Clean
8700,85,4667.25,54.91,27,0,0.0,0.0,4 - Clean
8701,153,8097.81,52.93,45,0,0.0,0.0,4 - Clean
8702,70,3598.68,51.41,28,0,0.0,0.0,4 - Clean
8703,73,4648.49,63.68,29,2,467.8,2.74,2 - High
8704,87,4971.3,57.14,29,1,161.6,1.149,3 - Watch
8705,73,4247.81,58.19,22,0,0.0,0.0,4 - Clean
8706,105,6897.3,65.69,41,0,0.0,0.0,4 - Clean
8707,96,5717.34,59.56,35,0,0.0,0.0,4 - Clean
8708,96,4695.22,48.91,29,1,231.28,1.042,3 - Watch
8709,102,4062.96,39.83,40,0,0.0,0.0,4 - Clean
8710,78,3705.63,47.51,32,0,0.0,0.0,4 - Clean
8711,87,4672.62,53.71,34,0,0.0,0.0,4 - Clean
8712,88,4557.08,51.78,26,0,0.0,0.0,4 - Clean
8713,96,6188.12,64.46,35,32,2226.51,33.333,1 - Critical
8714,107,4831.25,45.15,38,0,0.0,0.0,4 - Clean
8715,70,3101.26,44.3,17,0,0.0,0.0,4 - Clean
8716,73,3432.5,47.02,29,0,0.0,0.0,4 - Clean
8717,114,7155.48,62.77,36,0,0.0,0.0,4 - Clean
8718,51,3590.78,70.41,24,0,0.0,0.0,4 - Clean
8719,66,3317.41,50.26,28,0,0.0,0.0,4 - Clean
8720,76,4936.59,64.96,23,0,0.0,0.0,4 - Clean
8721,76,4700.27,61.85,30,0,0.0,0.0,4 - Clean
8722,96,4199.68,43.75,36,1,158.05,1.042,3 - Watch
8723,52,2354.57,45.28,22,0,0.0,0.0,4 - Clean
8724,118,5697.92,48.29,36,0,0.0,0.0,4 - Clean
8725,128,6372.02,49.78,43,0,0.0,0.0,4 - Clean
8726,101,6650.17,65.84,35,1,360.0,0.99,3 - Watch
8727,143,7256.16,50.74,33,0,0.0,0.0,4 - Clean
8728,65,3330.77,51.24,26,0,0.0,0.0,4 - Clean
8729,61,3070.66,50.34,20,0,0.0,0.0,4 - Clean
8730,67,3923.63,58.56,24,0,0.0,0.0,4 - Clean
8731,52,2646.51,50.89,20,0,0.0,0.0,4 - Clean
8732,89,5032.18,56.54,34,0,0.0,0.0,4 - Clean
8733,83,4230.59,50.97,20,0,0.0,0.0,4 - Clean
8734,89,4681.24,52.6,31,2,460.95,2.247,2 - High
8735,80,4158.96,51.99,30,0,0.0,0.0,4 - Clean
8736,73,3601.68,49.34,18,0,0.0,0.0,4 - Clean
8737,125,5955.6,47.64,27,0,0.0,0.0,4 - Clean
8738,83,4449.78,53.61,27,0,0.0,0.0,4 - Clean
8739,136,7256.46,53.36,42,0,0.0,0.0,4 - Clean
8740,77,4070.47,52.86,29,0,0.0,0.0,4 - Clean
8741,80,4756.83,59.46,30,0,0.0,0.0,4 - Clean
8742,77,3803.0,49.39,31,0,0.0,0.0,4 - Clean
8743,78,4565.19,58.53,20,0,0.0,0.0,4 - Clean
8744,70,4033.17,57.62,27,1,129.45,1.429,3 - Watch
8745,100,5019.38,50.19,31,0,0.0,0.0,4 - Clean
8746,111,5490.98,49.47,30,0,0.0,0.0,4 - Clean
8747,66,3693.01,55.95,22,12,716.61,18.182,1 - Critical
8748,91,4218.99,46.36,25,0,0.0,0.0,4 - Clean
8749,87,4308.27,49.52,21,1,177.95,1.149,3 - Watch
8750,136,8259.52,60.73,38,3,1024.17,2.206,2 - High
8751,69,3643.4,52.8,26,0,0.0,0.0,4 - Clean
8752,72,3545.05,49.24,27,0,0.0,0.0,4 - Clean
8753,119,7423.24,62.38,33,0,0.0,0.0,4 - Clean
8754,74,3614.31,48.84,32,0,0.0,0.0,4 - Clean
8755,71,3442.9,48.49,25,0,0.0,0.0,4 - Clean
8756,76,3550.46,46.72,22,2,184.95,2.632,2 - High
8757,94,5103.45,54.29,32,0,0.0,0.0,4 - Clean
8758,78,3619.32,46.4,23,0,0.0,0.0,4 - Clean
8759,92,4972.52,54.05,28,0,0.0,0.0,4 - Clean
8760,98,6838.53,69.78,31,3,504.21,3.061,2 - High
8761,91,3989.69,43.84,32,0,0.0,0.0,4 - Clean
8762,66,3320.09,50.3,26,0,0.0,0.0,4 - Clean
8763,92,5358.22,58.24,28,0,0.0,0.0,4 - Clean
8764,82,4853.95,59.19,33,0,0.0,0.0,4 - Clean
8765,79,4173.8,52.83,30,1,234.04,1.266,3 - Watch
8766,67,3166.09,47.26,29,1,499.45,1.493,3 - Watch
8767,88,3636.05,41.32,31,1,210.85,1.136,3 - Watch
8768,82,5535.91,67.51,26,0,0.0,0.0,4 - Clean
8769,94,3928.19,41.79,31,0,0.0,0.0,4 - Clean
8770,52,2484.75,47.78,16,0,0.0,0.0,4 - Clean
8771,85,5118.42,60.22,34,0,0.0,0.0,4 - Clean
8772,93,4884.09,52.52,35,0,0.0,0.0,4 - Clean
8773,97,4979.22,51.33,29,0,0.0,0.0,4 - Clean
8774,105,5565.53,53.01,31,0,0.0,0.0,4 - Clean
8775,64,3382.44,52.85,20,0,0.0,0.0,4 - Clean
8776,81,3340.1,41.24,30,0,0.0,0.0,4 - Clean
8777,82,4269.51,52.07,30,0,0.0,0.0,4 - Clean
8778,58,3256.95,56.15,22,1,307.1,1.724,3 - Watch
8779,104,5234.46,50.33,31,0,0.0,0.0,4 - Clean
8780,95,4538.56,47.77,33,2,272.25,2.105,2 - High
8781,67,3154.33,47.08,25,0,0.0,0.0,4 - Clean
8782,45,2808.99,62.42,21,0,0.0,0.0,4 - Clean
8783,82,4055.54,49.46,29,0,0.0,0.0,4 - Clean
8784,145,7053.75,48.65,45,0,0.0,0.0,4 - Clean
8785,83,4110.08,49.52,33,1,227.64,1.205,3 - Watch
8786,130,7380.77,56.78,41,0,0.0,0.0,4 - Clean
8787,70,4225.45,60.36,25,1,229.21,1.429,3 - Watch
8788,86,5523.85,64.23,29,2,486.07,2.326,2 - High
8789,100,5012.84,50.13,37,1,226.52,1.0,3 - Watch
8790,60,3585.43,59.76,20,0,0.0,0.0,4 - Clean
8791,51,2384.21,46.75,18,0,0.0,0.0,4 - Clean
8792,108,5269.54,48.79,35,1,133.9,0.926,3 - Watch
8793,106,5138.11,48.47,37,26,1099.49,24.528,1 - Critical
8794,75,4797.83,63.97,29,0,0.0,0.0,4 - Clean
8795,131,7571.46,57.8,37,0,0.0,0.0,4 - Clean
8796,150,8942.46,59.62,40,2,281.39,1.333,3 - Watch
8797,74,4353.24,58.83,27,0,0.0,0.0,4 - Clean
8798,83,3963.9,47.76,26,0,0.0,0.0,4 - Clean
8799,76,4373.36,57.54,24,1,278.65,1.316,3 - Watch
8800,61,4413.33,72.35,25,17,1345.37,27.869,1 - Critical
8801,131,6539.94,49.92,41,0,0.0,0.0,4 - Clean
8802,99,5535.34,55.91,33,0,0.0,0.0,4 - Clean
8803,86,4620.69,53.73,24,0,0.0,0.0,4 - Clean
8804,59,2611.44,44.26,26,0,0.0,0.0,4 - Clean
8805,126,6918.01,54.9,37,1,240.42,0.794,3 - Watch
8806,76,2862.53,37.66,27,0,0.0,0.0,4 - Clean
8807,69,3415.19,49.5,28,0,0.0,0.0,4 - Clean
8808,67,4401.17,65.69,19,0,0.0,0.0,4 - Clean
8809,74,3516.08,47.51,28,0,0.0,0.0,4 - Clean
8810,90,4265.32,47.39,32,0,0.0,0.0,4 - Clean
8811,89,4651.8,52.27,33,1,249.25,1.124,3 - Watch
8812,75,4900.35,65.34,27,0,0.0,0.0,4 - Clean
8813,52,2836.6,54.55,21,0,0.0,0.0,4 - Clean
8814,60,2195.1,36.58,24,0,0.0,0.0,4 - Clean
8815,79,4195.71,53.11,28,0,0.0,0.0,4 - Clean
8816,87,5015.87,57.65,28,0,0.0,0.0,4 - Clean
8817,69,3128.2,45.34,31,1,13.9,1.449,3 - Watch
8818,76,5038.29,66.29,29,0,0.0,0.0,4 - Clean
8819,80,4186.79,52.33,33,1,287.45,1.25,3 - Watch
8820,58,2872.68,49.53,18,1,318.85,1.724,3 - Watch
8821,128,6758.17,52.8,37,1,43.95,0.781,3 - Watch
8822,76,3870.04,50.92,28,1,31.45,1.316,3 - Watch
8823,96,5535.44,57.66,28,1,351.3,1.042,3 - Watch
8824,80,4021.62,50.27,31,0,0.0,0.0,4 - Clean
8825,97,4335.95,44.7,37,1,170.4,1.031,3 - Watch
8826,62,3504.48,56.52,28,0,0.0,0.0,4 - Clean
8827,112,5207.94,46.5,34,0,0.0,0.0,4 - Clean
8828,106,5371.62,50.68,40,1,419.9,0.943,3 - Watch
8829,103,5591.98,54.29,33,0,0.0,0.0,4 - Clean
8830,95,4887.61,51.45,29,0,0.0,0.0,4 - Clean
8831,101,5224.63,51.73,36,0,0.0,0.0,4 - Clean
8832,92,4864.23,52.87,37,1,238.86,1.087,3 - Watch
8833,67,3445.94,51.43,23,0,0.0,0.0,4 - Clean
8834,89,4978.5,55.94,28,2,482.18,2.247,2 - High
8835,109,5363.05,49.2,39,1,260.36,0.917,3 - Watch
8836,69,3604.95,52.25,24,0,0.0,0.0,4 - Clean
8837,107,4897.28,45.77,33,0,0.0,0.0,4 - Clean
8838,72,3052.88,42.4,17,0,0.0,0.0,4 - Clean
8839,97,4839.81,49.89,34,0,0.0,0.0,4 - Clean
8840,62,2938.55,47.4,24,0,0.0,0.0,4 - Clean
8841,122,4935.08,40.45,39,0,0.0,0.0,4 - Clean
8842,79,4697.26,59.46,27,1,227.43,1.266,3 - Watch
8843,113,5652.01,50.02,38,0,0.0,0.0,4 - Clean
8844,80,4393.55,54.92,28,0,0.0,0.0,4 - Clean
8845,63,2932.99,46.56,25,1,490.7,1.587,3 - Watch
8846,58,2347.89,40.48,27,0,0.0,0.0,4 - Clean
8847,37,2184.27,59.03,12,0,0.0,0.0,4 - Clean
8848,81,3834.85,47.34,27,0,0.0,0.0,4 - Clean
8849,104,4040.84,38.85,35,0,0.0,0.0,4 - Clean
8850,78,3520.56,45.14,26,0,0.0,0.0,4 - Clean
8851,65,2909.3,44.76,28,0,0.0,0.0,4 - Clean
8852,124,5573.32,44.95,39,0,0.0,0.0,4 - Clean
8853,113,6039.53,53.45,35,1,13.55,0.885,3 - Watch
8854,87,5614.19,64.53,30,1,379.8,1.149,3 - Watch
8855,93,5134.01,55.2,35,0,0.0,0.0,4 - Clean
8856,79,4569.87,57.85,26,0,0.0,0.0,4 - Clean
8857,84,4992.3,59.43,28,0,0.0,0.0,4 - Clean
8858,109,4011.35,36.8,31,1,187.85,0.917,3 - Watch
8859,94,4855.69,51.66,36,1,58.3,1.064,3 - Watch
8860,109,6499.16,59.63,31,0,0.0,0.0,4 - Clean
8861,135,7431.82,55.05,40,0,0.0,0.0,4 - Clean
8862,99,6806.08,68.75,23,0,0.0,0.0,4 - Clean
8863,67,3555.9,53.07,26,0,0.0,0.0,4 - Clean
8864,74,4623.02,62.47,26,0,0.0,0.0,4 - Clean
8865,91,6042.21,66.4,35,1,701.3,1.099,3 - Watch
8866,92,3579.57,38.91,29,0,0.0,0.0,4 - Clean
8867,112,6050.2,54.02,35,0,0.0,0.0,4 - Clean
8868,102,4611.17,45.21,30,0,0.0,0.0,4 - Clean
8869,93,4061.42,43.67,31,0,0.0,0.0,4 - Clean
8870,111,6141.24,55.33,32,1,13.6,0.901,3 - Watch
8871,114,7190.36,63.07,34,1,415.7,0.877,3 - Watch
8872,115,6583.68,57.25,40,0,0.0,0.0,4 - Clean
8873,71,3620.46,50.99,23,0,0.0,0.0,4 - Clean
8874,103,4545.0,44.13,38,0,0.0,0.0,4 - Clean
8875,82,4369.85,53.29,25,0,0.0,0.0,4 - Clean
8876,78,4504.18,57.75,25,0,0.0,0.0,4 - Clean
8877,118,5430.11,46.02,38,2,183.75,1.695,3 - Watch
8878,103,6032.48,58.57,35,0,0.0,0.0,4 - Clean
8879,86,5011.47,58.27,27,0,0.0,0.0,4 - Clean
8880,95,4376.34,46.07,30,0,0.0,0.0,4 - Clean
8881,83,4690.47,56.51,34,1,43.2,1.205,3 - Watch
8882,87,5056.86,58.12,32,0,0.0,0.0,4 - Clean
8883,70,3305.73,47.22,24,0,0.0,0.0,4 - Clean
8884,66,4380.25,66.37,24,21,1263.2,31.818,1 - Critical
8885,100,5621.41,56.21,28,0,0.0,0.0,4 - Clean
8886,131,6299.16,48.09,37,0,0.0,0.0,4 - Clean
8887,70,3488.15,49.83,27,0,0.0,0.0,4 - Clean
8888,90,4516.23,50.18,31,0,0.0,0.0,4 - Clean
8889,112,6360.48,56.79,25,0,0.0,0.0,4 - Clean
8890,36,2403.67,66.77,18,0,0.0,0.0,4 - Clean
8891,108,5511.59,51.03,33,1,407.9,0.926,3 - Watch
8892,92,5241.32,56.97,29,1,61.7,1.087,3 - Watch
8893,94,5417.19,57.63,20,0,0.0,0.0,4 - Clean
8894,108,5361.9,49.65,34,0,0.0,0.0,4 - Clean
8895,92,4846.13,52.68,33,0,0.0,0.0,4 - Clean
8896,89,5184.13,58.25,29,0,0.0,0.0,4 - Clean
8897,68,4286.48,63.04,28,0,0.0,0.0,4 - Clean
8898,66,5246.8,79.5,28,1,223.79,1.515,3 - Watch
8899,116,6920.18,59.66,30,1,245.0,0.862,3 - Watch
8900,91,4385.89,48.2,30,0,0.0,0.0,4 - Clean
8901,150,8392.45,55.95,36,0,0.0,0.0,4 - Clean
8902,100,4705.16,47.05,26,1,92.2,1.0,3 - Watch
8903,73,3846.63,52.69,25,0,0.0,0.0,4 - Clean
8904,107,5347.32,49.97,36,0,0.0,0.0,4 - Clean
8905,78,3577.67,45.87,27,0,0.0,0.0,4 - Clean
8906,74,3982.59,53.82,22,0,0.0,0.0,4 - Clean
8907,82,3880.05,47.32,27,0,0.0,0.0,4 - Clean
8908,76,3761.65,49.5,34,0,0.0,0.0,4 - Clean
8909,99,5438.27,54.93,36,0,0.0,0.0,4 - Clean
8910,117,6656.98,56.9,36,1,113.55,0.855,3 - Watch
8911,108,6348.36,58.78,33,0,0.0,0.0,4 - Clean
8912,30,1495.14,49.84,14,0,0.0,0.0,4 - Clean
8913,82,2635.05,32.13,28,0,0.0,0.0,4 - Clean
8914,82,4198.26,51.2,27,0,0.0,0.0,4 - Clean
8915,79,3170.16,40.13,30,0,0.0,0.0,4 - Clean
8916,89,4891.78,54.96,35,0,0.0,0.0,4 - Clean
8917,86,4919.75,57.21,29,0,0.0,0.0,4 - Clean
8918,115,4360.71,37.92,33,0,0.0,0.0,4 - Clean
8919,89,4193.75,47.12,36,0,0.0,0.0,4 - Clean
8920,109,7032.21,64.52,30,1,336.9,0.917,3 - Watch
8921,77,4449.96,57.79,24,0,0.0,0.0,4 - Clean
8922,90,4298.33,47.76,35,0,0.0,0.0,4 - Clean
8923,76,3633.16,47.8,30,0,0.0,0.0,4 - Clean
8924,120,5356.34,44.64,40,0,0.0,0.0,4 - Clean
8925,90,4824.8,53.61,32,0,0.0,0.0,4 - Clean
8926,88,4715.68,53.59,29,0,0.0,0.0,4 - Clean
8927,93,5257.69,56.53,29,0,0.0,0.0,4 - Clean
8928,123,5887.08,47.86,28,0,0.0,0.0,4 - Clean
8929,96,5275.43,54.95,37,0,0.0,0.0,4 - Clean
8930,114,4964.35,43.55,40,0,0.0,0.0,4 - Clean
8931,87,4568.15,52.51,33,0,0.0,0.0,4 - Clean
8932,107,5696.86,53.24,32,0,0.0,0.0,4 - Clean
8933,63,3185.4,50.56,22,0,0.0,0.0,4 - Clean
8934,65,3427.06,52.72,23,0,0.0,0.0,4 - Clean
8935,115,5923.19,51.51,34,0,0.0,0.0,4 - Clean
8936,149,7749.61,52.01,35,0,0.0,0.0,4 - Clean
8937,91,6203.78,68.17,27,1,496.05,1.099,3 - Watch
8938,98,5530.2,56.43,29,0,0.0,0.0,4 - Clean
8939,68,3920.13,57.65,31,0,0.0,0.0,4 - Clean
8940,76,3695.64,48.63,17,1,240.16,1.316,3 - Watch
8941,98,4544.46,46.37,34,0,0.0,0.0,4 - Clean
8942,87,4338.42,49.87,30,0,0.0,0.0,4 - Clean
8943,68,4955.39,72.87,26,1,753.7,1.471,3 - Watch
8944,60,3782.7,63.04,20,0,0.0,0.0,4 - Clean
8945,106,4974.54,46.93,33,0,0.0,0.0,4 - Clean
8946,74,3786.32,51.17,30,0,0.0,0.0,4 - Clean
8947,92,4973.59,54.06,29,0,0.0,0.0,4 - Clean
8948,92,5484.95,59.62,30,1,251.6,1.087,3 - Watch
8949,63,3814.52,60.55,23,0,0.0,0.0,4 - Clean
8950,112,5822.61,51.99,33,1,67.05,0.893,3 - Watch
8951,79,4435.76,56.15,25,0,0.0,0.0,4 - Clean
8952,75,4004.88,53.4,23,0,0.0,0.0,4 - Clean
8953,116,6126.31,52.81,37,2,851.73,1.724,3 - Watch
8954,83,5130.4,61.81,26,0,0.0,0.0,4 - Clean
8955,55,2615.44,47.55,18,0,0.0,0.0,4 - Clean
8956,61,3748.18,61.45,24,0,0.0,0.0,4 - Clean
8957,61,4112.24,67.41,20,1,184.55,1.639,3 - Watch
8958,104,5416.32,52.08,39,33,1630.88,31.731,1 - Critical
8959,80,4290.37,53.63,29,0,0.0,0.0,4 - Clean
8960,82,4609.06,56.21,29,24,1395.29,29.268,1 - Critical
8961,92,4912.76,53.4,30,0,0.0,0.0,4 - Clean
8962,90,5596.19,62.18,25,0,0.0,0.0,4 - Clean
8963,100,5388.11,53.88,32,0,0.0,0.0,4 - Clean
8964,106,4479.55,42.26,36,0,0.0,0.0,4 - Clean
8965,92,4478.38,48.68,32,0,0.0,0.0,4 - Clean
8966,61,3046.01,49.93,24,0,0.0,0.0,4 - Clean
8967,50,2448.34,48.97,23,1,233.63,2.0,2 - High
8968,52,2799.59,53.84,21,0,0.0,0.0,4 - Clean
8969,86,4551.54,52.92,29,0,0.0,0.0,4 - Clean
8970,69,3894.42,56.44,30,0,0.0,0.0,4 - Clean
8971,84,3977.23,47.35,29,0,0.0,0.0,4 - Clean
8972,125,7004.24,56.03,43,0,0.0,0.0,4 - Clean
8973,96,4773.31,49.72,31,0,0.0,0.0,4 - Clean
8974,112,5344.14,47.72,38,0,0.0,0.0,4 - Clean
8975,95,5297.54,55.76,31,1,119.9,1.053,3 - Watch
8976,71,4060.46,57.19,19,0,0.0,0.0,4 - Clean
8977,64,3283.71,51.31,30,0,0.0,0.0,4 - Clean
8978,89,5495.12,61.74,27,0,0.0,0.0,4 - Clean
8979,93,5903.65,63.48,31,0,0.0,0.0,4 - Clean
8980,63,3465.66,55.01,20,0,0.0,0.0,4 - Clean
8981,84,4159.49,49.52,33,0,0.0,0.0,4 - Clean
8982,101,7017.12,69.48,30,3,569.85,2.97,2 - High
8983,64,4001.96,62.53,25,0,0.0,0.0,4 - Clean
8984,60,3870.66,64.51,19,0,0.0,0.0,4 - Clean
8985,94,5338.89,56.8,34,0,0.0,0.0,4 - Clean
8986,65,3980.95,61.25,27,0,0.0,0.0,4 - Clean
8987,102,4985.25,48.88,38,0,0.0,0.0,4 - Clean
8988,108,5824.2,53.93,32,0,0.0,0.0,4 - Clean
8989,73,3886.74,53.24,25,1,292.9,1.37,3 - Watch
8990,91,4910.74,53.96,30,0,0.0,0.0,4 - Clean
8991,133,7563.96,56.87,36,0,0.0,0.0,4 - Clean
8992,73,4236.57,58.04,32,0,0.0,0.0,4 - Clean
8993,97,5280.63,54.44,30,0,0.0,0.0,4 - Clean
8994,93,5098.68,54.82,31,0,0.0,0.0,4 - Clean
8995,69,3869.36,56.08,20,0,0.0,0.0,4 - Clean
8996,145,7859.32,54.2,41,1,330.45,0.69,3 - Watch
8997,108,7189.64,66.57,36,0,0.0,0.0,4 - Clean
8998,68,3312.8,48.72,27,0,0.0,0.0,4 - Clean
8999,144,7995.32,55.52,45,0,0.0,0.0,4 - Clean
9000,71,4269.46,60.13,22,0,0.0,0.0,4 - Clean
9001,86,4834.17,56.21,33,0,0.0,0.0,4 - Clean
9002,127,5612.29,44.19,42,0,0.0,0.0,4 - Clean
9003,78,4899.9,62.82,25,1,197.9,1.282,3 - Watch
9004,101,4520.46,44.76,38,0,0.0,0.0,4 - Clean
9005,51,2721.09,53.35,22,1,227.79,1.961,3 - Watch
9006,80,4268.99,53.36,26,0,0.0,0.0,4 - Clean
9007,100,5046.98,50.47,36,0,0.0,0.0,4 - Clean
9008,49,3070.65,62.67,13,0,0.0,0.0,4 - Clean
9009,83,5117.27,61.65,31,0,0.0,0.0,4 - Clean
9010,95,5356.49,56.38,34,1,42.45,1.053,3 - Watch
9011,82,3281.45,40.02,26,0,0.0,0.0,4 - Clean
9012,66,2311.97,35.03,25,1,112.95,1.515,3 - Watch
9013,62,3713.83,59.9,24,0,0.0,0.0,4 - Clean
9014,97,5058.2,52.15,29,0,0.0,0.0,4 - Clean
9015,99,4172.95,42.15,35,0,0.0,0.0,4 - Clean
9016,90,5430.26,60.34,32,1,250.09,1.111,3 - Watch
9017,64,2638.12,41.22,23,0,0.0,0.0,4 - Clean
9018,133,5896.57,44.34,33,0,0.0,0.0,4 - Clean
9019,99,6063.26,61.25,36,0,0.0,0.0,4 - Clean
9020,115,6858.85,59.64,36,0,0.0,0.0,4 - Clean
9021,93,5252.56,56.48,31,0,0.0,0.0,4 - Clean
9022,76,4529.49,59.6,30,0,0.0,0.0,4 - Clean
9023,74,3040.62,41.09,24,0,0.0,0.0,4 - Clean
9024,94,5627.26,59.86,32,0,0.0,0.0,4 - Clean
9025,69,4291.06,62.19,26,0,0.0,0.0,4 - Clean
9026,82,4812.52,58.69,31,0,0.0,0.0,4 - Clean
9027,105,4991.26,47.54,36,0,0.0,0.0,4 - Clean
9028,75,3632.41,48.43,32,0,0.0,0.0,4 - Clean
9029,81,4831.13,59.64,30,0,0.0,0.0,4 - Clean
9030,68,3243.58,47.7,25,1,112.95,1.471,3 - Watch
9031,78,4796.1,61.49,29,1,289.6,1.282,3 - Watch
9032,71,3649.5,51.4,27,0,0.0,0.0,4 - Clean
9033,88,4572.42,51.96,31,1,231.43,1.136,3 - Watch
9034,83,4001.37,48.21,29,0,0.0,0.0,4 - Clean
9035,89,4320.88,48.55,28,0,0.0,0.0,4 - Clean
9036,78,4181.55,53.61,28,0,0.0,0.0,4 - Clean
9037,108,5188.53,48.04,33,0,0.0,0.0,4 - Clean
9038,88,4986.91,56.67,28,0,0.0,0.0,4 - Clean
9039,99,7251.42,73.25,25,2,565.75,2.02,2 - High
9040,79,4040.28,51.14,34,0,0.0,0.0,4 - Clean
9041,106,6658.96,62.82,24,1,523.5,0.943,3 - Watch
9042,88,4112.09,46.73,25,0,0.0,0.0,4 - Clean
9043,106,5550.05,52.36,33,0,0.0,0.0,4 - Clean
9044,100,5608.75,56.09,35,0,0.0,0.0,4 - Clean
9045,96,4674.9,48.7,35,1,163.15,1.042,3 - Watch
9046,54,2845.67,52.7,15,0,0.0,0.0,4 - Clean
9047,95,4158.32,43.77,33,0,0.0,0.0,4 - Clean
9048,110,5391.93,49.02,41,0,0.0,0.0,4 - Clean
9049,82,4138.87,50.47,29,0,0.0,0.0,4 - Clean
9050,86,4086.72,47.52,27,1,338.35,1.163,3 - Watch
9051,124,6461.04,52.11,42,0,0.0,0.0,4 - Clean
9052,93,5620.26,60.43,33,40,2269.17,43.011,1 - Critical
9053,83,4839.65,58.31,20,1,226.09,1.205,3 - Watch
9054,87,4800.48,55.18,26,0,0.0,0.0,4 - Clean
9055,114,6001.06,52.64,40,1,38.0,0.877,3 - Watch
9056,111,5725.42,51.58,37,1,191.75,0.901,3 - Watch
9057,120,6869.65,57.25,38,0,0.0,0.0,4 - Clean
9058,84,4048.93,48.2,34,0,0.0,0.0,4 - Clean
9059,81,3967.73,48.98,26,0,0.0,0.0,4 - Clean
9060,76,4460.73,58.69,20,0,0.0,0.0,4 - Clean
9061,59,3249.0,55.07,16,0,0.0,0.0,4 - Clean
9062,101,4850.72,48.03,35,0,0.0,0.0,4 - Clean
9063,140,9007.98,64.34,42,0,0.0,0.0,4 - Clean
9064,89,5327.59,59.86,30,0,0.0,0.0,4 - Clean
9065,74,4522.5,61.11,26,0,0.0,0.0,4 - Clean
9066,59,2857.3,48.43,28,0,0.0,0.0,4 - Clean
9067,94,4379.39,46.59,25,0,0.0,0.0,4 - Clean
9068,96,5048.91,52.59,31,0,0.0,0.0,4 - Clean
9069,61,3122.07,51.18,25,0,0.0,0.0,4 - Clean
9070,110,6883.89,62.58,36,0,0.0,0.0,4 - Clean
9071,79,3979.0,50.37,27,0,0.0,0.0,4 - Clean
9072,51,2794.44,54.79,14,1,23.0,1.961,3 - Watch
9073,79,5627.16,71.23,26,1,170.2,1.266,3 - Watch
9074,125,7620.92,60.97,36,0,0.0,0.0,4 - Clean
9075,49,2176.29,44.41,15,0,0.0,0.0,4 - Clean
9076,118,6090.94,51.62,40,0,0.0,0.0,4 - Clean
9077,73,4526.89,62.01,29,1,139.95,1.37,3 - Watch
9078,116,7306.03,62.98,33,2,437.15,1.724,3 - Watch
9079,60,1876.71,31.28,23,0,0.0,0.0,4 - Clean
9080,81,4167.16,51.45,33,0,0.0,0.0,4 - Clean
9081,108,5796.79,53.67,33,0,0.0,0.0,4 - Clean
9082,74,3794.75,51.28,27,2,322.5,2.703,2 - High
9083,109,5752.57,52.78,37,0,0.0,0.0,4 - Clean
9084,117,5726.51,48.94,39,0,0.0,0.0,4 - Clean
9085,98,5457.48,55.69,30,1,414.85,1.02,3 - Watch
9086,79,3580.6,45.32,27,0,0.0,0.0,4 - Clean
9087,112,5198.96,46.42,40,0,0.0,0.0,4 - Clean
9088,47,2251.33,47.9,21,0,0.0,0.0,4 - Clean
9089,161,8431.78,52.37,46,1,118.4,0.621,3 - Watch
9090,77,4045.67,52.54,32,0,0.0,0.0,4 - Clean
9091,91,4157.4,45.69,26,0,0.0,0.0,4 - Clean
9092,76,3676.19,48.37,26,0,0.0,0.0,4 - Clean
9093,67,4035.54,60.23,28,0,0.0,0.0,4 - Clean
9094,103,6504.51,63.15,32,0,0.0,0.0,4 - Clean
9095,70,4739.68,67.71,25,2,712.7,2.857,2 - High
9096,58,2754.34,47.49,31,0,0.0,0.0,4 - Clean
9097,57,2279.41,39.99,19,0,0.0,0.0,4 - Clean
9098,107,4788.06,44.75,34,1,164.0,0.935,3 - Watch
9099,86,4320.28,50.24,36,1,88.35,1.163,3 - Watch
9100,55,3104.91,56.45,23,0,0.0,0.0,4 - Clean
9101,74,4706.02,63.59,27,0,0.0,0.0,4 - Clean
9102,88,5408.54,61.46,34,34,2264.21,38.636,1 - Critical
9103,66,2399.45,36.36,23,0,0.0,0.0,4 - Clean
9104,64,3009.4,47.02,24,1,56.6,1.562,3 - Watch
9105,117,7699.56,65.81,36,1,514.65,0.855,3 - Watch
9106,95,4978.28,52.4,31,0,0.0,0.0,4 - Clean
9107,127,7753.26,61.05,33,0,0.0,0.0,4 - Clean
9108,93,5943.6,63.91,19,0,0.0,0.0,4 - Clean
9109,86,4750.14,55.23,33,0,0.0,0.0,4 - Clean
9110,98,6830.91,69.7,36,2,601.95,2.041,2 - High
9111,94,5516.54,58.69,27,0,0.0,0.0,4 - Clean
9112,89,4753.36,53.41,29,0,0.0,0.0,4 - Clean
9113,117,6505.08,55.6,39,0,0.0,0.0,4 - Clean
9114,73,4422.75,60.59,23,0,0.0,0.0,4 - Clean
9115,90,5096.35,56.63,32,0,0.0,0.0,4 - Clean
9116,108,4970.17,46.02,36,0,0.0,0.0,4 - Clean
9117,92,5476.78,59.53,33,1,411.45,1.087,3 - Watch
9118,81,4766.0,58.84,24,2,734.55,2.469,2 - High
9119,81,4072.29,50.28,28,1,222.8,1.235,3 - Watch
9120,87,5208.48,59.87,27,1,608.4,1.149,3 - Watch
9121,106,4336.17,40.91,28,0,0.0,0.0,4 - Clean
9122,76,5307.13,69.83,23,0,0.0,0.0,4 - Clean
9123,78,4370.96,56.04,28,0,0.0,0.0,4 - Clean
9124,92,4915.46,53.43,33,0,0.0,0.0,4 - Clean
9125,90,5094.98,56.61,31,0,0.0,0.0,4 - Clean
9126,69,3508.75,50.85,25,0,0.0,0.0,4 - Clean
9127,87,5302.52,60.95,29,0,0.0,0.0,4 - Clean
9128,64,3384.81,52.89,20,0,0.0,0.0,4 - Clean
9129,100,4839.6,48.4,39,0,0.0,0.0,4 - Clean
9130,59,2853.38,48.36,12,0,0.0,0.0,4 - Clean
9131,67,3549.18,52.97,27,0,0.0,0.0,4 - Clean
9132,111,5783.52,52.1,35,0,0.0,0.0,4 - Clean
9133,79,3156.34,39.95,29,0,0.0,0.0,4 - Clean
9134,81,3525.17,43.52,18,0,0.0,0.0,4 - Clean
9135,113,8451.47,74.79,31,2,1002.75,1.77,3 - Watch
9136,76,4297.53,56.55,25,0,0.0,0.0,4 - Clean
9137,72,4197.03,58.29,29,0,0.0,0.0,4 - Clean
9138,135,7696.18,57.01,43,2,192.7,1.481,3 - Watch
9139,101,5431.78,53.78,38,0,0.0,0.0,4 - Clean
9140,82,4587.59,55.95,31,0,0.0,0.0,4 - Clean
9141,105,5131.7,48.87,34,0,0.0,0.0,4 - Clean
9142,74,4011.42,54.21,25,0,0.0,0.0,4 - Clean
9143,80,4768.82,59.61,29,1,383.75,1.25,3 - Watch
9144,114,5984.5,52.5,29,0,0.0,0.0,4 - Clean
9145,69,3433.0,49.75,24,1,105.95,1.449,3 - Watch
9146,56,2449.0,43.73,19,0,0.0,0.0,4 - Clean
9147,57,2120.07,37.19,24,0,0.0,0.0,4 - Clean
9148,102,6204.91,60.83,29,0,0.0,0.0,4 - Clean
9149,70,2961.05,42.3,23,0,0.0,0.0,4 - Clean
9150,90,5776.93,64.19,29,1,487.85,1.111,3 - Watch
9151,89,4697.18,52.78,30,0,0.0,0.0,4 - Clean
9152,67,3157.73,47.13,26,0,0.0,0.0,4 - Clean
9153,77,4283.32,55.63,28,0,0.0,0.0,4 - Clean
9154,89,5965.89,67.03,36,0,0.0,0.0,4 - Clean
9155,86,4167.18,48.46,29,0,0.0,0.0,4 - Clean
9156,72,3107.36,43.16,29,0,0.0,0.0,4 - Clean
9157,80,3707.04,46.34,25,0,0.0,0.0,4 - Clean
9158,90,4834.54,53.72,36,0,0.0,0.0,4 - Clean
9159,43,1454.68,33.83,15,0,0.0,0.0,4 - Clean
9160,60,2884.81,48.08,19,0,0.0,0.0,4 - Clean
9161,127,6617.84,52.11,42,0,0.0,0.0,4 - Clean
9162,104,4686.56,45.06,37,0,0.0,0.0,4 - Clean
9163,93,4982.86,53.58,29,0,0.0,0.0,4 - Clean
9164,55,3049.21,55.44,26,0,0.0,0.0,4 - Clean
9165,92,5106.13,55.5,36,0,0.0,0.0,4 - Clean
9166,65,3241.09,49.86,24,0,0.0,0.0,4 - Clean
9167,66,3837.88,58.15,21,0,0.0,0.0,4 - Clean
9168,66,3616.77,54.8,28,0,0.0,0.0,4 - Clean
9169,84,4843.1,57.66,28,1,52.95,1.19,3 - Watch
9170,109,5731.73,52.58,36,0,0.0,0.0,4 - Clean
9171,111,6375.64,57.44,31,1,176.55,0.901,3 - Watch
9172,76,4640.6,61.06,26,0,0.0,0.0,4 - Clean
9173,54,2810.34,52.04,23,0,0.0,0.0,4 - Clean
9174,96,5035.87,52.46,29,1,116.95,1.042,3 - Watch
9175,98,4699.51,47.95,35,0,0.0,0.0,4 - Clean
9176,104,5067.9,48.73,33,0,0.0,0.0,4 - Clean
9177,65,4397.23,67.65,24,2,325.6,3.077,2 - High
9178,104,4558.29,43.83,33,0,0.0,0.0,4 - Clean
9179,93,4266.27,45.87,31,1,851.95,1.075,3 - Watch
9180,30,2139.01,71.3,9,0,0.0,0.0,4 - Clean
9181,91,4616.99,50.74,29,0,0.0,0.0,4 - Clean
9182,79,4057.11,51.36,31,1,605.75,1.266,3 - Watch
9183,114,6453.67,56.61,38,0,0.0,0.0,4 - Clean
9184,88,5158.16,58.62,28,27,1614.3,30.682,1 - Critical
9185,76,3099.7,40.79,28,0,0.0,0.0,4 - Clean
9186,99,5634.04,56.91,28,0,0.0,0.0,4 - Clean
9187,100,5710.23,57.1,34,0,0.0,0.0,4 - Clean
9188,117,6058.04,51.78,32,0,0.0,0.0,4 - Clean
9189,93,5878.86,63.21,25,1,371.1,1.075,3 - Watch
9190,78,4030.46,51.67,33,0,0.0,0.0,4 - Clean
9191,70,3149.8,45.0,22,0,0.0,0.0,4 - Clean
9192,117,5790.07,49.49,37,1,30.55,0.855,3 - Watch
9193,75,3705.76,49.41,27,0,0.0,0.0,4 - Clean
9194,109,6209.34,56.97,33,0,0.0,0.0,4 - Clean
9195,81,4076.75,50.33,31,0,0.0,0.0,4 - Clean
9196,101,5284.27,52.32,32,1,60.05,0.99,3 - Watch
9197,93,5312.59,57.12,31,3,521.83,3.226,2 - High
9198,86,3337.56,38.81,33,0,0.0,0.0,4 - Clean
9199,81,3430.96,42.36,34,0,0.0,0.0,4 - Clean
9200,52,3315.99,63.77,23,0,0.0,0.0,4 - Clean
9201,59,3847.55,65.21,26,0,0.0,0.0,4 - Clean
9202,92,4110.26,44.68,26,0,0.0,0.0,4 - Clean
9203,126,6399.47,50.79,34,0,0.0,0.0,4 - Clean
9204,78,3864.83,49.55,30,1,78.35,1.282,3 - Watch
9205,89,3848.32,43.24,30,0,0.0,0.0,4 - Clean
9206,107,4472.82,41.8,36,1,62.15,0.935,3 - Watch
9207,127,7129.2,56.14,32,25,1311.02,19.685,1 - Critical
9208,108,5971.47,55.29,37,0,0.0,0.0,4 - Clean
9209,87,5956.78,68.47,29,0,0.0,0.0,4 - Clean
9210,71,3872.72,54.55,25,0,0.0,0.0,4 - Clean
9211,69,3678.99,53.32,28,0,0.0,0.0,4 - Clean
9212,63,2894.82,45.95,19,0,0.0,0.0,4 - Clean
9213,82,4487.65,54.73,30,0,0.0,0.0,4 - Clean
9214,70,4635.48,66.22,25,0,0.0,0.0,4 - Clean
9215,97,4401.91,45.38,29,0,0.0,0.0,4 - Clean
9216,74,3230.67,43.66,30,0,0.0,0.0,4 - Clean
9217,65,3189.52,49.07,24,0,0.0,0.0,4 - Clean
9218,85,4674.48,54.99,31,0,0.0,0.0,4 - Clean
9219,64,3846.45,60.1,26,0,0.0,0.0,4 - Clean
9220,74,3721.0,50.28,21,0,0.0,0.0,4 - Clean
9221,108,4788.99,44.34,32,0,0.0,0.0,4 - Clean
9222,119,6507.51,54.68,42,0,0.0,0.0,4 - Clean
9223,76,4194.46,55.19,25,0,0.0,0.0,4 - Clean
9224,80,4542.74,56.78,28,0,0.0,0.0,4 - Clean
9225,94,4714.81,50.16,31,0,0.0,0.0,4 - Clean
9226,97,4917.06,50.69,29,0,0.0,0.0,4 - Clean
9227,98,5725.29,58.42,31,2,475.7,2.041,2 - High
9228,67,3904.95,58.28,23,0,0.0,0.0,4 - Clean
9229,81,4902.17,60.52,28,23,1303.1,28.395,1 - Critical
9230,72,3761.94,52.25,25,1,225.52,1.389,3 - Watch
9231,82,4201.76,51.24,31,0,0.0,0.0,4 - Clean
9232,55,2848.72,51.79,26,0,0.0,0.0,4 - Clean
9233,88,4921.16,55.92,33,0,0.0,0.0,4 - Clean
9234,94,4752.52,50.56,33,1,456.35,1.064,3 - Watch
9235,101,6348.07,62.85,35,0,0.0,0.0,4 - Clean
9236,70,3506.88,50.1,24,0,0.0,0.0,4 - Clean
9237,79,4264.7,53.98,31,0,0.0,0.0,4 - Clean
9238,82,4601.56,56.12,32,0,0.0,0.0,4 - Clean
9239,79,4468.77,56.57,26,0,0.0,0.0,4 - Clean
9240,117,5564.2,47.56,35,0,0.0,0.0,4 - Clean
9241,95,5679.27,59.78,29,1,526.65,1.053,3 - Watch
9242,69,3457.75,50.11,31,0,0.0,0.0,4 - Clean
9243,67,3558.14,53.11,14,0,0.0,0.0,4 - Clean
9244,119,6043.71,50.79,35,0,0.0,0.0,4 - Clean
9245,116,5713.36,49.25,38,1,118.75,0.862,3 - Watch
9246,79,4157.84,52.63,23,0,0.0,0.0,4 - Clean
9247,96,4353.27,45.35,32,0,0.0,0.0,4 - Clean
9248,88,4398.0,49.98,24,0,0.0,0.0,4 - Clean
9249,86,4099.44,47.67,32,1,42.7,1.163,3 - Watch
9250,94,4800.48,51.07,33,1,582.85,1.064,3 - Watch
9251,130,6775.52,52.12,33,0,0.0,0.0,4 - Clean
9252,78,4036.61,51.75,32,1,63.05,1.282,3 - Watch
9253,150,8575.25,57.17,47,0,0.0,0.0,4 - Clean
9254,64,2843.41,44.43,24,0,0.0,0.0,4 - Clean
9255,77,4297.76,55.82,23,1,58.7,1.299,3 - Watch
9256,67,4388.74,65.5,28,0,0.0,0.0,4 - Clean
9257,82,4789.08,58.4,28,0,0.0,0.0,4 - Clean
9258,74,3464.17,46.81,28,0,0.0,0.0,4 - Clean
9259,66,3619.27,54.84,24,0,0.0,0.0,4 - Clean
9260,153,7848.35,51.3,46,1,41.55,0.654,3 - Watch
9261,94,4276.64,45.5,29,0,0.0,0.0,4 - Clean
9262,105,5874.68,55.95,30,0,0.0,0.0,4 - Clean
9263,128,6778.3,52.96,35,0,0.0,0.0,4 - Clean
9264,106,5986.79,56.48,36,0,0.0,0.0,4 - Clean
9265,75,3773.88,50.32,26,0,0.0,0.0,4 - Clean
9266,111,5949.87,53.6,40,2,569.15,1.802,3 - Watch
9267,64,2728.45,42.63,29,0,0.0,0.0,4 - Clean
9268,49,3180.23,64.9,26,16,1043.84,32.653,1 - Critical
9269,115,5716.83,49.71,34,1,354.95,0.87,3 - Watch
9270,59,2424.45,41.09,26,0,0.0,0.0,4 - Clean
9271,137,6307.39,46.04,40,1,295.4,0.73,3 - Watch
9272,94,5685.6,60.49,29,1,309.1,1.064,3 - Watch
9273,95,5738.64,60.41,34,19,1438.89,20.0,1 - Critical
9274,76,4502.83,59.25,28,0,0.0,0.0,4 - Clean
9275,106,4838.01,45.64,33,0,0.0,0.0,4 - Clean
9276,63,3909.12,62.05,22,0,0.0,0.0,4 - Clean
9277,114,6478.84,56.83,38,0,0.0,0.0,4 - Clean
9278,59,2816.44,47.74,26,1,159.8,1.695,3 - Watch
9279,78,4955.56,63.53,31,0,0.0,0.0,4 - Clean
9280,116,6579.61,56.72,30,0,0.0,0.0,4 - Clean
9281,109,5973.2,54.8,34,0,0.0,0.0,4 - Clean
9282,57,2453.79,43.05,25,0,0.0,0.0,4 - Clean
9283,82,3942.42,48.08,30,0,0.0,0.0,4 - Clean
9284,71,3541.07,49.87,27,0,0.0,0.0,4 - Clean
9285,80,5175.44,64.69,32,1,290.0,1.25,3 - Watch
9286,81,4473.89,55.23,33,0,0.0,0.0,4 - Clean
9287,75,4346.45,57.95,23,0,0.0,0.0,4 - Clean
9288,65,5216.64,80.26,25,1,637.35,1.538,3 - Watch
9289,79,4536.89,57.43,32,1,43.2,1.266,3 - Watch
9290,87,4265.55,49.03,39,0,0.0,0.0,4 - Clean
9291,64,2828.35,44.19,23,0,0.0,0.0,4 - Clean
9292,81,4256.83,52.55,26,0,0.0,0.0,4 - Clean
9293,126,7000.94,55.56,36,0,0.0,0.0,4 - Clean
9294,81,4142.08,51.14,26,0,0.0,0.0,4 - Clean
9295,76,2996.77,39.43,26,0,0.0,0.0,4 - Clean
9296,81,4735.32,58.46,29,0,0.0,0.0,4 - Clean
9297,89,4820.32,54.16,34,0,0.0,0.0,4 - Clean
9298,74,4379.34,59.18,21,0,0.0,0.0,4 - Clean
9299,111,5566.67,50.15,38,0,0.0,0.0,4 - Clean
9300,58,3776.12,65.11,31,1,659.65,1.724,3 - Watch
9301,93,5278.38,56.76,31,0,0.0,0.0,4 - Clean
9302,91,3927.61,43.16,28,0,0.0,0.0,4 - Clean
9303,49,2194.94,44.79,28,0,0.0,0.0,4 - Clean
9304,63,3075.3,48.81,23,0,0.0,0.0,4 - Clean
9305,83,4148.3,49.98,31,0,0.0,0.0,4 - Clean
9306,109,6479.78,59.45,32,0,0.0,0.0,4 - Clean
9307,65,3339.8,51.38,16,0,0.0,0.0,4 - Clean
9308,92,4622.73,50.25,38,0,0.0,0.0,4 - Clean
9309,84,4437.71,52.83,30,0,0.0,0.0,4 - Clean
9310,96,5092.33,53.05,39,0,0.0,0.0,4 - Clean
9311,72,4087.83,56.78,28,0,0.0,0.0,4 - Clean
9312,114,6260.01,54.91,40,0,0.0,0.0,4 - Clean
9313,77,3751.86,48.73,32,0,0.0,0.0,4 - Clean
9314,138,6826.67,49.47,42,0,0.0,0.0,4 - Clean
9315,57,3124.37,54.81,24,1,286.7,1.754,3 - Watch
9316,78,3761.66,48.23,30,0,0.0,0.0,4 - Clean
9317,94,5114.86,54.41,32,0,0.0,0.0,4 - Clean
9318,121,6217.2,51.38,43,0,0.0,0.0,4 - Clean
9319,161,7347.84,45.64,36,0,0.0,0.0,4 - Clean
9320,90,5470.46,60.78,30,0,0.0,0.0,4 - Clean
9321,71,3243.62,45.68,26,0,0.0,0.0,4 - Clean
9322,66,3642.38,55.19,28,1,117.25,1.515,3 - Watch
9323,108,4431.65,41.03,32,0,0.0,0.0,4 - Clean
9324,82,5530.99,67.45,25,1,748.85,1.22,3 - Watch
9325,79,4125.65,52.22,22,0,0.0,0.0,4 - Clean
9326,62,3038.48,49.01,24,0,0.0,0.0,4 - Clean
9327,69,3596.72,52.13,26,0,0.0,0.0,4 - Clean
9328,97,5183.52,53.44,33,0,0.0,0.0,4 - Clean
9329,73,4889.26,66.98,28,0,0.0,0.0,4 - Clean
9330,75,4432.1,59.09,24,0,0.0,0.0,4 - Clean
9331,76,5303.02,69.78,31,0,0.0,0.0,4 - Clean
9332,73,3449.75,47.26,27,0,0.0,0.0,4 - Clean
9333,99,5410.15,54.65,27,0,0.0,0.0,4 - Clean
9334,76,3786.45,49.82,24,0,0.0,0.0,4 - Clean
9335,110,4961.35,45.1,34,0,0.0,0.0,4 - Clean
9336,86,4049.11,47.08,30,0,0.0,0.0,4 - Clean
9337,92,4736.28,51.48,30,0,0.0,0.0,4 - Clean
9338,61,2794.12,45.81,22,0,0.0,0.0,4 - Clean
9339,86,4104.69,47.73,24,0,0.0,0.0,4 - Clean
9340,44,2171.54,49.35,19,10,395.06,22.727,1 - Critical
9341,80,3961.28,49.52,27,0,0.0,0.0,4 - Clean
9342,139,8408.67,60.49,46,1,220.75,0.719,3 - Watch
9343,81,4294.32,53.02,28,0,0.0,0.0,4 - Clean
9344,71,2751.09,38.75,27,0,0.0,0.0,4 - Clean
9345,79,3952.1,50.03,26,1,168.65,1.266,3 - Watch
9346,51,2928.86,57.43,22,1,733.8,1.961,3 - Watch
9347,110,5513.86,50.13,38,1,98.1,0.909,3 - Watch
9348,81,3751.33,46.31,30,0,0.0,0.0,4 - Clean
9349,109,6680.95,61.29,24,0,0.0,0.0,4 - Clean
9350,57,3821.3,67.04,24,1,221.45,1.754,3 - Watch
9351,89,5079.77,57.08,33,0,0.0,0.0,4 - Clean
9352,59,3219.83,54.57,25,0,0.0,0.0,4 - Clean
9353,79,4353.25,55.1,34,1,237.15,1.266,3 - Watch
9354,80,3719.85,46.5,34,0,0.0,0.0,4 - Clean
9355,110,7067.42,64.25,36,30,2262.63,27.273,1 - Critical
9356,74,3424.18,46.27,27,0,0.0,0.0,4 - Clean
9357,75,3534.92,47.13,21,0,0.0,0.0,4 - Clean
9358,81,4129.17,50.98,32,0,0.0,0.0,4 - Clean
9359,68,4246.63,62.45,16,0,0.0,0.0,4 - Clean
9360,100,6535.73,65.36,29,1,393.5,1.0,3 - Watch
9361,101,5166.22,51.15,33,0,0.0,0.0,4 - Clean
9362,85,5111.38,60.13,19,0,0.0,0.0,4 - Clean
9363,88,4261.35,48.42,26,0,0.0,0.0,4 - Clean
9364,99,4653.1,47.0,32,1,424.0,1.01,3 - Watch
9365,47,2555.41,54.37,13,0,0.0,0.0,4 - Clean
9366,84,5220.15,62.14,24,0,0.0,0.0,4 - Clean
9367,85,4773.18,56.16,30,0,0.0,0.0,4 - Clean
9368,81,3841.85,47.43,29,0,0.0,0.0,4 - Clean
9369,93,4906.8,52.76,29,1,239.0,1.075,3 - Watch
9370,70,3801.38,54.31,22,0,0.0,0.0,4 - Clean
9371,77,4549.86,59.09,30,1,331.55,1.299,3 - Watch
9372,137,7099.42,51.82,41,1,220.57,0.73,3 - Watch
9373,79,4808.51,60.87,32,0,0.0,0.0,4 - Clean
9374,82,3647.28,44.48,34,0,0.0,0.0,4 - Clean
9375,71,4422.14,62.28,23,0,0.0,0.0,4 - Clean
9376,63,3516.19,55.81,25,0,0.0,0.0,4 - Clean
9377,76,3366.48,44.3,27,0,0.0,0.0,4 - Clean
9378,109,7018.66,64.39,29,0,0.0,0.0,4 - Clean
9379,100,5217.07,52.17,32,0,0.0,0.0,4 - Clean
9380,111,7108.47,64.04,38,0,0.0,0.0,4 - Clean
9381,67,3683.18,54.97,22,0,0.0,0.0,4 - Clean
9382,107,6452.53,60.3,27,1,295.55,0.935,3 - Watch
9383,106,5139.38,48.48,38,0,0.0,0.0,4 - Clean
9384,67,3175.51,47.4,26,0,0.0,0.0,4 - Clean
9385,81,4517.56,55.77,28,0,0.0,0.0,4 - Clean
9386,99,5888.3,59.48,35,0,0.0,0.0,4 - Clean
9387,112,5161.9,46.09,39,0,0.0,0.0,4 - Clean
9388,81,4540.11,56.05,31,2,879.4,2.469,2 - High
9389,141,8954.9,63.51,41,1,479.65,0.709,3 - Watch
9390,107,6034.78,56.4,31,1,901.8,0.935,3 - Watch
9391,80,3174.69,39.68,26,0,0.0,0.0,4 - Clean
9392,80,4130.36,51.63,16,0,0.0,0.0,4 - Clean
9393,69,4082.12,59.16,26,0,0.0,0.0,4 - Clean
9394,110,6601.91,60.02,26,35,1963.98,31.818,1 - Critical
9395,61,3567.35,58.48,18,0,0.0,0.0,4 - Clean
9396,79,4382.82,55.48,31,0,0.0,0.0,4 - Clean
9397,130,6613.39,50.87,37,2,188.3,1.538,3 - Watch
9398,59,4136.75,70.11,21,2,560.34,3.39,2 - High
9399,87,4368.27,50.21,30,0,0.0,0.0,4 - Clean
9400,98,4767.38,48.65,34,0,0.0,0.0,4 - Clean
9401,112,6847.42,61.14,29,1,15.3,0.893,3 - Watch
9402,107,5667.1,52.96,29,0,0.0,0.0,4 - Clean
9403,85,6098.95,71.75,35,2,455.88,2.353,2 - High
9404,87,4323.71,49.7,31,1,111.6,1.149,3 - Watch
9405,69,4754.89,68.91,24,0,0.0,0.0,4 - Clean
9406,113,6713.93,59.42,27,0,0.0,0.0,4 - Clean
9407,112,6768.7,60.43,34,0,0.0,0.0,4 - Clean
9408,76,3574.8,47.04,21,1,3.6,1.316,3 - Watch
9409,80,5341.24,66.77,29,0,0.0,0.0,4 - Clean
9410,127,7593.47,59.79,40,0,0.0,0.0,4 - Clean
9411,65,3702.26,56.96,26,0,0.0,0.0,4 - Clean
9412,79,4372.05,55.34,32,0,0.0,0.0,4 - Clean
9413,82,3625.68,44.22,29,0,0.0,0.0,4 - Clean
9414,73,4289.19,58.76,29,0,0.0,0.0,4 - Clean
9415,100,5404.78,54.05,31,36,2296.24,36.0,1 - Critical
9416,71,3270.06,46.06,23,0,0.0,0.0,4 - Clean
9417,117,7025.69,60.05,44,0,0.0,0.0,4 - Clean
9418,75,4271.91,56.96,17,0,0.0,0.0,4 - Clean
9419,61,3348.42,54.89,22,0,0.0,0.0,4 - Clean
9420,85,6163.82,72.52,30,0,0.0,0.0,4 - Clean
9421,99,5691.88,57.49,25,2,171.7,2.02,2 - High
9422,102,6297.28,61.74,23,1,193.8,0.98,3 - Watch
9423,67,3127.43,46.68,26,0,0.0,0.0,4 - Clean
9424,131,7525.29,57.44,36,0,0.0,0.0,4 - Clean
9425,67,3600.48,53.74,19,0,0.0,0.0,4 - Clean
9426,92,6075.85,66.04,30,28,2240.72,30.435,1 - Critical
9427,80,4970.88,62.14,26,0,0.0,0.0,4 - Clean
9428,85,4834.29,56.87,26,0,0.0,0.0,4 - Clean
9429,76,3901.88,51.34,27,0,0.0,0.0,4 - Clean
9430,124,6807.64,54.9,37,0,0.0,0.0,4 - Clean
9431,116,5820.41,50.18,38,1,46.6,0.862,3 - Watch
9432,81,3824.18,47.21,25,0,0.0,0.0,4 - Clean
9433,109,6231.56,57.17,40,0,0.0,0.0,4 - Clean
9434,123,7026.4,57.13,39,0,0.0,0.0,4 - Clean
9435,81,4707.0,58.11,26,0,0.0,0.0,4 - Clean
9436,82,4353.6,53.09,25,2,682.8,2.439,2 - High
9437,64,4002.76,62.54,18,0,0.0,0.0,4 - Clean
9438,103,5129.16,49.8,38,0,0.0,0.0,4 - Clean
9439,73,3006.88,41.19,18,0,0.0,0.0,4 - Clean
9440,66,4229.41,64.08,28,1,83.3,1.515,3 - Watch
9441,72,5050.32,70.14,33,0,0.0,0.0,4 - Clean
9442,145,7464.18,51.48,41,1,67.8,0.69,3 - Watch
9443,98,3896.33,39.76,33,0,0.0,0.0,4 - Clean
9444,117,7001.91,59.85,36,0,0.0,0.0,4 - Clean
9445,80,3679.65,46.0,29,0,0.0,0.0,4 - Clean
9446,96,4476.12,46.63,37,0,0.0,0.0,4 - Clean
9447,94,4981.31,52.99,30,0,0.0,0.0,4 - Clean
9448,120,6193.93,51.62,39,0,0.0,0.0,4 - Clean
9449,82,4114.98,50.18,30,0,0.0,0.0,4 - Clean
9450,81,3911.5,48.29,29,0,0.0,0.0,4 - Clean
9451,86,4216.1,49.02,24,0,0.0,0.0,4 - Clean
9452,118,5396.69,45.73,36,0,0.0,0.0,4 - Clean
9453,141,8224.9,58.33,40,0,0.0,0.0,4 - Clean
9454,142,8747.76,61.6,39,0,0.0,0.0,4 - Clean
9455,70,4196.88,59.96,24,1,393.3,1.429,3 - Watch
9456,94,5508.56,58.6,28,3,898.45,3.191,2 - High
9457,85,4120.06,48.47,30,0,0.0,0.0,4 - Clean
9458,107,6853.72,64.05,30,1,512.7,0.935,3 - Watch
9459,163,9400.29,57.67,50,0,0.0,0.0,4 - Clean
9460,74,4057.87,54.84,28,0,0.0,0.0,4 - Clean
9461,96,5095.5,53.08,34,1,213.85,1.042,3 - Watch
9462,84,4900.39,58.34,31,1,115.65,1.19,3 - Watch
9463,84,4864.91,57.92,29,0,0.0,0.0,4 - Clean
9464,88,4655.56,52.9,25,0,0.0,0.0,4 - Clean
9465,84,5309.26,63.21,31,0,0.0,0.0,4 - Clean
9466,69,3140.74,45.52,27,0,0.0,0.0,4 - Clean
9467,64,2991.7,46.75,17,1,118.35,1.562,3 - Watch
9468,78,3858.6,49.47,26,0,0.0,0.0,4 - Clean
9469,93,5232.15,56.26,31,0,0.0,0.0,4 - Clean
9470,64,4381.16,68.46,28,0,0.0,0.0,4 - Clean
9471,77,4333.39,56.28,29,1,100.1,1.299,3 - Watch
9472,89,4566.64,51.31,26,0,0.0,0.0,4 - Clean
9473,74,4417.96,59.7,26,0,0.0,0.0,4 - Clean
9474,76,3632.98,47.8,30,0,0.0,0.0,4 - Clean
9475,122,6671.83,54.69,38,1,213.5,0.82,3 - Watch
9476,114,5330.46,46.76,37,0,0.0,0.0,4 - Clean
9477,73,3346.76,45.85,25,0,0.0,0.0,4 - Clean
9478,94,3748.01,39.87,29,0,0.0,0.0,4 - Clean
9479,73,3934.97,53.9,24,0,0.0,0.0,4 - Clean
9480,128,6461.69,50.48,41,0,0.0,0.0,4 - Clean
9481,72,4286.2,59.53,33,1,293.2,1.389,3 - Watch
9482,91,5329.06,58.56,30,0,0.0,0.0,4 - Clean
9483,116,6734.46,58.06,40,0,0.0,0.0,4 - Clean
9484,73,4120.37,56.44,31,0,0.0,0.0,4 - Clean
9485,58,2606.08,44.93,25,0,0.0,0.0,4 - Clean
9486,88,5364.21,60.96,26,0,0.0,0.0,4 - Clean
9487,74,4015.2,54.26,28,0,0.0,0.0,4 - Clean
9488,80,4899.14,61.24,33,1,384.55,1.25,3 - Watch
9489,61,3242.81,53.16,15,1,97.05,1.639,3 - Watch
9490,88,5383.59,61.18,31,0,0.0,0.0,4 - Clean
9491,84,3798.78,45.22,31,0,0.0,0.0,4 - Clean
9492,87,3801.8,43.7,39,0,0.0,0.0,4 - Clean
9493,64,3504.76,54.76,14,1,192.75,1.562,3 - Watch
9494,187,9557.37,51.11,52,0,0.0,0.0,4 - Clean
9495,105,4907.85,46.74,38,0,0.0,0.0,4 - Clean
9496,67,5174.5,77.23,27,2,1008.85,2.985,2 - High
9497,72,4265.17,59.24,30,1,34.05,1.389,3 - Watch
9498,94,5001.03,53.2,26,1,310.39,1.064,3 - Watch
9499,70,4113.1,58.76,24,0,0.0,0.0,4 - Clean
9500,84,5093.76,60.64,29,0,0.0,0.0,4 - Clean
9501,96,6570.97,68.45,22,0,0.0,0.0,4 - Clean
9502,70,3536.6,50.52,24,0,0.0,0.0,4 - Clean
9503,120,5061.35,42.18,38,1,227.11,0.833,3 - Watch
9504,81,4080.36,50.37,29,0,0.0,0.0,4 - Clean
9505,107,7490.66,70.01,37,0,0.0,0.0,4 - Clean
9506,82,4004.54,48.84,28,0,0.0,0.0,4 - Clean
9507,82,3745.73,45.68,28,0,0.0,0.0,4 - Clean
9508,84,5515.73,65.66,31,2,483.35,2.381,2 - High
9509,91,5335.02,58.63,35,1,494.45,1.099,3 - Watch
9510,76,3979.83,52.37,30,1,70.3,1.316,3 - Watch
9511,99,6162.41,62.25,33,0,0.0,0.0,4 - Clean
9512,71,3820.85,53.81,27,0,0.0,0.0,4 - Clean
9513,72,4703.43,65.33,23,0,0.0,0.0,4 - Clean
9514,71,3437.52,48.42,23,0,0.0,0.0,4 - Clean
9515,75,4854.96,64.73,26,1,272.08,1.333,3 - Watch
9516,78,4784.14,61.34,31,1,122.45,1.282,3 - Watch
9517,90,4680.98,52.01,28,1,561.8,1.111,3 - Watch
9518,63,3966.8,62.97,20,0,0.0,0.0,4 - Clean
9519,103,5936.32,57.63,34,0,0.0,0.0,4 - Clean
9520,79,3952.59,50.03,32,0,0.0,0.0,4 - Clean
9521,64,2845.18,44.46,24,0,0.0,0.0,4 - Clean
9522,77,4229.82,54.93,27,0,0.0,0.0,4 - Clean
9523,84,4574.58,54.46,25,0,0.0,0.0,4 - Clean
9524,97,4760.92,49.08,30,0,0.0,0.0,4 - Clean
9525,100,4701.08,47.01,34,0,0.0,0.0,4 - Clean
9526,94,4917.23,52.31,29,0,0.0,0.0,4 - Clean
9527,77,4038.11,52.44,27,0,0.0,0.0,4 - Clean
9528,83,4702.36,56.65,29,0,0.0,0.0,4 - Clean
9529,137,7413.33,54.11,44,0,0.0,0.0,4 - Clean
9530,84,4674.78,55.65,28,1,273.25,1.19,3 - Watch
9531,80,4815.93,60.2,30,1,223.38,1.25,3 - Watch
9532,71,2951.3,41.57,29,0,0.0,0.0,4 - Clean
9533,90,5212.49,57.92,30,0,0.0,0.0,4 - Clean
9534,99,5363.4,54.18,29,0,0.0,0.0,4 - Clean
9535,94,4866.55,51.77,36,0,0.0,0.0,4 - Clean
9536,77,4693.19,60.95,23,1,226.88,1.299,3 - Watch
9537,91,4043.43,44.43,28,0,0.0,0.0,4 - Clean
9538,108,5730.56,53.06,28,0,0.0,0.0,4 - Clean
9539,98,5345.98,54.55,32,0,0.0,0.0,4 - Clean
9540,86,5394.31,62.72,26,0,0.0,0.0,4 - Clean
9541,79,3515.95,44.51,27,0,0.0,0.0,4 - Clean
9542,99,5818.64,58.77,32,0,0.0,0.0,4 - Clean
9543,112,5126.26,45.77,35,0,0.0,0.0,4 - Clean
9544,85,4255.94,50.07,27,2,467.06,2.353,2 - High
9545,63,3509.64,55.71,27,0,0.0,0.0,4 - Clean
9546,74,3294.86,44.53,32,0,0.0,0.0,4 - Clean
9547,130,7271.83,55.94,39,1,251.05,0.769,3 - Watch
9548,93,5433.37,58.42,31,0,0.0,0.0,4 - Clean
9549,80,5731.37,71.64,19,0,0.0,0.0,4 - Clean
9550,84,3638.97,43.32,31,0,0.0,0.0,4 - Clean
9551,116,5154.07,44.43,34,0,0.0,0.0,4 - Clean
9552,67,3457.86,51.61,26,0,0.0,0.0,4 - Clean
9553,70,2479.64,35.42,26,0,0.0,0.0,4 - Clean
9554,108,5732.79,53.08,39,1,84.75,0.926,3 - Watch
9555,84,4752.92,56.58,30,0,0.0,0.0,4 - Clean
9556,106,5982.83,56.44,29,0,0.0,0.0,4 - Clean
9557,94,4834.9,51.44,29,0,0.0,0.0,4 - Clean
9558,100,4820.73,48.21,35,1,229.61,1.0,3 - Watch
9559,142,8542.9,60.16,46,1,20.15,0.704,3 - Watch
9560,75,5090.01,67.87,31,0,0.0,0.0,4 - Clean
9561,118,6498.4,55.07,33,0,0.0,0.0,4 - Clean
9562,82,4102.2,50.03,27,0,0.0,0.0,4 - Clean
9563,76,5120.47,67.37,32,1,506.85,1.316,3 - Watch
9564,69,3600.71,52.18,25,0,0.0,0.0,4 - Clean
9565,95,4195.25,44.16,31,1,58.9,1.053,3 - Watch
9566,82,2720.88,33.18,24,0,0.0,0.0,4 - Clean
9567,82,4015.75,48.97,30,0,0.0,0.0,4 - Clean
9568,66,4639.2,70.29,19,0,0.0,0.0,4 - Clean
9569,93,4684.75,50.37,33,0,0.0,0.0,4 - Clean
9570,60,2731.11,45.52,25,0,0.0,0.0,4 - Clean
9571,112,6411.43,57.24,28,2,297.95,1.786,3 - Watch
9572,80,4163.4,52.04,28,0,0.0,0.0,4 - Clean
9573,80,4388.82,54.86,27,0,0.0,0.0,4 - Clean
9574,86,4894.25,56.91,33,0,0.0,0.0,4 - Clean
9575,69,3864.93,56.01,25,0,0.0,0.0,4 - Clean
9576,63,3507.06,55.67,20,0,0.0,0.0,4 - Clean
9577,96,4401.76,45.85,37,0,0.0,0.0,4 - Clean
9578,89,3589.9,40.34,29,0,0.0,0.0,4 - Clean
9579,85,3950.22,46.47,27,0,0.0,0.0,4 - Clean
9580,88,4086.26,46.43,30,0,0.0,0.0,4 - Clean
9581,87,4452.11,51.17,33,0,0.0,0.0,4 - Clean
9582,129,6363.86,49.33,45,0,0.0,0.0,4 - Clean
9583,76,4364.29,57.42,30,1,274.32,1.316,3 - Watch
9584,92,5262.17,57.2,31,0,0.0,0.0,4 - Clean
9585,69,3417.67,49.53,23,0,0.0,0.0,4 - Clean
9586,75,4674.94,62.33,31,0,0.0,0.0,4 - Clean
9587,105,5600.84,53.34,31,0,0.0,0.0,4 - Clean
9588,84,4432.2,52.76,27,0,0.0,0.0,4 - Clean
9589,84,5390.95,64.18,33,0,0.0,0.0,4 - Clean
9590,82,5088.86,62.06,28,0,0.0,0.0,4 - Clean
9591,47,2310.31,49.16,22,0,0.0,0.0,4 - Clean
9592,67,4345.48,64.86,23,0,0.0,0.0,4 - Clean
9593,100,4883.22,48.83,35,0,0.0,0.0,4 - Clean
9594,112,5900.22,52.68,32,1,169.9,0.893,3 - Watch
9595,97,3416.27,35.22,27,0,0.0,0.0,4 - Clean
9596,64,3690.84,57.67,24,0,0.0,0.0,4 - Clean
9597,108,5432.63,50.3,35,0,0.0,0.0,4 - Clean
9598,106,5036.54,47.51,32,1,374.75,0.943,3 - Watch
9599,118,6980.57,59.16,39,1,128.7,0.847,3 - Watch
9600,107,5709.01,53.36,28,1,240.16,0.935,3 - Watch
9601,84,4021.5,47.88,27,0,0.0,0.0,4 - Clean
9602,79,3418.72,43.27,27,0,0.0,0.0,4 - Clean
9603,92,5595.43,60.82,29,1,367.4,1.087,3 - Watch
9604,68,3951.54,58.11,21,0,0.0,0.0,4 - Clean
9605,82,4181.58,50.99,24,0,0.0,0.0,4 - Clean
9606,99,4736.58,47.84,38,0,0.0,0.0,4 - Clean
9607,91,4816.25,52.93,27,0,0.0,0.0,4 - Clean
9608,64,3636.26,56.82,19,0,0.0,0.0,4 - Clean
9609,110,5268.9,47.9,32,0,0.0,0.0,4 - Clean
9610,98,5054.06,51.57,31,0,0.0,0.0,4 - Clean
9611,87,3306.3,38.0,29,0,0.0,0.0,4 - Clean
9612,81,4515.28,55.74,32,0,0.0,0.0,4 - Clean
9613,79,4329.13,54.8,33,1,197.05,1.266,3 - Watch
9614,86,4586.68,53.33,29,0,0.0,0.0,4 - Clean
9615,110,5024.88,45.68,40,1,256.9,0.909,3 - Watch
9616,123,5112.92,41.57,41,1,52.6,0.813,3 - Watch
9617,93,5840.36,62.8,28,2,476.05,2.151,2 - High
9618,83,5330.06,64.22,29,1,221.1,1.205,3 - Watch
9619,70,4052.22,57.89,29,0,0.0,0.0,4 - Clean
9620,86,3048.52,35.45,24,0,0.0,0.0,4 - Clean
9621,109,5572.54,51.12,37,1,226.5,0.917,3 - Watch
9622,93,4766.91,51.26,32,0,0.0,0.0,4 - Clean
9623,69,3206.23,46.47,25,0,0.0,0.0,4 - Clean
9624,80,3332.35,41.65,27,0,0.0,0.0,4 - Clean
9625,116,5808.07,50.07,39,0,0.0,0.0,4 - Clean
9626,74,3595.1,48.58,31,0,0.0,0.0,4 - Clean
9627,67,3193.28,47.66,29,0,0.0,0.0,4 - Clean
9628,82,4468.14,54.49,29,0,0.0,0.0,4 - Clean
9629,74,5553.13,75.04,27,0,0.0,0.0,4 - Clean
9630,100,4602.44,46.02,29,1,224.04,1.0,3 - Watch
9631,119,6331.95,53.21,36,0,0.0,0.0,4 - Clean
9632,100,5585.94,55.86,31,0,0.0,0.0,4 - Clean
9633,75,2926.33,39.02,26,0,0.0,0.0,4 - Clean
9634,130,7044.38,54.19,36,0,0.0,0.0,4 - Clean
9635,74,4698.46,63.49,25,0,0.0,0.0,4 - Clean
9636,71,3674.27,51.75,26,0,0.0,0.0,4 - Clean
9637,80,3669.68,45.87,31,1,226.25,1.25,3 - Watch
9638,64,2744.25,42.88,23,0,0.0,0.0,4 - Clean
9639,108,5793.46,53.64,39,0,0.0,0.0,4 - Clean
9640,61,3661.43,60.02,18,0,0.0,0.0,4 - Clean
9641,108,5199.99,48.15,31,0,0.0,0.0,4 - Clean
9642,94,5882.74,62.58,29,0,0.0,0.0,4 - Clean
9643,89,5409.55,60.78,28,0,0.0,0.0,4 - Clean
9644,98,5381.14,54.91,26,0,0.0,0.0,4 - Clean
9645,108,5644.69,52.27,36,0,0.0,0.0,4 - Clean
9646,119,3756.84,31.57,34,0,0.0,0.0,4 - Clean
9647,72,4441.41,61.69,23,1,502.55,1.389,3 - Watch
9648,87,5028.29,57.8,34,0,0.0,0.0,4 - Clean
9649,74,4882.05,65.97,28,1,674.95,1.351,3 - Watch
9650,85,4140.44,48.71,28,0,0.0,0.0,4 - Clean
9651,100,5237.58,52.38,30,0,0.0,0.0,4 - Clean
9652,94,4504.21,47.92,36,0,0.0,0.0,4 - Clean
9653,100,5596.73,55.97,34,0,0.0,0.0,4 - Clean
9654,88,5311.39,60.36,29,1,119.55,1.136,3 - Watch
9655,84,4443.82,52.9,26,1,385.45,1.19,3 - Watch
9656,81,3833.18,47.32,24,0,0.0,0.0,4 - Clean
9657,80,5494.98,68.69,22,0,0.0,0.0,4 - Clean
9658,78,4738.73,60.75,26,0,0.0,0.0,4 - Clean
9659,71,3764.74,53.02,27,0,0.0,0.0,4 - Clean
9660,61,3690.22,60.5,28,0,0.0,0.0,4 - Clean
9661,73,3591.31,49.2,26,0,0.0,0.0,4 - Clean
9662,94,6427.29,68.38,32,0,0.0,0.0,4 - Clean
9663,67,3416.29,50.99,18,0,0.0,0.0,4 - Clean
9664,75,3800.02,50.67,25,0,0.0,0.0,4 - Clean
9665,71,2990.55,42.12,25,1,21.0,1.408,3 - Watch
9666,82,4432.71,54.06,25,1,624.9,1.22,3 - Watch
9667,64,2157.65,33.71,29,0,0.0,0.0,4 - Clean
9668,96,4900.48,51.05,27,0,0.0,0.0,4 - Clean
9669,87,5925.43,68.11,28,2,373.84,2.299,2 - High
9670,95,5402.9,56.87,34,0,0.0,0.0,4 - Clean
9671,73,4416.68,60.5,19,0,0.0,0.0,4 - Clean
9672,68,3558.25,52.33,24,0,0.0,0.0,4 - Clean
9673,88,5266.31,59.84,33,0,0.0,0.0,4 - Clean
9674,66,3980.41,60.31,25,0,0.0,0.0,4 - Clean
9675,61,2951.62,48.39,21,0,0.0,0.0,4 - Clean
9676,68,4516.91,66.43,20,0,0.0,0.0,4 - Clean
9677,69,3678.81,53.32,27,0,0.0,0.0,4 - Clean
9678,64,3074.74,48.04,25,0,0.0,0.0,4 - Clean
9679,76,5201.25,68.44,31,1,230.6,1.316,3 - Watch
9680,90,6433.84,71.49,29,2,669.3,2.222,2 - High
9681,77,4090.62,53.12,23,0,0.0,0.0,4 - Clean
9682,92,4117.77,44.76,34,0,0.0,0.0,4 - Clean
9683,99,5164.42,52.17,34,0,0.0,0.0,4 - Clean
9684,89,3967.09,44.57,34,1,23.4,1.124,3 - Watch
9685,63,3646.18,57.88,24,0,0.0,0.0,4 - Clean
9686,88,5025.04,57.1,28,1,401.95,1.136,3 - Watch
9687,63,3692.68,58.61,17,0,0.0,0.0,4 - Clean
9688,102,4115.05,40.34,36,0,0.0,0.0,4 - Clean
9689,70,3008.06,42.97,28,0,0.0,0.0,4 - Clean
9690,86,3965.05,46.11,29,0,0.0,0.0,4 - Clean
9691,107,5004.91,46.77,34,1,91.35,0.935,3 - Watch
9692,79,3717.89,47.06,31,0,0.0,0.0,4 - Clean
9693,89,4878.41,54.81,28,0,0.0,0.0,4 - Clean
9694,105,6358.91,60.56,35,0,0.0,0.0,4 - Clean
9695,92,4914.83,53.42,33,0,0.0,0.0,4 - Clean
9696,117,6044.54,51.66,32,0,0.0,0.0,4 - Clean
9697,122,7533.49,61.75,37,0,0.0,0.0,4 - Clean
9698,71,3546.83,49.96,27,0,0.0,0.0,4 - Clean
9699,72,3863.48,53.66,30,0,0.0,0.0,4 - Clean
9700,80,5219.63,65.25,21,0,0.0,0.0,4 - Clean
9701,77,3766.42,48.91,22,0,0.0,0.0,4 - Clean
9702,98,6065.57,61.89,28,0,0.0,0.0,4 - Clean
9703,90,4884.74,54.27,29,0,0.0,0.0,4 - Clean
9704,98,5041.99,51.45,30,1,398.45,1.02,3 - Watch
9705,55,2976.4,54.12,17,0,0.0,0.0,4 - Clean
9706,117,6414.76,54.83,32,0,0.0,0.0,4 - Clean
9707,111,5998.31,54.04,37,0,0.0,0.0,4 - Clean
9708,74,4198.44,56.74,25,0,0.0,0.0,4 - Clean
9709,89,4717.78,53.01,33,1,230.81,1.124,3 - Watch
9710,115,6043.53,52.55,30,0,0.0,0.0,4 - Clean
9711,86,3793.76,44.11,28,0,0.0,0.0,4 - Clean
9712,62,3186.22,51.39,24,1,147.95,1.613,3 - Watch
9713,96,4108.36,42.8,35,0,0.0,0.0,4 - Clean
9714,88,5559.69,63.18,26,0,0.0,0.0,4 - Clean
9715,76,4270.8,56.19,25,2,267.95,2.632,2 - High
9716,47,2613.4,55.6,20,0,0.0,0.0,4 - Clean
9717,56,2981.18,53.24,20,1,382.35,1.786,3 - Watch
9718,95,4568.36,48.09,26,0,0.0,0.0,4 - Clean
9719,89,5095.71,57.26,25,1,221.91,1.124,3 - Watch
9720,88,4490.88,51.03,28,0,0.0,0.0,4 - Clean
9721,71,4948.9,69.7,18,1,781.55,1.408,3 - Watch
9722,112,6037.96,53.91,33,0,0.0,0.0,4 - Clean
9723,76,3850.75,50.67,19,0,0.0,0.0,4 - Clean
9724,83,4256.24,51.28,28,0,0.0,0.0,4 - Clean
9725,86,4060.39,47.21,30,0,0.0,0.0,4 - Clean
9726,66,3585.88,54.33,31,0,0.0,0.0,4 - Clean
9727,85,4765.43,56.06,27,1,227.81,1.176,3 - Watch
9728,125,8111.83,64.89,35,1,387.15,0.8,3 - Watch
9729,90,4890.53,54.34,15,0,0.0,0.0,4 - Clean
9730,75,3380.97,45.08,29,0,0.0,0.0,4 - Clean
9731,89,5310.69,59.67,23,0,0.0,0.0,4 - Clean
9732,95,4698.23,49.46,34,0,0.0,0.0,4 - Clean
9733,91,5458.15,59.98,33,0,0.0,0.0,4 - Clean
9734,75,5131.33,68.42,27,0,0.0,0.0,4 - Clean
9735,103,5318.26,51.63,33,0,0.0,0.0,4 - Clean
9736,105,5032.85,47.93,37,0,0.0,0.0,4 - Clean
9737,77,3418.43,44.4,27,0,0.0,0.0,4 - Clean
9738,88,3477.1,39.51,29,0,0.0,0.0,4 - Clean
9739,88,4984.82,56.65,36,0,0.0,0.0,4 - Clean
9740,96,6317.62,65.81,29,0,0.0,0.0,4 - Clean
9741,138,6212.99,45.02,40,0,0.0,0.0,4 - Clean
9742,106,5143.52,48.52,31,0,0.0,0.0,4 - Clean
9743,63,3899.79,61.9,29,0,0.0,0.0,4 - Clean
9744,93,5062.4,54.43,29,0,0.0,0.0,4 - Clean
9745,96,4736.98,49.34,34,32,1612.12,33.333,1 - Critical
9746,60,3098.0,51.63,18,1,400.0,1.667,3 - Watch
9747,123,6666.39,54.2,27,0,0.0,0.0,4 - Clean
9748,84,4398.49,52.36,28,1,111.15,1.19,3 - Watch
9749,82,4680.6,57.08,34,1,225.82,1.22,3 - Watch
9750,70,3559.31,50.85,24,0,0.0,0.0,4 - Clean
9751,65,3494.58,53.76,23,0,0.0,0.0,4 - Clean
9752,95,5449.25,57.36,35,0,0.0,0.0,4 - Clean
9753,128,7183.68,56.12,40,0,0.0,0.0,4 - Clean
9754,116,5263.94,45.38,36,1,195.4,0.862,3 - Watch
9755,103,7083.01,68.77,32,2,521.6,1.942,3 - Watch
9756,111,6419.35,57.83,34,0,0.0,0.0,4 - Clean
9757,86,4650.42,54.07,29,0,0.0,0.0,4 - Clean
9758,54,2637.91,48.85,15,0,0.0,0.0,4 - Clean
9759,116,5379.16,46.37,37,0,0.0,0.0,4 - Clean
9760,87,4726.68,54.33,26,2,821.9,2.299,2 - High
9761,123,6139.06,49.91,26,0,0.0,0.0,4 - Clean
9762,96,5369.65,55.93,36,0,0.0,0.0,4 - Clean
9763,68,4266.9,62.75,27,0,0.0,0.0,4 - Clean
9764,59,2620.92,44.42,16,0,0.0,0.0,4 - Clean
9765,59,3096.63,52.49,24,0,0.0,0.0,4 - Clean
9766,78,6068.74,77.8,18,1,526.45,1.282,3 - Watch
9767,69,2946.73,42.71,26,2,132.3,2.899,2 - High
9768,105,6473.61,61.65,31,0,0.0,0.0,4 - Clean
9769,59,2945.1,49.92,16,0,0.0,0.0,4 - Clean
9770,64,5002.36,78.16,23,0,0.0,0.0,4 - Clean
9771,94,5728.67,60.94,34,0,0.0,0.0,4 - Clean
9772,82,5055.9,61.66,27,1,507.1,1.22,3 - Watch
9773,114,6294.22,55.21,37,0,0.0,0.0,4 - Clean
9774,103,5397.6,52.4,29,0,0.0,0.0,4 - Clean
9775,133,6904.4,51.91,37,0,0.0,0.0,4 - Clean
9776,79,4857.8,61.49,21,0,0.0,0.0,4 - Clean
9777,69,2898.1,42.0,26,0,0.0,0.0,4 - Clean
9778,62,3638.97,58.69,25,0,0.0,0.0,4 - Clean
9779,98,5443.75,55.55,35,0,0.0,0.0,4 - Clean
9780,80,4793.99,59.92,28,0,0.0,0.0,4 - Clean
9781,95,4110.01,43.26,28,0,0.0,0.0,4 - Clean
9782,83,5392.12,64.97,30,1,336.9,1.205,3 - Watch
9783,108,5672.45,52.52,39,1,79.15,0.926,3 - Watch
9784,83,3169.1,38.18,17,0,0.0,0.0,4 - Clean
9785,67,2983.82,44.53,27,0,0.0,0.0,4 - Clean
9786,65,3124.43,48.07,25,0,0.0,0.0,4 - Clean
9787,91,4448.45,48.88,23,0,0.0,0.0,4 - Clean
9788,80,4944.2,61.8,26,0,0.0,0.0,4 - Clean
9789,72,3128.63,43.45,26,0,0.0,0.0,4 - Clean
9790,78,3745.9,48.02,25,0,0.0,0.0,4 - Clean
9791,91,5131.22,56.39,25,0,0.0,0.0,4 - Clean
9792,71,4164.82,58.66,25,0,0.0,0.0,4 - Clean
9793,74,3418.94,46.2,29,0,0.0,0.0,4 - Clean
9794,85,3742.68,44.03,27,0,0.0,0.0,4 - Clean
9795,92,5365.15,58.32,31,1,56.15,1.087,3 - Watch
9796,94,5647.12,60.08,32,1,356.05,1.064,3 - Watch
9797,99,5272.49,53.26,36,0,0.0,0.0,4 - Clean
9798,96,5443.8,56.71,34,0,0.0,0.0,4 - Clean
9799,104,5006.55,48.14,33,0,0.0,0.0,4 - Clean
9800,89,4911.98,55.19,30,1,114.9,1.124,3 - Watch
9801,79,4341.45,54.96,27,0,0.0,0.0,4 - Clean
9802,82,4762.12,58.07,32,1,250.2,1.22,3 - Watch
9803,56,2995.66,53.49,25,0,0.0,0.0,4 - Clean
9804,104,6237.87,59.98,36,1,240.17,0.962,3 - Watch
9805,103,4361.12,42.34,33,2,143.6,1.942,3 - Watch
9806,76,4445.24,58.49,30,0,0.0,0.0,4 - Clean
9807,118,5712.17,48.41,32,0,0.0,0.0,4 - Clean
9808,76,3865.27,50.86,27,0,0.0,0.0,4 - Clean
9809,83,4461.5,53.75,33,0,0.0,0.0,4 - Clean
9810,76,4708.43,61.95,30,0,0.0,0.0,4 - Clean
9811,88,4392.25,49.91,31,0,0.0,0.0,4 - Clean
9812,75,4507.33,60.1,15,0,0.0,0.0,4 - Clean
9813,67,3419.9,51.04,24,0,0.0,0.0,4 - Clean
9814,100,5924.93,59.25,33,0,0.0,0.0,4 - Clean
9815,90,4618.13,51.31,31,0,0.0,0.0,4 - Clean
9816,119,7276.37,61.15,44,2,402.45,1.681,3 - Watch
9817,89,5058.84,56.84,28,0,0.0,0.0,4 - Clean
9818,91,5050.58,55.5,26,0,0.0,0.0,4 - Clean
9819,96,4401.41,45.85,31,2,89.45,2.083,2 - High
9820,86,5417.74,63.0,29,1,595.9,1.163,3 - Watch
9821,58,3390.89,58.46,22,1,230.24,1.724,3 - Watch
9822,126,8355.55,66.31,31,2,1250.25,1.587,3 - Watch
9823,75,4166.79,55.56,23,0,0.0,0.0,4 - Clean
9824,69,3784.24,54.84,23,0,0.0,0.0,4 - Clean
9825,79,5211.25,65.97,31,1,662.45,1.266,3 - Watch
9826,74,3906.73,52.79,26,0,0.0,0.0,4 - Clean
9827,93,3937.23,42.34,32,1,227.07,1.075,3 - Watch
9828,92,5543.46,60.26,33,0,0.0,0.0,4 - Clean
9829,105,4704.04,44.8,28,0,0.0,0.0,4 - Clean
9830,81,4287.76,52.94,34,0,0.0,0.0,4 - Clean
9831,71,3675.42,51.77,31,1,635.95,1.408,3 - Watch
9832,102,5276.84,51.73,39,0,0.0,0.0,4 - Clean
9833,71,3565.26,50.21,25,0,0.0,0.0,4 - Clean
9834,85,5351.96,62.96,22,0,0.0,0.0,4 - Clean
9835,77,3396.99,44.12,28,1,169.0,1.299,3 - Watch
9836,63,3188.13,50.61,26,0,0.0,0.0,4 - Clean
9837,94,4720.35,50.22,30,0,0.0,0.0,4 - Clean
9838,72,4526.19,62.86,23,0,0.0,0.0,4 - Clean
9839,151,7933.43,52.54,46,0,0.0,0.0,4 - Clean
9840,63,4252.09,67.49,23,0,0.0,0.0,4 - Clean
9841,88,4580.68,52.05,33,0,0.0,0.0,4 - Clean
9842,75,4902.09,65.36,27,0,0.0,0.0,4 - Clean
9843,99,6434.85,65.0,32,1,166.25,1.01,3 - Watch
9844,75,3738.29,49.84,26,0,0.0,0.0,4 - Clean
9845,84,3567.48,42.47,28,0,0.0,0.0,4 - Clean
9846,91,4120.98,45.29,32,0,0.0,0.0,4 - Clean
9847,62,3860.87,62.27,26,1,744.85,1.613,3 - Watch
9848,86,4213.42,48.99,36,0,0.0,0.0,4 - Clean
9849,103,5524.02,53.63,38,1,37.8,0.971,3 - Watch
9850,146,8300.38,56.85,47,1,309.65,0.685,3 - Watch
9851,79,4555.85,57.67,27,1,148.6,1.266,3 - Watch
9852,143,7709.97,53.92,32,1,84.15,0.699,3 - Watch
9853,125,7724.87,61.8,35,1,374.9,0.8,3 - Watch
9854,79,4325.08,54.75,29,0,0.0,0.0,4 - Clean
9855,76,4192.19,55.16,27,0,0.0,0.0,4 - Clean
9856,105,4312.96,41.08,28,0,0.0,0.0,4 - Clean
9857,91,4204.16,46.2,31,0,0.0,0.0,4 - Clean
9858,121,7503.28,62.01,41,0,0.0,0.0,4 - Clean
9859,142,8821.11,62.12,43,1,251.1,0.704,3 - Watch
9860,110,7192.37,65.39,31,1,271.25,0.909,3 - Watch
9861,55,2367.73,43.05,25,0,0.0,0.0,4 - Clean
9862,123,7173.67,58.32,38,1,50.6,0.813,3 - Watch
9863,97,4683.36,48.28,42,0,0.0,0.0,4 - Clean
9864,73,3250.24,44.52,24,0,0.0,0.0,4 - Clean
9865,73,3836.56,52.56,28,0,0.0,0.0,4 - Clean
9866,82,4414.5,53.84,31,0,0.0,0.0,4 - Clean
9867,85,4130.25,48.59,32,0,0.0,0.0,4 - Clean
9868,64,4177.13,65.27,23,0,0.0,0.0,4 - Clean
9869,90,5559.37,61.77,37,1,405.25,1.111,3 - Watch
9870,85,4854.33,57.11,31,0,0.0,0.0,4 - Clean
9871,107,4313.74,40.32,28,0,0.0,0.0,4 - Clean
9872,89,3812.95,42.84,34,0,0.0,0.0,4 - Clean
9873,93,4329.56,46.55,35,1,34.65,1.075,3 - Watch
9874,104,4313.76,41.48,32,0,0.0,0.0,4 - Clean
9875,70,2947.49,42.11,24,0,0.0,0.0,4 - Clean
9876,112,6422.51,57.34,38,0,0.0,0.0,4 - Clean
9877,59,2664.58,45.16,15,0,0.0,0.0,4 - Clean
9878,107,6549.2,61.21,28,0,0.0,0.0,4 - Clean
9879,70,3815.07,54.5,23,0,0.0,0.0,4 - Clean
9880,87,4884.99,56.15,28,1,197.55,1.149,3 - Watch
9881,73,3617.41,49.55,30,0,0.0,0.0,4 - Clean
9882,92,4104.79,44.62,27,0,0.0,0.0,4 - Clean
9883,68,4556.62,67.01,17,0,0.0,0.0,4 - Clean
9884,85,5843.94,68.75,27,0,0.0,0.0,4 - Clean
9885,95,5678.46,59.77,30,1,538.85,1.053,3 - Watch
9886,77,4414.77,57.33,26,0,0.0,0.0,4 - Clean
9887,94,5429.09,57.76,35,0,0.0,0.0,4 - Clean
9888,88,4623.04,52.53,33,0,0.0,0.0,4 - Clean
9889,55,2693.44,48.97,24,0,0.0,0.0,4 - Clean
9890,76,3804.1,50.05,27,0,0.0,0.0,4 - Clean
9891,62,3408.87,54.98,22,0,0.0,0.0,4 - Clean
9892,137,7011.24,51.18,47,0,0.0,0.0,4 - Clean
9893,71,3759.25,52.95,22,0,0.0,0.0,4 - Clean
9894,108,5381.86,49.83,39,1,375.25,0.926,3 - Watch
9895,73,4321.31,59.2,26,1,525.3,1.37,3 - Watch
9896,55,2424.18,44.08,17,0,0.0,0.0,4 - Clean
9897,124,6295.99,50.77,42,0,0.0,0.0,4 - Clean
9898,83,4644.37,55.96,30,0,0.0,0.0,4 - Clean
9899,69,3902.87,56.56,27,0,0.0,0.0,4 - Clean
9900,111,4945.75,44.56,39,0,0.0,0.0,4 - Clean
9901,84,4195.06,49.94,25,0,0.0,0.0,4 - Clean
9902,106,5054.95,47.69,41,1,127.4,0.943,3 - Watch
9903,69,3454.64,50.07,22,0,0.0,0.0,4 - Clean
9904,109,6072.86,55.71,38,1,97.95,0.917,3 - Watch
9905,107,5865.45,54.82,41,1,250.9,0.935,3 - Watch
9906,66,3973.07,60.2,24,0,0.0,0.0,4 - Clean
9907,87,5067.55,58.25,31,1,164.95,1.149,3 - Watch
9908,96,4943.62,51.5,36,0,0.0,0.0,4 - Clean
9909,79,4535.75,57.41,25,1,505.95,1.266,3 - Watch
9910,72,3629.78,50.41,24,1,113.1,1.389,3 - Watch
9911,85,3684.29,43.34,34,1,119.45,1.176,3 - Watch
9912,79,5338.27,67.57,28,0,0.0,0.0,4 - Clean
9913,98,4707.52,48.04,36,0,0.0,0.0,4 - Clean
9914,97,5228.33,53.9,32,0,0.0,0.0,4 - Clean
9915,102,4548.61,44.59,35,13,516.06,12.745,1 - Critical
9916,146,8810.03,60.34,37,1,97.35,0.685,3 - Watch
9917,90,3452.78,38.36,37,0,0.0,0.0,4 - Clean
9918,103,4650.02,45.15,37,0,0.0,0.0,4 - Clean
9919,55,3052.18,55.49,19,0,0.0,0.0,4 - Clean
9920,84,5417.59,64.5,31,1,177.3,1.19,3 - Watch
9921,66,3097.52,46.93,27,0,0.0,0.0,4 - Clean
9922,71,4202.61,59.19,28,0,0.0,0.0,4 - Clean
9923,100,4768.57,47.69,32,0,0.0,0.0,4 - Clean
9924,74,3699.75,50.0,25,0,0.0,0.0,4 - Clean
9925,93,5876.96,63.19,32,0,0.0,0.0,4 - Clean
9926,74,4005.69,54.13,29,0,0.0,0.0,4 - Clean
9927,78,2980.25,38.21,21,0,0.0,0.0,4 - Clean
9928,92,4936.59,53.66,30,1,53.25,1.087,3 - Watch
9929,77,3217.72,41.79,25,0,0.0,0.0,4 - Clean
9930,74,3595.66,48.59,33,0,0.0,0.0,4 - Clean
9931,119,5159.2,43.35,33,0,0.0,0.0,4 - Clean
9932,91,4515.07,49.62,30,0,0.0,0.0,4 - Clean
9933,121,6223.56,51.43,36,1,422.0,0.826,3 - Watch
9934,103,5678.11,55.13,33,0,0.0,0.0,4 - Clean
9935,124,6406.05,51.66,39,0,0.0,0.0,4 - Clean
9936,86,4945.28,57.5,32,0,0.0,0.0,4 - Clean
9937,150,8154.06,54.36,34,1,127.85,0.667,3 - Watch
9938,74,3587.89,48.48,28,0,0.0,0.0,4 - Clean
9939,61,3667.22,60.12,25,0,0.0,0.0,4 - Clean
9940,87,3736.37,42.95,25,0,0.0,0.0,4 - Clean
9941,125,6389.47,51.12,35,0,0.0,0.0,4 - Clean
9942,113,6628.17,58.66,44,0,0.0,0.0,4 - Clean
9943,103,5773.72,56.06,35,0,0.0,0.0,4 - Clean
9944,100,4851.75,48.52,38,0,0.0,0.0,4 - Clean
9945,77,4577.99,59.45,20,0,0.0,0.0,4 - Clean
9946,63,4518.24,71.72,17,0,0.0,0.0,4 - Clean
9947,63,3046.8,48.36,29,0,0.0,0.0,4 - Clean
9948,83,4036.23,48.63,30,0,0.0,0.0,4 - Clean
9949,127,7010.68,55.2,42,0,0.0,0.0,4 - Clean
9950,63,3678.37,58.39,18,0,0.0,0.0,4 - Clean
9951,114,4905.3,43.03,34,0,0.0,0.0,4 - Clean
9952,72,3468.95,48.18,24,1,54.7,1.389,3 - Watch
9953,96,6173.5,64.31,38,32,1899.03,33.333,1 - Critical
9954,59,2585.27,43.82,22,0,0.0,0.0,4 - Clean
9955,126,5673.02,45.02,39,2,342.6,1.587,3 - Watch
9956,49,3165.33,64.6,23,1,221.86,2.041,2 - High
9957,88,4714.16,53.57,33,29,1353.74,32.955,1 - Critical
9958,70,3532.59,50.47,24,0,0.0,0.0,4 - Clean
9959,94,4844.8,51.54,33,0,0.0,0.0,4 - Clean
9960,78,3969.51,50.89,32,0,0.0,0.0,4 - Clean
9961,109,5924.64,54.35,39,0,0.0,0.0,4 - Clean
9962,83,3974.87,47.89,29,0,0.0,0.0,4 - Clean
9963,134,5912.13,44.12,32,0,0.0,0.0,4 - Clean
9964,67,2991.11,44.64,21,0,0.0,0.0,4 - Clean
9965,59,2526.01,42.81,15,0,0.0,0.0,4 - Clean
9966,80,3724.39,46.55,29,1,36.35,1.25,3 - Watch
9967,69,3539.97,51.3,24,4,364.48,5.797,1 - Critical
9968,95,5404.37,56.89,35,0,0.0,0.0,4 - Clean
9969,104,4857.53,46.71,39,0,0.0,0.0,4 - Clean
9970,90,4424.53,49.16,31,0,0.0,0.0,4 - Clean
9971,84,3844.9,45.77,30,0,0.0,0.0,4 - Clean
9972,94,4718.98,50.2,36,1,63.7,1.064,3 - Watch
9973,88,4614.1,52.43,27,0,0.0,0.0,4 - Clean
9974,103,6242.08,60.6,34,1,435.2,0.971,3 - Watch
9975,81,3914.45,48.33,27,0,0.0,0.0,4 - Clean
9976,95,4707.59,49.55,34,0,0.0,0.0,4 - Clean
9977,101,5403.52,53.5,35,0,0.0,0.0,4 - Clean
9978,60,3053.08,50.88,24,0,0.0,0.0,4 - Clean
9979,102,4609.71,45.19,34,0,0.0,0.0,4 - Clean
9980,72,4078.04,56.64,25,0,0.0,0.0,4 - Clean
9981,71,3978.98,56.04,20,1,224.93,1.408,3 - Watch
9982,78,3565.19,45.71,25,0,0.0,0.0,4 - Clean
9983,82,5220.85,63.67,27,0,0.0,0.0,4 - Clean
9984,71,3920.94,55.22,24,0,0.0,0.0,4 - Clean
9985,76,4481.16,58.96,30,1,222.14,1.316,3 - Watch
9986,107,5962.83,55.73,33,0,0.0,0.0,4 - Clean
9987,59,2884.53,48.89,27,0,0.0,0.0,4 - Clean
9988,88,5515.3,62.67,29,3,1159.45,3.409,2 - High
9989,61,3411.23,55.92,22,0,0.0,0.0,4 - Clean
9990,84,4449.91,52.98,29,0,0.0,0.0,4 - Clean
9991,130,5442.69,41.87,27,0,0.0,0.0,4 - Clean
9992,75,4409.66,58.8,31,1,237.03,1.333,3 - Watch
9993,84,4713.93,56.12,33,0,0.0,0.0,4 - Clean
9994,51,3041.7,59.64,19,4,185.37,7.843,1 - Critical
9995,82,4863.96,59.32,28,0,0.0,0.0,4 - Clean
9996,79,4397.0,55.66,28,0,0.0,0.0,4 - Clean
9997,111,6586.88,59.34,34,0,0.0,0.0,4 - Clean
9998,80,5336.43,66.71,22,0,0.0,0.0,4 - Clean
9999,95,5416.92,57.02,32,0,0.0,0.0,4 - Clean
