customer_id,total_txns,total_spend,avg_txn_amount,max_txn_amount,first_seen,last_seen,fraud_txns,fraud_rate_pct,active_days,txns_per_day,value_segment,ever_compromised
0,171,10454.51,61.14,129.61,2018-04-01 07:19:05,2018-07-01 05:17:08,0,0.0,91,1.88,B - High Value,No
1,327,18811.69,57.53,362.75,2018-04-01 05:51:21,2018-07-01 15:46:26,19,5.81,92,3.55,A - Premium,Yes
2,170,13654.95,80.32,174.04,2018-04-01 00:07:56,2018-07-01 07:29:42,2,1.176,92,1.85,B - High Value,Yes
3,30,345.43,11.51,23.36,2018-04-02 17:26:51,2018-06-30 07:34:41,0,0.0,89,0.34,D - Low Value,No
4,325,26293.68,80.9,178.12,2018-04-01 05:34:23,2018-07-01 19:00:28,0,0.0,92,3.53,A - Premium,No
5,284,14298.96,50.35,121.65,2018-04-01 11:52:13,2018-07-01 22:04:47,5,1.761,92,3.09,A - Premium,Yes
6,347,6587.79,18.98,46.57,2018-04-01 13:12:36,2018-07-01 18:17:06,0,0.0,92,3.77,C - Mid Value,No
7,278,8362.67,30.08,78.36,2018-04-01 11:07:40,2018-07-01 07:30:49,0,0.0,91,3.05,B - High Value,No
8,225,1545.7,6.87,15.17,2018-04-01 01:11:00,2018-07-01 21:59:13,4,1.778,92,2.45,D - Low Value,Yes
9,208,20904.27,100.5,215.55,2018-04-02 03:34:13,2018-07-01 11:14:19,2,0.962,91,2.29,A - Premium,Yes
10,13,1638.8,126.06,738.0,2018-04-12 19:36:08,2018-06-22 15:55:36,1,7.692,71,0.18,D - Low Value,Yes
11,54,1511.52,27.99,52.49,2018-04-04 10:13:42,2018-07-01 00:30:43,0,0.0,88,0.61,D - Low Value,No
12,168,9450.64,56.25,124.25,2018-04-02 12:01:42,2018-07-01 21:26:13,0,0.0,91,1.85,B - High Value,No
13,43,1043.65,24.27,50.04,2018-04-01 11:45:09,2018-06-30 05:12:17,0,0.0,90,0.48,D - Low Value,No
14,80,4134.86,51.69,95.99,2018-04-01 12:05:40,2018-07-01 07:05:51,0,0.0,91,0.88,C - Mid Value,No
15,55,3552.76,64.6,125.6,2018-04-01 11:08:01,2018-06-30 23:00:23,0,0.0,91,0.6,C - Mid Value,No
16,36,2995.63,83.21,157.92,2018-04-07 07:37:42,2018-06-30 10:57:07,1,2.778,85,0.42,C - Mid Value,Yes
17,155,16365.07,105.58,207.21,2018-04-01 09:08:21,2018-07-01 16:35:10,2,1.29,92,1.68,A - Premium,Yes
18,13,1247.25,95.94,144.69,2018-04-03 14:27:33,2018-06-18 09:26:45,0,0.0,76,0.17,D - Low Value,No
19,27,1024.03,37.93,63.98,2018-04-02 09:46:26,2018-07-01 01:12:46,0,0.0,90,0.3,D - Low Value,No
20,255,2845.7,11.16,22.92,2018-04-01 06:43:11,2018-07-01 12:36:56,0,0.0,92,2.77,C - Mid Value,No
21,36,2114.14,58.73,139.11,2018-04-03 17:47:15,2018-07-01 04:03:26,0,0.0,89,0.4,D - Low Value,No
22,245,8618.91,35.18,89.38,2018-04-01 05:05:03,2018-07-01 22:48:40,6,2.449,92,2.66,B - High Value,Yes
23,70,2263.65,32.34,84.28,2018-04-01 06:50:50,2018-07-01 13:41:15,0,0.0,92,0.76,D - Low Value,No
24,3,204.81,68.27,111.05,2018-04-03 19:23:04,2018-05-14 13:51:25,0,0.0,41,0.07,D - Low Value,No
25,372,29016.83,78.0,161.85,2018-04-01 05:04:21,2018-07-01 15:19:44,0,0.0,92,4.04,A - Premium,No
26,223,13987.86,62.73,147.5,2018-04-01 07:35:14,2018-07-01 16:16:24,2,0.897,92,2.42,B - High Value,Yes
27,322,21308.67,66.18,533.3,2018-04-01 08:52:57,2018-07-01 23:58:48,24,7.453,92,3.5,A - Premium,Yes
28,147,12563.67,85.47,189.7,2018-04-01 04:31:00,2018-07-01 16:35:17,0,0.0,92,1.6,B - High Value,No
29,253,22644.73,89.5,204.16,2018-04-01 10:26:46,2018-07-01 14:58:36,1,0.395,92,2.75,A - Premium,Yes
30,252,24707.91,98.05,196.21,2018-04-01 02:24:40,2018-07-01 14:30:10,3,1.19,92,2.74,A - Premium,Yes
31,102,670.79,6.58,14.76,2018-04-02 07:09:57,2018-07-01 12:00:58,2,1.961,91,1.12,D - Low Value,Yes
32,174,12297.73,70.68,354.45,2018-04-01 07:28:08,2018-07-01 17:16:09,4,2.299,92,1.89,B - High Value,Yes
33,217,16035.63,73.9,500.75,2018-04-01 12:38:40,2018-07-01 11:20:49,12,5.53,91,2.38,A - Premium,Yes
34,145,9830.56,67.8,149.95,2018-04-02 11:21:14,2018-06-29 12:18:49,2,1.379,89,1.63,B - High Value,Yes
35,291,14217.17,48.86,114.35,2018-04-01 04:06:08,2018-07-01 17:07:57,0,0.0,92,3.16,B - High Value,No
36,321,4764.97,14.84,33.93,2018-04-01 03:07:18,2018-07-01 20:06:27,1,0.312,92,3.49,C - Mid Value,Yes
37,324,7002.25,21.61,122.45,2018-04-01 06:54:28,2018-07-01 08:55:22,6,1.852,92,3.52,C - Mid Value,Yes
38,304,5232.27,17.21,42.03,2018-04-01 04:00:12,2018-07-01 18:42:04,0,0.0,92,3.3,C - Mid Value,No
39,28,1064.5,38.02,69.32,2018-04-02 13:25:55,2018-06-27 22:44:33,0,0.0,87,0.32,D - Low Value,No
40,304,23002.57,75.67,183.05,2018-04-01 08:11:47,2018-07-01 07:36:10,4,1.316,91,3.34,A - Premium,Yes
41,109,814.2,7.47,53.2,2018-04-01 10:29:45,2018-07-01 14:23:55,9,8.257,92,1.18,D - Low Value,Yes
42,19,1099.65,57.88,121.62,2018-04-02 05:49:22,2018-06-28 18:20:56,0,0.0,88,0.22,D - Low Value,No
43,74,6120.97,82.72,159.85,2018-04-02 07:45:53,2018-06-28 04:11:05,0,0.0,87,0.85,C - Mid Value,No
44,10,669.01,66.9,101.59,2018-04-11 06:38:51,2018-06-01 08:14:46,0,0.0,52,0.19,D - Low Value,No
45,98,5589.12,57.03,123.79,2018-04-01 08:29:16,2018-07-01 09:40:00,0,0.0,92,1.07,C - Mid Value,No
46,174,9852.02,56.62,113.05,2018-04-01 11:28:50,2018-07-01 15:08:27,2,1.149,92,1.89,B - High Value,Yes
47,82,3889.5,47.43,106.05,2018-04-02 06:08:25,2018-07-01 12:58:34,0,0.0,91,0.9,C - Mid Value,No
48,148,11524.82,77.87,186.62,2018-04-02 08:27:18,2018-07-01 07:49:26,1,0.676,90,1.64,B - High Value,Yes
49,150,1654.93,11.03,23.51,2018-04-01 15:41:42,2018-06-30 18:11:22,1,0.667,91,1.65,D - Low Value,Yes
50,62,2456.6,39.62,94.56,2018-04-01 08:33:01,2018-07-01 15:55:00,0,0.0,92,0.67,D - Low Value,No
51,148,10146.06,68.55,140.97,2018-04-01 18:56:55,2018-07-01 09:54:23,0,0.0,91,1.63,B - High Value,No
52,70,6907.23,98.67,192.95,2018-04-01 14:53:09,2018-07-01 12:37:41,1,1.429,91,0.77,C - Mid Value,Yes
53,265,1940.62,7.32,16.1,2018-04-01 03:00:01,2018-07-01 12:43:05,0,0.0,92,2.88,D - Low Value,No
54,262,16826.42,64.22,163.03,2018-04-01 10:33:59,2018-07-01 06:11:45,0,0.0,91,2.88,A - Premium,No
55,294,9270.81,31.53,81.69,2018-04-01 01:56:44,2018-07-01 07:47:32,2,0.68,92,3.2,B - High Value,Yes
56,64,4963.89,77.56,142.33,2018-04-01 06:14:07,2018-07-01 00:38:25,1,1.562,91,0.7,C - Mid Value,Yes
57,68,2252.21,33.12,62.57,2018-04-07 16:15:20,2018-07-01 14:25:21,1,1.471,85,0.8,D - Low Value,Yes
58,145,3715.12,25.62,52.85,2018-04-01 07:30:04,2018-07-01 11:38:54,0,0.0,92,1.58,C - Mid Value,No
59,222,6962.66,31.36,69.06,2018-04-01 02:43:34,2018-07-01 06:20:54,2,0.901,92,2.41,C - Mid Value,Yes
60,38,1984.29,52.22,114.91,2018-04-04 02:52:46,2018-06-28 05:22:24,0,0.0,86,0.44,D - Low Value,No
61,60,3834.54,63.91,125.7,2018-04-01 11:59:34,2018-07-01 07:35:55,2,3.333,91,0.66,C - Mid Value,Yes
62,322,12834.65,39.86,97.77,2018-04-01 10:24:08,2018-06-30 21:25:16,4,1.242,91,3.54,B - High Value,Yes
63,22,1831.78,83.26,147.63,2018-04-13 11:12:43,2018-06-12 19:37:02,0,0.0,61,0.36,D - Low Value,No
64,94,9136.47,97.2,203.31,2018-04-01 05:36:35,2018-07-01 15:21:31,0,0.0,92,1.02,B - High Value,No
65,323,2027.46,6.28,15.59,2018-04-01 07:22:06,2018-07-01 10:08:59,0,0.0,92,3.51,D - Low Value,No
66,168,5770.04,34.35,75.74,2018-04-01 19:51:52,2018-07-01 09:05:31,0,0.0,91,1.85,C - Mid Value,No
67,277,28903.18,104.34,253.25,2018-04-01 03:41:00,2018-07-01 17:39:36,3,1.083,92,3.01,A - Premium,Yes
68,335,9361.15,27.94,68.76,2018-04-01 06:45:10,2018-07-01 16:28:40,3,0.896,92,3.64,B - High Value,Yes
69,323,20677.58,64.02,156.76,2018-04-01 04:37:03,2018-07-01 13:21:41,3,0.929,92,3.51,A - Premium,Yes
70,9,608.9,67.66,105.13,2018-04-23 05:33:32,2018-06-17 16:20:43,0,0.0,56,0.16,D - Low Value,No
71,170,20239.79,119.06,831.0,2018-04-01 09:31:54,2018-07-01 15:42:44,8,4.706,92,1.85,A - Premium,Yes
72,59,2579.15,43.71,87.13,2018-04-02 05:21:46,2018-06-30 12:59:46,0,0.0,90,0.66,D - Low Value,No
73,78,4303.65,55.18,121.1,2018-04-02 13:27:46,2018-07-01 12:01:25,1,1.282,90,0.87,C - Mid Value,Yes
74,335,32751.84,97.77,228.58,2018-04-01 07:22:48,2018-07-01 16:53:07,2,0.597,92,3.64,A - Premium,Yes
75,34,1234.29,36.3,91.01,2018-04-03 03:39:04,2018-06-29 09:00:09,0,0.0,88,0.39,D - Low Value,No
76,21,339.65,16.17,28.07,2018-04-02 11:10:59,2018-06-28 09:17:04,0,0.0,87,0.24,D - Low Value,No
77,53,4621.23,87.19,193.89,2018-04-01 03:12:11,2018-06-29 15:18:19,0,0.0,90,0.59,C - Mid Value,No
78,106,7584.15,71.55,138.63,2018-04-02 07:07:48,2018-07-01 09:46:43,0,0.0,91,1.16,B - High Value,No
79,251,30012.59,119.57,893.65,2018-04-01 08:59:11,2018-07-01 21:44:28,26,10.359,92,2.73,A - Premium,Yes
80,108,1212.55,11.23,26.36,2018-04-01 06:15:10,2018-07-01 16:07:13,0,0.0,92,1.17,D - Low Value,No
81,241,17593.54,73.0,185.36,2018-04-01 03:22:53,2018-07-01 19:13:13,0,0.0,92,2.62,A - Premium,No
82,295,6712.41,22.75,51.94,2018-04-01 09:29:02,2018-07-01 13:49:51,0,0.0,92,3.21,C - Mid Value,No
83,288,22420.42,77.85,172.88,2018-04-01 05:59:48,2018-07-01 16:15:40,0,0.0,92,3.13,A - Premium,No
84,75,5195.36,69.27,147.72,2018-04-02 11:07:25,2018-07-01 13:01:03,2,2.667,91,0.82,C - Mid Value,Yes
85,10,528.29,52.83,90.42,2018-04-11 17:14:03,2018-06-23 04:28:31,0,0.0,73,0.14,D - Low Value,No
86,92,5220.33,56.74,136.56,2018-04-04 17:16:01,2018-07-01 19:14:25,4,4.348,89,1.03,C - Mid Value,Yes
87,19,1407.97,74.1,149.1,2018-04-02 14:55:44,2018-06-28 07:45:36,0,0.0,87,0.22,D - Low Value,No
88,264,15239.87,57.73,124.99,2018-04-01 08:38:34,2018-07-01 22:36:11,3,1.136,92,2.87,A - Premium,Yes
89,357,15045.45,42.14,108.24,2018-04-01 10:18:04,2018-07-01 20:09:25,0,0.0,92,3.88,A - Premium,No
90,151,8729.27,57.81,164.74,2018-04-03 16:00:19,2018-07-01 10:50:07,0,0.0,89,1.7,B - High Value,No
91,143,10584.28,74.02,176.07,2018-04-02 10:29:09,2018-07-01 10:24:32,0,0.0,90,1.59,B - High Value,No
92,145,10414.67,71.83,150.37,2018-04-01 09:14:41,2018-07-01 18:14:36,0,0.0,92,1.58,B - High Value,No
93,59,1632.54,27.67,52.52,2018-04-01 23:27:24,2018-07-01 13:28:28,0,0.0,91,0.65,D - Low Value,No
94,196,9970.03,50.87,117.69,2018-04-01 07:58:34,2018-07-01 11:29:38,2,1.02,92,2.13,B - High Value,Yes
95,187,19423.71,103.87,247.45,2018-04-01 13:53:11,2018-07-01 11:46:45,1,0.535,91,2.05,A - Premium,Yes
96,60,4891.44,81.52,166.53,2018-04-02 11:31:19,2018-06-29 12:31:49,0,0.0,89,0.67,C - Mid Value,No
97,160,1849.82,11.56,28.33,2018-04-01 07:51:12,2018-07-01 13:19:52,0,0.0,92,1.74,D - Low Value,No
98,336,2895.72,8.62,22.04,2018-04-01 03:42:06,2018-07-01 14:41:31,2,0.595,92,3.65,C - Mid Value,Yes
99,68,483.93,7.12,12.97,2018-04-01 13:34:25,2018-06-30 20:25:33,0,0.0,91,0.75,D - Low Value,No
100,330,4856.91,14.72,42.36,2018-04-01 08:47:36,2018-07-01 15:34:47,2,0.606,92,3.59,C - Mid Value,Yes
101,83,3142.33,37.86,77.53,2018-04-01 17:02:39,2018-07-01 19:10:04,0,0.0,92,0.9,C - Mid Value,No
102,180,1187.73,6.6,17.09,2018-04-01 09:28:25,2018-07-01 23:13:32,0,0.0,92,1.96,D - Low Value,No
103,70,1756.83,25.1,57.62,2018-04-01 14:07:55,2018-07-01 19:09:17,1,1.429,92,0.76,D - Low Value,Yes
104,227,3823.59,16.84,36.9,2018-04-01 08:37:21,2018-07-01 18:05:02,2,0.881,92,2.47,C - Mid Value,Yes
105,50,2253.15,45.06,86.48,2018-04-03 07:57:44,2018-07-01 11:49:30,0,0.0,90,0.56,D - Low Value,No
106,22,2266.33,103.02,173.85,2018-04-02 17:50:49,2018-06-28 16:49:47,1,4.545,87,0.25,D - Low Value,Yes
107,227,6830.14,30.09,67.32,2018-04-01 08:15:05,2018-07-01 17:24:55,1,0.441,92,2.47,C - Mid Value,Yes
108,148,8352.07,56.43,124.87,2018-04-01 06:17:41,2018-07-01 14:37:13,0,0.0,92,1.61,B - High Value,No
109,177,13089.45,73.95,156.38,2018-04-01 11:00:46,2018-07-01 17:34:49,2,1.13,92,1.92,B - High Value,Yes
110,14,1444.3,103.16,182.75,2018-04-07 07:10:33,2018-07-01 10:25:36,0,0.0,86,0.16,D - Low Value,No
111,373,31571.92,84.64,194.34,2018-04-01 03:44:19,2018-07-01 18:08:16,4,1.072,92,4.05,A - Premium,Yes
112,330,11311.52,34.28,80.98,2018-04-01 08:06:51,2018-07-01 15:20:24,0,0.0,92,3.59,B - High Value,No
113,86,8849.72,102.9,226.4,2018-04-01 11:10:00,2018-06-30 04:47:56,1,1.163,90,0.96,B - High Value,Yes
114,321,24891.89,77.54,196.71,2018-04-01 04:45:06,2018-07-01 17:30:22,0,0.0,92,3.49,A - Premium,No
115,263,10959.57,41.67,97.76,2018-04-01 07:24:36,2018-07-01 18:07:02,0,0.0,92,2.86,B - High Value,No
116,101,4539.63,44.95,94.08,2018-04-01 11:50:37,2018-07-01 06:34:13,0,0.0,91,1.11,C - Mid Value,No
117,350,19925.37,56.93,136.37,2018-04-01 08:00:47,2018-07-01 21:06:58,3,0.857,92,3.8,A - Premium,Yes
118,263,26023.47,98.95,214.81,2018-04-01 13:22:50,2018-07-01 13:34:25,3,1.141,92,2.86,A - Premium,Yes
119,167,17164.45,102.78,234.16,2018-04-01 13:14:43,2018-07-01 14:19:09,1,0.599,92,1.82,A - Premium,Yes
120,134,2756.33,20.57,41.82,2018-04-01 04:40:02,2018-06-30 07:07:07,1,0.746,91,1.47,D - Low Value,Yes
121,302,12350.72,40.9,99.36,2018-04-01 08:48:42,2018-07-01 09:48:18,0,0.0,92,3.28,B - High Value,No
122,190,6344.13,33.39,73.04,2018-04-01 05:31:21,2018-07-01 17:13:30,1,0.526,92,2.07,C - Mid Value,Yes
123,98,5613.69,57.28,117.99,2018-04-01 13:34:19,2018-06-30 09:46:11,0,0.0,90,1.09,C - Mid Value,No
124,153,4656.02,30.43,58.99,2018-04-02 03:27:56,2018-06-30 19:06:54,0,0.0,90,1.7,C - Mid Value,No
125,272,16649.32,61.21,144.37,2018-04-01 06:44:24,2018-07-01 09:15:11,0,0.0,92,2.96,A - Premium,No
126,15,1330.25,88.68,185.86,2018-04-14 10:45:10,2018-06-25 12:18:36,1,6.667,73,0.21,D - Low Value,Yes
127,125,1896.11,15.17,32.56,2018-04-01 15:07:31,2018-07-01 13:44:38,0,0.0,91,1.37,D - Low Value,No
128,268,18042.73,67.32,172.47,2018-04-01 02:47:11,2018-07-01 12:40:55,0,0.0,92,2.91,A - Premium,No
129,301,20766.17,68.99,165.0,2018-04-01 08:29:06,2018-07-01 15:23:48,4,1.329,92,3.27,A - Premium,Yes
130,240,1884.31,7.85,19.87,2018-04-01 06:11:25,2018-07-01 11:21:25,1,0.417,92,2.61,D - Low Value,Yes
131,351,19459.71,55.44,122.76,2018-04-01 04:10:58,2018-07-01 19:25:11,0,0.0,92,3.82,A - Premium,No
132,124,865.9,6.98,15.86,2018-04-01 13:55:40,2018-07-01 20:19:58,1,0.806,92,1.35,D - Low Value,Yes
133,45,1204.22,26.76,49.61,2018-04-06 15:08:59,2018-07-01 17:52:30,0,0.0,87,0.52,D - Low Value,No
134,324,24321.86,75.07,173.69,2018-04-01 05:39:13,2018-07-01 14:58:29,0,0.0,92,3.52,A - Premium,No
135,226,13641.51,60.36,150.27,2018-04-01 12:24:34,2018-07-01 10:39:18,2,0.885,91,2.48,B - High Value,Yes
136,271,19574.25,72.23,140.28,2018-04-01 09:13:50,2018-07-01 12:37:48,3,1.107,92,2.95,A - Premium,Yes
137,36,2977.83,82.72,182.35,2018-04-01 18:03:35,2018-07-01 19:02:16,0,0.0,92,0.39,C - Mid Value,No
138,41,3263.47,79.6,162.19,2018-04-01 13:47:26,2018-06-30 09:42:35,0,0.0,90,0.46,C - Mid Value,No
139,302,23684.1,78.42,560.2,2018-04-01 02:36:35,2018-07-01 16:59:00,16,5.298,92,3.28,A - Premium,Yes
140,308,32183.79,104.49,274.32,2018-04-01 04:54:55,2018-07-01 13:40:41,3,0.974,92,3.35,A - Premium,Yes
141,315,21462.98,68.14,454.0,2018-04-01 15:58:49,2018-07-01 09:16:10,20,6.349,91,3.46,A - Premium,Yes
142,15,1228.0,81.87,155.47,2018-04-01 17:35:16,2018-06-28 21:32:23,0,0.0,89,0.17,D - Low Value,No
143,104,10128.57,97.39,201.85,2018-04-02 03:36:58,2018-07-01 10:28:41,0,0.0,91,1.14,B - High Value,No
144,329,15887.99,48.29,115.34,2018-04-01 05:29:59,2018-07-01 19:48:32,0,0.0,92,3.58,A - Premium,No
145,27,1381.06,51.15,97.69,2018-04-06 18:41:54,2018-06-28 04:33:34,0,0.0,83,0.33,D - Low Value,No
146,25,239.7,9.59,16.52,2018-04-06 15:06:03,2018-06-28 09:46:29,0,0.0,83,0.3,D - Low Value,No
147,307,23627.44,76.96,213.76,2018-04-01 11:09:21,2018-07-01 12:08:17,0,0.0,92,3.34,A - Premium,No
148,364,12492.44,34.32,93.73,2018-04-01 04:26:13,2018-07-01 15:12:08,1,0.275,92,3.96,B - High Value,Yes
149,366,15425.6,42.15,110.25,2018-04-01 06:30:33,2018-07-01 21:36:54,6,1.639,92,3.98,A - Premium,Yes
150,20,1426.52,71.33,129.79,2018-04-01 13:59:25,2018-06-19 11:27:51,1,5.0,79,0.25,D - Low Value,Yes
151,89,2580.78,29.0,60.99,2018-04-01 17:30:04,2018-07-01 15:16:31,0,0.0,91,0.98,D - Low Value,No
152,133,6607.31,49.68,122.45,2018-04-01 05:22:46,2018-07-01 19:59:42,0,0.0,92,1.45,C - Mid Value,No
153,101,1466.63,14.52,32.06,2018-04-02 11:52:03,2018-06-30 10:19:17,0,0.0,89,1.13,D - Low Value,No
154,350,15213.05,43.47,98.81,2018-04-01 07:26:22,2018-07-01 18:52:56,1,0.286,92,3.8,A - Premium,Yes
155,315,20835.72,66.15,165.78,2018-04-01 05:35:26,2018-07-01 18:43:14,4,1.27,92,3.42,A - Premium,Yes
156,245,19275.51,78.68,154.93,2018-04-01 11:39:26,2018-07-01 07:42:40,0,0.0,91,2.69,A - Premium,No
157,87,995.21,11.44,25.79,2018-04-01 04:47:24,2018-06-30 19:56:10,0,0.0,91,0.96,D - Low Value,No
158,342,28395.17,83.03,189.45,2018-04-01 19:45:00,2018-07-01 17:49:13,5,1.462,91,3.76,A - Premium,Yes
159,239,15139.77,63.35,177.33,2018-04-01 01:59:15,2018-07-01 20:15:17,0,0.0,92,2.6,A - Premium,No
160,153,15308.61,100.06,240.42,2018-04-01 07:00:55,2018-07-01 08:16:37,3,1.961,92,1.66,A - Premium,Yes
161,270,19238.03,71.25,151.2,2018-04-01 03:59:19,2018-07-01 21:49:43,2,0.741,92,2.93,A - Premium,Yes
162,245,12960.09,52.9,113.92,2018-04-01 04:22:37,2018-07-01 14:08:02,0,0.0,92,2.66,B - High Value,No
163,20,1977.43,98.87,165.74,2018-04-05 14:06:24,2018-07-01 12:24:36,0,0.0,87,0.23,D - Low Value,No
164,348,17554.93,50.45,103.48,2018-04-01 07:36:05,2018-07-01 13:37:32,0,0.0,92,3.78,A - Premium,No
165,95,1423.07,14.98,38.43,2018-04-01 08:05:23,2018-06-29 18:18:13,1,1.053,90,1.06,D - Low Value,Yes
166,135,9557.95,70.8,139.24,2018-04-01 14:31:25,2018-07-01 09:58:52,0,0.0,91,1.48,B - High Value,No
167,180,7854.16,43.63,107.69,2018-04-01 04:49:17,2018-07-01 15:20:04,0,0.0,92,1.96,B - High Value,No
168,210,19258.97,91.71,208.22,2018-04-01 12:29:18,2018-07-01 16:36:10,0,0.0,92,2.28,A - Premium,No
169,137,2151.2,15.7,30.64,2018-04-01 06:33:41,2018-06-30 15:51:50,1,0.73,91,1.51,D - Low Value,Yes
170,226,1857.61,8.22,23.6,2018-04-01 12:11:22,2018-07-01 12:59:47,1,0.442,92,2.46,D - Low Value,Yes
171,235,17668.39,75.18,174.94,2018-04-01 06:45:08,2018-07-01 08:52:02,3,1.277,92,2.55,A - Premium,Yes
172,11,887.99,80.73,125.33,2018-04-22 02:16:59,2018-06-15 10:42:35,0,0.0,55,0.2,D - Low Value,No
173,127,6958.48,54.79,133.09,2018-04-02 19:41:42,2018-06-29 17:04:53,0,0.0,88,1.44,C - Mid Value,No
174,292,15722.53,53.84,118.76,2018-04-01 07:43:26,2018-07-01 22:34:06,2,0.685,92,3.17,A - Premium,Yes
175,28,400.05,14.29,29.18,2018-04-01 23:35:20,2018-06-22 12:53:11,0,0.0,82,0.34,D - Low Value,No
176,27,844.49,31.28,61.3,2018-04-04 10:29:18,2018-07-01 09:17:07,0,0.0,88,0.31,D - Low Value,No
177,205,4310.49,21.03,44.66,2018-04-01 02:33:41,2018-07-01 13:46:23,0,0.0,92,2.23,C - Mid Value,No
178,68,1347.12,19.81,43.47,2018-04-01 16:43:51,2018-07-01 00:52:17,0,0.0,91,0.75,D - Low Value,No
179,269,10384.28,38.6,92.16,2018-04-01 14:23:01,2018-07-01 11:09:05,5,1.859,91,2.96,B - High Value,Yes
180,302,2448.9,8.11,22.06,2018-04-01 08:45:33,2018-07-01 19:02:28,5,1.656,92,3.28,D - Low Value,Yes
181,320,23034.52,71.98,158.97,2018-04-01 05:38:56,2018-07-01 21:42:48,1,0.312,92,3.48,A - Premium,Yes
182,140,7896.78,56.41,122.97,2018-04-01 13:28:03,2018-07-01 08:05:25,3,2.143,91,1.54,B - High Value,Yes
183,246,16740.17,68.05,473.2,2018-04-01 00:32:35,2018-07-01 23:56:02,17,6.911,92,2.67,A - Premium,Yes
184,67,1120.98,16.73,33.86,2018-04-03 08:45:36,2018-07-01 19:25:56,0,0.0,90,0.74,D - Low Value,No
185,74,404.88,5.47,11.2,2018-04-02 04:47:38,2018-06-30 08:37:27,0,0.0,90,0.82,D - Low Value,No
186,279,23936.91,85.8,210.2,2018-04-01 04:21:55,2018-07-01 12:04:56,0,0.0,92,3.03,A - Premium,No
187,170,5998.02,35.28,96.25,2018-04-01 10:21:09,2018-07-01 08:16:39,1,0.588,91,1.87,C - Mid Value,Yes
188,316,10095.09,31.95,76.66,2018-04-01 05:39:28,2018-07-01 19:10:39,3,0.949,92,3.43,B - High Value,Yes
189,115,3359.76,29.22,64.46,2018-04-01 11:58:13,2018-07-01 07:19:48,0,0.0,91,1.26,C - Mid Value,No
190,120,5853.45,48.78,103.3,2018-04-01 13:46:22,2018-06-29 21:17:41,0,0.0,90,1.33,C - Mid Value,No
191,133,13178.06,99.08,227.81,2018-04-01 09:58:47,2018-07-01 09:00:06,2,1.504,91,1.46,B - High Value,Yes
192,97,6985.54,72.02,159.39,2018-04-01 15:57:21,2018-06-30 12:26:04,0,0.0,90,1.08,C - Mid Value,No
193,106,10135.76,95.62,216.82,2018-04-01 07:32:29,2018-07-01 13:26:57,0,0.0,92,1.15,B - High Value,No
194,303,24056.97,79.4,192.55,2018-04-01 06:17:42,2018-07-01 13:11:55,1,0.33,92,3.29,A - Premium,Yes
195,287,25464.62,88.73,226.52,2018-04-01 08:44:05,2018-07-01 18:36:41,7,2.439,92,3.12,A - Premium,Yes
196,43,1348.92,31.37,61.16,2018-04-07 07:55:44,2018-07-01 08:51:25,0,0.0,86,0.5,D - Low Value,No
197,103,5949.24,57.76,113.69,2018-04-01 12:46:41,2018-07-01 18:38:32,0,0.0,92,1.12,C - Mid Value,No
198,312,31290.8,100.29,240.36,2018-04-01 08:41:57,2018-07-01 22:05:27,2,0.641,92,3.39,A - Premium,Yes
199,149,4500.71,30.21,57.49,2018-04-01 08:55:19,2018-07-01 22:40:49,0,0.0,92,1.62,C - Mid Value,No
200,138,6224.05,45.1,92.35,2018-04-01 03:56:21,2018-07-01 11:57:45,2,1.449,92,1.5,C - Mid Value,Yes
201,107,10275.48,96.03,245.69,2018-04-02 07:22:29,2018-07-01 16:03:15,1,0.935,91,1.18,B - High Value,Yes
202,222,9050.55,40.77,98.86,2018-04-01 06:52:14,2018-07-01 20:22:28,1,0.45,92,2.41,B - High Value,Yes
203,80,1288.29,16.1,35.94,2018-04-01 23:50:16,2018-07-01 11:07:10,0,0.0,91,0.88,D - Low Value,No
204,182,14432.77,79.3,169.15,2018-04-01 02:37:22,2018-06-30 20:14:37,1,0.549,91,2.0,A - Premium,Yes
205,27,1237.99,45.85,77.8,2018-04-01 11:20:09,2018-06-29 16:11:16,0,0.0,90,0.3,D - Low Value,No
206,309,7972.03,25.8,54.27,2018-04-01 05:48:31,2018-07-01 19:13:27,1,0.324,92,3.36,B - High Value,Yes
207,47,3003.24,63.9,106.5,2018-04-05 09:31:40,2018-07-01 06:13:56,1,2.128,87,0.54,C - Mid Value,Yes
208,177,14535.95,82.12,176.34,2018-04-02 05:34:32,2018-07-01 21:38:28,1,0.565,91,1.95,A - Premium,Yes
209,263,8932.17,33.96,81.76,2018-04-01 06:17:45,2018-07-01 20:00:20,1,0.38,92,2.86,B - High Value,Yes
210,271,4430.1,16.35,44.1,2018-04-01 12:07:46,2018-07-01 13:07:56,2,0.738,92,2.95,C - Mid Value,Yes
211,140,11287.55,80.63,188.24,2018-04-01 09:13:37,2018-07-01 13:45:07,4,2.857,92,1.52,B - High Value,Yes
212,269,25466.75,94.67,220.02,2018-04-01 04:51:07,2018-07-01 09:00:01,5,1.859,92,2.92,A - Premium,Yes
213,274,24580.35,89.71,270.66,2018-04-01 05:27:57,2018-07-01 09:04:38,2,0.73,92,2.98,A - Premium,Yes
214,128,2220.95,17.35,43.97,2018-04-02 09:21:41,2018-07-01 21:42:39,3,2.344,91,1.41,D - Low Value,Yes
215,140,4304.5,30.75,61.22,2018-04-02 08:24:49,2018-07-01 14:37:32,0,0.0,91,1.54,C - Mid Value,No
216,94,1768.12,18.81,38.5,2018-04-02 10:46:22,2018-07-01 13:41:01,0,0.0,91,1.03,D - Low Value,No
217,70,7035.08,100.5,208.87,2018-04-02 16:04:59,2018-06-28 12:21:21,0,0.0,87,0.8,C - Mid Value,No
218,155,5778.41,37.28,73.06,2018-04-01 18:13:38,2018-07-01 20:06:41,0,0.0,92,1.68,C - Mid Value,No
219,245,22099.95,90.2,251.14,2018-04-02 14:22:59,2018-07-01 19:04:02,4,1.633,91,2.69,A - Premium,Yes
220,295,19051.73,64.58,136.6,2018-04-01 02:17:26,2018-07-01 18:15:04,0,0.0,92,3.21,A - Premium,No
221,271,22390.91,82.62,188.2,2018-04-01 13:52:05,2018-07-01 14:59:32,1,0.369,92,2.95,A - Premium,Yes
222,177,8413.28,47.53,113.42,2018-04-01 12:34:37,2018-07-01 13:25:30,0,0.0,92,1.92,B - High Value,No
223,186,12241.05,65.81,153.14,2018-04-01 10:15:55,2018-07-01 15:21:46,1,0.538,92,2.02,B - High Value,Yes
224,137,6185.29,45.15,101.28,2018-04-01 17:38:47,2018-07-01 19:00:05,1,0.73,92,1.49,C - Mid Value,Yes
225,25,603.3,24.13,51.96,2018-04-06 07:40:37,2018-06-26 14:34:49,0,0.0,82,0.3,D - Low Value,No
226,126,2048.94,16.26,49.17,2018-04-01 06:30:52,2018-07-01 11:17:36,0,0.0,92,1.37,D - Low Value,No
227,17,1562.26,91.9,148.78,2018-04-06 06:36:53,2018-06-24 06:56:16,1,5.882,80,0.21,D - Low Value,Yes
228,225,19328.32,85.9,195.7,2018-04-01 07:39:08,2018-06-30 08:59:03,0,0.0,91,2.47,A - Premium,No
229,113,9447.17,83.6,153.73,2018-04-02 11:06:48,2018-07-01 14:53:36,0,0.0,91,1.24,B - High Value,No
230,328,16628.65,50.7,113.71,2018-04-01 01:38:25,2018-07-01 18:42:22,0,0.0,92,3.57,A - Premium,No
231,17,1344.54,79.09,148.1,2018-04-06 22:05:06,2018-06-29 06:09:08,0,0.0,84,0.2,D - Low Value,No
232,18,1473.34,81.85,144.98,2018-04-07 12:43:43,2018-07-01 20:31:20,0,0.0,86,0.21,D - Low Value,No
233,312,16319.22,52.31,115.44,2018-04-01 11:23:41,2018-07-01 20:32:23,0,0.0,92,3.39,A - Premium,No
234,296,10685.01,36.1,97.58,2018-04-02 08:21:27,2018-07-01 09:36:29,0,0.0,91,3.25,B - High Value,No
235,293,3659.52,12.49,28.86,2018-04-01 10:56:16,2018-07-01 18:17:16,0,0.0,92,3.18,C - Mid Value,No
236,125,9866.39,78.93,157.32,2018-04-02 09:22:59,2018-07-01 04:35:15,0,0.0,90,1.39,B - High Value,No
237,360,9218.84,25.61,63.4,2018-04-01 09:50:18,2018-07-01 21:35:12,0,0.0,92,3.91,B - High Value,No
238,137,3184.75,23.25,51.75,2018-04-02 12:27:09,2018-07-01 16:28:43,1,0.73,91,1.51,C - Mid Value,Yes
239,330,28072.6,85.07,209.31,2018-04-01 14:35:29,2018-07-01 17:18:01,2,0.606,92,3.59,A - Premium,Yes
240,166,2752.18,16.58,34.65,2018-04-01 08:08:29,2018-07-01 18:32:50,0,0.0,92,1.8,D - Low Value,No
241,271,14249.54,52.58,129.55,2018-04-01 07:12:40,2018-07-01 18:03:01,0,0.0,92,2.95,A - Premium,No
242,61,4935.59,80.91,154.9,2018-04-01 17:31:10,2018-07-01 08:20:30,0,0.0,91,0.67,C - Mid Value,No
243,80,8144.84,101.81,226.4,2018-04-02 05:16:06,2018-06-28 13:08:23,1,1.25,88,0.91,B - High Value,Yes
244,208,7064.92,33.97,78.45,2018-04-01 08:41:10,2018-07-01 13:49:25,1,0.481,92,2.26,C - Mid Value,Yes
245,200,18199.1,91.0,587.7,2018-04-01 10:42:24,2018-06-30 16:14:05,12,6.0,91,2.2,A - Premium,Yes
246,295,27176.15,92.12,211.9,2018-04-01 07:57:07,2018-07-01 16:25:02,2,0.678,92,3.21,A - Premium,Yes
247,106,686.22,6.47,14.69,2018-04-01 04:11:30,2018-07-01 11:48:31,0,0.0,92,1.15,D - Low Value,No
248,48,4134.87,86.14,169.67,2018-04-01 12:21:43,2018-07-01 19:46:15,0,0.0,92,0.52,C - Mid Value,No
249,272,6968.31,25.62,56.43,2018-04-01 03:21:54,2018-07-01 15:45:37,1,0.368,92,2.96,C - Mid Value,Yes
250,266,14056.19,52.84,116.3,2018-04-01 19:04:23,2018-07-01 11:18:42,0,0.0,91,2.92,B - High Value,No
251,15,814.11,54.27,99.91,2018-04-06 05:36:48,2018-06-22 08:10:44,0,0.0,78,0.19,D - Low Value,No
252,41,2405.12,58.66,131.37,2018-04-05 15:03:39,2018-06-29 08:33:12,0,0.0,85,0.48,D - Low Value,No
253,153,1120.9,7.33,18.55,2018-04-01 19:07:23,2018-06-30 13:02:50,0,0.0,90,1.7,D - Low Value,No
254,257,20589.96,80.12,595.9,2018-04-01 07:47:43,2018-07-01 18:46:29,23,8.949,92,2.79,A - Premium,Yes
255,361,24122.0,66.82,179.99,2018-04-01 04:34:01,2018-07-01 19:54:33,2,0.554,92,3.92,A - Premium,Yes
256,53,3066.22,57.85,105.21,2018-04-02 02:37:13,2018-06-24 11:00:58,0,0.0,84,0.63,C - Mid Value,No
257,29,1484.97,51.21,112.29,2018-04-01 19:32:12,2018-06-26 11:41:04,0,0.0,86,0.34,D - Low Value,No
258,124,9417.71,75.95,200.68,2018-04-02 11:04:08,2018-07-01 11:50:57,0,0.0,91,1.36,B - High Value,No
259,181,3269.21,18.06,41.46,2018-04-01 15:18:07,2018-07-01 19:04:56,3,1.657,92,1.97,C - Mid Value,Yes
260,246,16855.95,68.52,148.12,2018-04-01 16:38:29,2018-06-30 22:44:32,5,2.033,91,2.7,A - Premium,Yes
261,288,19644.28,68.21,147.71,2018-04-01 03:37:49,2018-07-01 10:31:57,0,0.0,92,3.13,A - Premium,No
262,8,265.7,33.21,48.85,2018-04-16 13:22:42,2018-06-17 14:21:31,0,0.0,63,0.13,D - Low Value,No
263,69,6179.7,89.56,172.97,2018-04-01 13:36:46,2018-06-28 14:31:44,0,0.0,89,0.78,C - Mid Value,No
264,188,15162.13,80.65,179.4,2018-04-01 07:27:15,2018-07-01 17:04:36,2,1.064,92,2.04,A - Premium,Yes
265,5,29.23,5.85,9.61,2018-04-20 12:07:25,2018-06-30 06:09:59,0,0.0,71,0.07,D - Low Value,No
266,359,3747.37,10.44,22.04,2018-04-01 09:34:24,2018-07-01 18:44:38,0,0.0,92,3.9,C - Mid Value,No
267,342,1731.22,5.06,10.93,2018-04-01 10:01:54,2018-06-30 15:53:28,0,0.0,91,3.76,D - Low Value,No
268,24,1889.32,78.72,125.02,2018-04-02 07:00:05,2018-06-20 15:29:13,0,0.0,80,0.3,D - Low Value,No
269,172,11917.31,69.29,163.0,2018-04-01 19:27:25,2018-07-01 05:39:26,2,1.163,91,1.89,B - High Value,Yes
270,321,5978.9,18.63,43.99,2018-04-01 02:28:17,2018-07-01 20:17:06,1,0.312,92,3.49,C - Mid Value,Yes
271,246,2305.94,9.37,21.23,2018-04-01 05:24:52,2018-07-01 14:11:44,1,0.407,92,2.67,D - Low Value,Yes
272,50,2029.43,40.59,81.68,2018-04-02 04:49:49,2018-07-01 04:43:15,0,0.0,90,0.56,D - Low Value,No
273,233,3515.9,15.09,34.0,2018-04-01 16:43:14,2018-07-01 13:49:58,0,0.0,91,2.56,C - Mid Value,No
274,206,13222.48,64.19,147.31,2018-04-01 12:22:22,2018-07-01 15:37:09,0,0.0,92,2.24,B - High Value,No
275,292,9431.32,32.3,75.57,2018-04-01 08:38:13,2018-07-01 16:15:41,2,0.685,92,3.17,B - High Value,Yes
276,23,1461.14,63.53,127.16,2018-04-01 06:17:09,2018-06-26 11:54:39,0,0.0,87,0.26,D - Low Value,No
277,165,4022.43,24.38,61.13,2018-04-01 12:53:04,2018-07-01 12:49:41,0,0.0,91,1.81,C - Mid Value,No
278,110,5458.32,49.62,95.51,2018-04-02 03:53:47,2018-07-01 18:34:14,2,1.818,91,1.21,C - Mid Value,Yes
279,310,28381.7,91.55,194.34,2018-04-01 09:23:27,2018-07-01 18:34:56,0,0.0,92,3.37,A - Premium,No
280,40,3857.73,96.44,205.93,2018-04-09 12:25:44,2018-06-30 12:42:33,0,0.0,83,0.48,C - Mid Value,No
281,182,19887.62,109.27,249.22,2018-04-01 09:55:33,2018-07-01 18:32:05,2,1.099,92,1.98,A - Premium,Yes
282,65,326.94,5.03,11.13,2018-04-05 12:09:13,2018-07-01 12:49:44,0,0.0,88,0.74,D - Low Value,No
283,102,7420.73,72.75,133.23,2018-04-01 06:04:32,2018-07-01 22:14:19,0,0.0,92,1.11,B - High Value,No
284,262,10102.75,38.56,94.69,2018-04-01 03:58:06,2018-07-01 17:15:01,0,0.0,92,2.85,B - High Value,No
285,215,5647.22,26.27,65.23,2018-04-01 18:28:22,2018-07-01 21:42:47,0,0.0,92,2.34,C - Mid Value,No
286,172,5609.08,32.61,75.69,2018-04-01 02:35:44,2018-07-01 22:58:57,0,0.0,92,1.87,C - Mid Value,No
287,238,2322.45,9.76,67.8,2018-04-01 11:15:25,2018-07-01 17:22:16,16,6.723,92,2.59,D - Low Value,Yes
288,363,31440.97,86.61,195.42,2018-04-01 10:02:01,2018-07-01 18:19:22,1,0.275,92,3.95,A - Premium,Yes
289,243,3754.69,15.45,36.3,2018-04-01 15:20:07,2018-07-01 09:09:15,1,0.412,91,2.67,C - Mid Value,Yes
290,310,13989.28,45.13,121.84,2018-04-01 08:47:44,2018-07-01 12:37:54,0,0.0,92,3.37,B - High Value,No
291,154,9711.65,63.06,136.02,2018-04-02 03:57:20,2018-06-30 19:26:00,0,0.0,90,1.71,B - High Value,No
292,127,4207.16,33.13,85.96,2018-04-01 08:53:49,2018-07-01 11:03:42,0,0.0,92,1.38,C - Mid Value,No
293,240,23354.21,97.31,238.01,2018-04-01 09:09:05,2018-07-01 11:22:36,3,1.25,92,2.61,A - Premium,Yes
294,46,4316.46,93.84,172.23,2018-04-01 08:28:32,2018-06-29 06:31:12,0,0.0,89,0.52,C - Mid Value,No
295,147,9978.42,67.88,153.01,2018-04-01 17:51:37,2018-07-01 15:57:19,0,0.0,91,1.62,B - High Value,No
296,239,17607.45,73.67,190.33,2018-04-01 11:23:31,2018-07-01 14:34:22,1,0.418,92,2.6,A - Premium,Yes
297,323,28122.39,87.07,196.22,2018-04-01 11:28:54,2018-07-01 16:03:32,1,0.31,92,3.51,A - Premium,Yes
298,210,8747.54,41.65,107.94,2018-04-01 08:30:33,2018-07-01 09:03:49,1,0.476,92,2.28,B - High Value,Yes
299,132,848.8,6.43,16.87,2018-04-01 15:04:38,2018-07-01 14:13:44,0,0.0,91,1.45,D - Low Value,No
300,326,34802.94,106.76,662.45,2018-04-01 09:47:47,2018-07-01 11:12:03,18,5.521,92,3.54,A - Premium,Yes
301,286,16903.76,59.1,129.26,2018-04-01 05:44:48,2018-07-01 20:39:10,2,0.699,92,3.11,A - Premium,Yes
302,304,2753.38,9.06,25.27,2018-04-01 05:58:56,2018-07-01 14:16:09,1,0.329,92,3.3,D - Low Value,Yes
303,200,13462.42,67.31,151.88,2018-04-01 04:43:14,2018-07-01 06:25:47,0,0.0,92,2.17,B - High Value,No
304,189,14740.78,77.99,193.26,2018-04-01 09:20:51,2018-06-30 14:07:26,0,0.0,91,2.08,A - Premium,No
305,36,5951.05,165.31,781.55,2018-04-02 08:28:47,2018-07-01 16:13:53,6,16.667,91,0.4,C - Mid Value,Yes
306,235,11290.14,48.04,101.4,2018-04-01 11:07:42,2018-07-01 22:25:12,5,2.128,92,2.55,B - High Value,Yes
307,45,1020.35,22.67,61.43,2018-04-04 09:35:48,2018-06-29 12:51:40,2,4.444,87,0.52,D - Low Value,Yes
308,134,764.87,5.71,11.37,2018-04-01 06:45:51,2018-07-01 18:14:21,3,2.239,92,1.46,D - Low Value,Yes
309,28,366.48,13.09,26.02,2018-04-01 11:42:03,2018-06-18 11:12:40,0,0.0,78,0.36,D - Low Value,No
310,59,5608.81,95.06,178.86,2018-04-01 09:48:17,2018-07-01 15:08:47,0,0.0,92,0.64,C - Mid Value,No
311,193,11081.14,57.42,140.03,2018-04-01 08:39:52,2018-07-01 11:32:00,1,0.518,92,2.1,B - High Value,Yes
312,215,17159.72,79.81,156.03,2018-04-01 05:20:20,2018-07-01 10:30:04,4,1.86,92,2.34,A - Premium,Yes
313,47,3039.74,64.68,140.18,2018-04-03 12:29:07,2018-07-01 10:41:22,0,0.0,89,0.53,C - Mid Value,No
314,340,24162.85,71.07,160.74,2018-04-01 07:42:28,2018-07-01 20:55:21,0,0.0,92,3.7,A - Premium,No
315,204,9291.56,45.55,98.89,2018-04-01 06:42:38,2018-07-01 09:31:55,0,0.0,92,2.22,B - High Value,No
316,125,11071.46,88.57,200.7,2018-04-01 04:39:10,2018-06-30 13:31:57,0,0.0,91,1.37,B - High Value,No
317,12,445.92,37.16,67.13,2018-04-03 15:18:12,2018-06-11 21:30:29,0,0.0,70,0.17,D - Low Value,No
318,225,18364.46,81.62,185.15,2018-04-01 04:24:01,2018-07-01 12:56:28,3,1.333,92,2.45,A - Premium,Yes
319,205,16948.73,82.68,193.13,2018-04-01 11:40:37,2018-07-01 11:49:12,0,0.0,92,2.23,A - Premium,No
320,43,303.37,7.06,13.49,2018-04-01 16:48:22,2018-06-30 12:11:39,0,0.0,90,0.48,D - Low Value,No
321,125,2405.53,19.24,48.4,2018-04-01 12:57:30,2018-06-29 07:15:58,2,1.6,89,1.4,D - Low Value,Yes
322,337,12036.21,35.72,84.58,2018-04-01 04:34:54,2018-07-01 21:07:24,0,0.0,92,3.66,B - High Value,No
323,303,2239.43,7.39,15.35,2018-04-01 08:26:01,2018-07-01 07:48:14,3,0.99,91,3.33,D - Low Value,Yes
324,36,3522.56,97.85,175.77,2018-04-06 03:52:20,2018-06-30 10:46:45,0,0.0,86,0.42,C - Mid Value,No
325,303,15034.28,49.62,119.75,2018-04-01 12:56:31,2018-07-01 17:47:32,4,1.32,92,3.29,A - Premium,Yes
326,38,2398.88,63.13,121.21,2018-04-02 04:31:42,2018-06-25 17:50:45,0,0.0,85,0.45,D - Low Value,No
327,11,967.26,87.93,124.27,2018-04-15 05:35:21,2018-06-26 14:42:14,0,0.0,73,0.15,D - Low Value,No
328,284,24740.11,87.11,206.72,2018-04-01 12:13:24,2018-07-01 15:38:29,1,0.352,92,3.09,A - Premium,Yes
329,347,28572.08,82.34,208.77,2018-04-01 05:15:50,2018-07-01 12:47:08,0,0.0,92,3.77,A - Premium,No
330,109,755.29,6.93,13.96,2018-04-01 20:04:20,2018-07-01 05:15:53,0,0.0,91,1.2,D - Low Value,No
331,20,2113.26,105.66,164.9,2018-04-01 06:53:47,2018-06-28 18:08:38,0,0.0,89,0.22,D - Low Value,No
332,202,6847.1,33.9,75.34,2018-04-01 05:57:53,2018-07-01 13:53:02,0,0.0,92,2.2,C - Mid Value,No
333,120,8535.4,71.13,160.35,2018-04-01 05:44:42,2018-07-01 16:46:09,1,0.833,92,1.3,B - High Value,Yes
334,94,2654.29,28.24,54.15,2018-04-06 13:47:06,2018-07-01 18:29:34,0,0.0,87,1.08,D - Low Value,No
335,350,26091.46,74.55,190.99,2018-04-01 14:35:20,2018-07-01 15:23:25,2,0.571,92,3.8,A - Premium,Yes
336,135,2832.94,20.98,46.41,2018-04-01 14:06:12,2018-07-01 17:46:55,0,0.0,92,1.47,C - Mid Value,No
337,111,5082.1,45.78,363.2,2018-04-01 08:38:26,2018-06-30 14:52:35,7,6.306,91,1.22,C - Mid Value,Yes
338,28,1553.21,55.47,119.2,2018-04-09 20:21:45,2018-07-01 14:22:04,0,0.0,83,0.34,D - Low Value,No
339,229,17519.67,76.51,167.24,2018-04-01 14:03:59,2018-07-01 13:45:16,0,0.0,91,2.52,A - Premium,No
340,189,6104.94,32.3,77.4,2018-04-01 02:27:04,2018-07-01 10:41:29,1,0.529,92,2.05,C - Mid Value,Yes
341,94,9904.5,105.37,200.14,2018-04-02 04:49:46,2018-06-30 08:17:01,1,1.064,90,1.04,B - High Value,Yes
342,249,15027.42,60.35,143.14,2018-04-01 08:09:41,2018-07-01 08:51:46,1,0.402,92,2.71,A - Premium,Yes
343,274,5625.29,20.53,44.5,2018-04-01 06:49:21,2018-07-01 19:57:51,3,1.095,92,2.98,C - Mid Value,Yes
344,88,2367.94,26.91,45.78,2018-04-02 16:38:19,2018-07-01 10:10:42,0,0.0,90,0.98,D - Low Value,No
345,144,12251.62,85.08,176.9,2018-04-01 04:01:52,2018-06-30 19:22:12,0,0.0,91,1.58,B - High Value,No
346,117,8104.82,69.27,147.3,2018-04-01 10:41:00,2018-07-01 18:04:00,0,0.0,92,1.27,B - High Value,No
347,201,4282.96,21.31,51.61,2018-04-01 13:49:29,2018-07-01 13:41:30,2,0.995,91,2.21,C - Mid Value,Yes
348,221,24421.62,110.51,214.39,2018-04-01 11:43:34,2018-07-01 22:10:30,5,2.262,92,2.4,A - Premium,Yes
349,289,25749.97,89.1,219.31,2018-04-01 04:47:00,2018-07-01 12:02:12,0,0.0,92,3.14,A - Premium,No
350,190,5763.47,30.33,164.5,2018-04-01 10:00:20,2018-07-01 10:16:50,11,5.789,92,2.07,C - Mid Value,Yes
351,8,174.35,21.79,35.91,2018-04-07 11:16:12,2018-07-01 11:46:45,0,0.0,86,0.09,D - Low Value,No
352,253,6307.96,24.93,54.83,2018-04-01 10:46:37,2018-07-01 10:33:45,4,1.581,91,2.78,C - Mid Value,Yes
353,19,642.62,33.82,71.36,2018-04-03 07:10:42,2018-06-29 12:30:42,1,5.263,88,0.22,D - Low Value,Yes
354,227,5521.96,24.33,50.48,2018-04-01 02:13:54,2018-07-01 07:53:50,0,0.0,92,2.47,C - Mid Value,No
355,140,2643.92,18.89,39.91,2018-04-02 05:20:46,2018-07-01 15:17:48,0,0.0,91,1.54,D - Low Value,No
356,336,25561.11,76.07,188.19,2018-04-01 03:56:36,2018-07-01 17:12:41,0,0.0,92,3.65,A - Premium,No
357,34,2467.19,72.56,471.5,2018-04-01 15:06:17,2018-06-29 14:18:59,5,14.706,89,0.38,D - Low Value,Yes
358,228,12575.35,55.16,126.37,2018-04-01 02:30:00,2018-07-01 23:24:21,0,0.0,92,2.48,B - High Value,No
359,274,25376.87,92.62,231.55,2018-04-01 06:48:20,2018-07-01 14:03:55,8,2.92,92,2.98,A - Premium,Yes
360,263,11552.95,43.93,102.46,2018-04-01 00:30:05,2018-07-01 21:54:28,0,0.0,92,2.86,B - High Value,No
361,254,23047.85,90.74,217.47,2018-04-01 12:59:47,2018-07-01 08:01:51,0,0.0,91,2.79,A - Premium,No
362,159,18615.37,117.08,943.7,2018-04-02 13:24:36,2018-07-01 20:24:46,8,5.031,91,1.75,A - Premium,Yes
363,214,6670.9,31.17,63.33,2018-04-01 20:37:48,2018-07-01 13:19:07,0,0.0,91,2.35,C - Mid Value,No
364,109,10858.73,99.62,207.11,2018-04-01 14:20:26,2018-07-01 15:39:52,0,0.0,92,1.18,B - High Value,No
365,312,21926.33,70.28,517.8,2018-04-01 07:24:01,2018-07-01 12:40:18,34,10.897,92,3.39,A - Premium,Yes
366,69,2539.2,36.8,73.73,2018-04-03 03:30:50,2018-07-01 17:48:09,0,0.0,90,0.77,D - Low Value,No
367,249,1618.96,6.5,16.42,2018-04-01 10:54:21,2018-07-01 10:20:42,0,0.0,91,2.74,D - Low Value,No
368,169,6205.76,36.72,85.86,2018-04-01 13:04:41,2018-07-01 12:00:22,0,0.0,91,1.86,C - Mid Value,No
369,303,22201.9,73.27,167.01,2018-04-01 06:05:30,2018-07-01 19:33:54,0,0.0,92,3.29,A - Premium,No
370,346,3060.72,8.85,19.24,2018-04-01 10:01:32,2018-07-01 17:31:01,0,0.0,92,3.76,C - Mid Value,No
371,293,16890.7,57.65,124.9,2018-04-01 07:32:02,2018-07-01 13:32:42,0,0.0,92,3.18,A - Premium,No
372,216,9335.08,43.22,101.79,2018-04-01 06:37:41,2018-07-01 11:34:15,1,0.463,92,2.35,B - High Value,Yes
373,10,909.39,90.94,173.57,2018-04-26 14:39:48,2018-06-24 19:49:52,0,0.0,60,0.17,D - Low Value,No
374,79,730.94,9.25,22.81,2018-04-02 12:49:23,2018-06-30 12:34:05,0,0.0,89,0.89,D - Low Value,No
375,178,4772.94,26.81,57.26,2018-04-01 11:42:58,2018-07-01 20:18:17,1,0.562,92,1.93,C - Mid Value,Yes
376,200,16433.85,82.17,229.27,2018-04-01 06:24:17,2018-06-30 12:02:56,1,0.5,91,2.2,A - Premium,Yes
377,68,685.15,10.08,20.58,2018-04-02 11:38:00,2018-07-01 12:52:00,1,1.471,91,0.75,D - Low Value,Yes
378,150,12196.19,81.31,177.02,2018-04-01 09:19:08,2018-07-01 10:29:33,2,1.333,92,1.63,B - High Value,Yes
379,374,13429.8,35.91,89.21,2018-04-01 07:06:48,2018-07-01 17:25:37,1,0.267,92,4.07,B - High Value,Yes
380,252,15461.17,61.35,147.3,2018-04-01 03:46:29,2018-07-01 07:44:48,0,0.0,92,2.74,A - Premium,No
381,197,3714.55,18.86,40.89,2018-04-01 00:45:51,2018-06-30 09:07:23,2,1.015,91,2.16,C - Mid Value,Yes
382,379,6187.4,16.33,34.33,2018-04-01 00:43:59,2018-07-01 13:29:50,2,0.528,92,4.12,C - Mid Value,Yes
383,258,13678.15,53.02,123.6,2018-04-01 05:24:21,2018-07-01 16:10:54,0,0.0,92,2.8,B - High Value,No
384,101,8703.37,86.17,192.31,2018-04-01 17:08:08,2018-07-01 16:50:44,0,0.0,91,1.11,B - High Value,No
385,60,1167.61,19.46,40.19,2018-04-05 12:46:31,2018-06-28 14:30:24,0,0.0,85,0.71,D - Low Value,No
386,212,18339.46,86.51,232.92,2018-04-01 06:46:52,2018-07-01 20:30:38,1,0.472,92,2.3,A - Premium,Yes
387,325,26816.75,82.51,190.49,2018-04-01 18:24:48,2018-06-30 14:37:11,3,0.923,90,3.61,A - Premium,Yes
388,293,5268.54,17.98,43.66,2018-04-01 04:24:09,2018-07-01 15:59:16,1,0.341,92,3.18,C - Mid Value,Yes
389,357,40350.47,113.03,985.6,2018-04-01 07:14:36,2018-07-01 12:24:39,15,4.202,92,3.88,A - Premium,Yes
390,205,1869.3,9.12,20.44,2018-04-01 04:57:04,2018-07-01 07:30:09,1,0.488,92,2.23,D - Low Value,Yes
391,83,1087.15,13.1,29.54,2018-04-04 12:44:52,2018-07-01 13:15:10,0,0.0,89,0.93,D - Low Value,No
392,247,15418.64,62.42,156.89,2018-04-01 13:31:12,2018-07-01 08:52:40,2,0.81,91,2.71,A - Premium,Yes
393,15,97.93,6.53,13.01,2018-04-05 14:36:24,2018-07-01 11:30:20,0,0.0,87,0.17,D - Low Value,No
394,270,17481.84,64.75,161.62,2018-04-01 15:47:05,2018-07-01 14:11:29,0,0.0,91,2.97,A - Premium,No
395,359,27281.98,75.99,182.92,2018-04-01 03:59:09,2018-07-01 15:41:13,0,0.0,92,3.9,A - Premium,No
396,9,668.08,74.23,116.75,2018-04-15 06:41:46,2018-06-19 10:08:35,1,11.111,66,0.14,D - Low Value,Yes
397,319,25407.35,79.65,174.61,2018-04-01 17:20:19,2018-07-01 15:50:11,0,0.0,91,3.51,A - Premium,No
398,278,5041.93,18.14,102.95,2018-04-01 01:56:23,2018-07-01 17:18:14,18,6.475,92,3.02,C - Mid Value,Yes
399,50,4477.8,89.56,188.59,2018-04-02 08:53:49,2018-06-29 18:54:22,0,0.0,89,0.56,C - Mid Value,No
400,356,12570.94,35.31,90.24,2018-04-01 05:48:39,2018-07-01 15:06:17,3,0.843,92,3.87,B - High Value,Yes
401,29,2136.43,73.67,173.27,2018-04-01 07:00:09,2018-06-26 10:41:30,0,0.0,87,0.33,D - Low Value,No
402,139,10253.07,73.76,176.55,2018-04-02 11:56:08,2018-06-30 19:40:57,3,2.158,90,1.54,B - High Value,Yes
403,307,18984.88,61.84,170.56,2018-04-01 08:15:12,2018-07-01 13:59:38,0,0.0,92,3.34,A - Premium,No
404,34,804.08,23.65,59.48,2018-04-01 10:15:13,2018-06-30 10:54:25,0,0.0,91,0.37,D - Low Value,No
405,220,11566.42,52.57,141.0,2018-04-01 08:43:05,2018-07-01 15:15:32,0,0.0,92,2.39,B - High Value,No
406,239,23349.03,97.69,254.91,2018-04-01 14:46:11,2018-07-01 23:37:25,2,0.837,92,2.6,A - Premium,Yes
407,270,10061.96,37.27,87.49,2018-04-01 07:19:22,2018-07-01 12:13:30,4,1.481,92,2.93,B - High Value,Yes
408,171,5156.14,30.15,60.75,2018-04-01 01:26:30,2018-07-01 20:12:42,1,0.585,92,1.86,C - Mid Value,Yes
409,302,21203.53,70.21,173.98,2018-04-01 07:58:56,2018-07-01 14:49:31,0,0.0,92,3.28,A - Premium,No
410,154,8977.44,58.3,131.14,2018-04-01 04:22:03,2018-07-01 07:25:32,1,0.649,92,1.67,B - High Value,Yes
411,34,3030.15,89.12,153.17,2018-04-01 07:01:13,2018-06-29 17:22:53,1,2.941,90,0.38,C - Mid Value,Yes
412,53,1443.83,27.24,51.6,2018-04-01 05:12:10,2018-07-01 11:15:10,2,3.774,92,0.58,D - Low Value,Yes
413,158,10526.76,66.63,161.45,2018-04-01 09:35:42,2018-07-01 16:02:44,2,1.266,92,1.72,B - High Value,Yes
414,311,24142.89,77.63,196.67,2018-04-02 06:55:29,2018-07-01 20:31:28,6,1.929,91,3.42,A - Premium,Yes
415,147,8852.06,60.22,156.53,2018-04-02 11:16:25,2018-07-01 10:02:20,1,0.68,90,1.63,B - High Value,Yes
416,267,11510.49,43.11,98.24,2018-04-01 10:12:17,2018-07-01 15:11:42,0,0.0,92,2.9,B - High Value,No
417,282,25086.42,88.96,185.52,2018-04-02 01:45:27,2018-07-01 17:36:54,0,0.0,91,3.1,A - Premium,No
418,312,30581.19,98.02,221.91,2018-04-01 02:57:37,2018-07-01 19:38:20,2,0.641,92,3.39,A - Premium,Yes
419,167,1572.42,9.42,20.17,2018-04-01 07:58:40,2018-07-01 17:15:30,0,0.0,92,1.82,D - Low Value,No
420,9,820.63,91.18,134.48,2018-05-03 19:22:50,2018-06-27 07:59:31,0,0.0,55,0.16,D - Low Value,No
421,269,6476.76,24.08,53.35,2018-04-01 08:47:32,2018-06-30 08:00:10,3,1.115,90,2.99,C - Mid Value,Yes
422,59,6509.84,110.34,233.67,2018-04-04 14:01:14,2018-07-01 15:37:03,1,1.695,89,0.66,C - Mid Value,Yes
423,266,5563.06,20.91,56.93,2018-04-01 02:20:28,2018-07-01 14:39:03,0,0.0,92,2.89,C - Mid Value,No
424,258,12158.5,47.13,110.69,2018-04-01 04:27:51,2018-07-01 14:54:55,4,1.55,92,2.8,B - High Value,Yes
425,10,917.09,91.71,163.04,2018-04-10 13:36:52,2018-06-29 07:15:18,0,0.0,80,0.12,D - Low Value,No
426,92,3934.98,42.77,84.39,2018-04-01 00:57:25,2018-07-01 09:53:38,0,0.0,92,1.0,C - Mid Value,No
427,103,3461.26,33.6,79.28,2018-04-01 06:55:58,2018-07-01 20:43:48,0,0.0,92,1.12,C - Mid Value,No
428,70,1266.51,18.09,37.7,2018-04-01 06:07:01,2018-06-27 12:13:25,0,0.0,88,0.8,D - Low Value,No
429,281,7393.66,26.31,62.68,2018-04-01 08:06:31,2018-07-01 12:01:06,4,1.423,92,3.05,B - High Value,Yes
430,95,1548.4,16.3,34.54,2018-04-02 05:03:34,2018-06-30 20:58:35,1,1.053,90,1.06,D - Low Value,Yes
431,59,1995.97,33.83,78.32,2018-04-01 14:10:37,2018-07-01 06:54:55,0,0.0,91,0.65,D - Low Value,No
432,123,2053.5,16.7,34.22,2018-04-01 10:15:59,2018-06-30 14:46:57,1,0.813,91,1.35,D - Low Value,Yes
433,25,1150.72,46.03,65.5,2018-04-11 09:59:05,2018-06-28 18:28:41,0,0.0,79,0.32,D - Low Value,No
434,24,2075.21,86.47,189.13,2018-04-04 15:01:31,2018-06-30 07:45:14,0,0.0,87,0.28,D - Low Value,No
435,276,7862.45,28.49,63.6,2018-04-01 11:39:02,2018-07-01 07:41:53,0,0.0,91,3.03,B - High Value,No
436,4,79.32,19.83,27.08,2018-04-13 05:16:23,2018-05-25 08:18:19,0,0.0,43,0.09,D - Low Value,No
437,124,8220.9,66.3,162.22,2018-04-01 05:37:16,2018-06-29 08:57:33,0,0.0,90,1.38,B - High Value,No
438,97,1996.19,20.58,43.34,2018-04-02 21:48:48,2018-07-01 18:01:05,1,1.031,90,1.08,D - Low Value,Yes
439,313,8036.61,25.68,56.64,2018-04-01 07:40:55,2018-07-01 08:48:38,0,0.0,92,3.4,B - High Value,No
440,260,5482.76,21.09,45.86,2018-04-01 04:00:55,2018-07-01 16:58:57,0,0.0,92,2.83,C - Mid Value,No
441,319,22481.79,70.48,177.88,2018-04-01 09:21:53,2018-07-01 23:22:20,4,1.254,92,3.47,A - Premium,Yes
442,187,11270.68,60.27,132.69,2018-04-01 16:14:38,2018-07-01 13:30:21,1,0.535,91,2.05,B - High Value,Yes
443,47,1054.87,22.44,45.24,2018-04-01 16:47:19,2018-06-29 19:15:34,0,0.0,90,0.52,D - Low Value,No
444,280,3626.85,12.95,33.11,2018-04-01 06:28:24,2018-07-01 17:55:32,1,0.357,92,3.04,C - Mid Value,Yes
445,24,2142.64,89.28,174.5,2018-04-06 16:09:54,2018-06-29 11:30:20,0,0.0,84,0.29,D - Low Value,No
446,78,3086.11,39.57,84.86,2018-04-01 16:21:37,2018-07-01 18:37:23,0,0.0,92,0.85,C - Mid Value,No
447,235,20546.95,87.43,194.24,2018-04-01 01:25:06,2018-07-01 14:20:03,2,0.851,92,2.55,A - Premium,Yes
448,323,25838.95,80.0,720.85,2018-04-01 10:28:45,2018-07-01 12:53:49,21,6.502,92,3.51,A - Premium,Yes
449,106,9381.48,88.5,176.57,2018-04-01 11:01:16,2018-06-29 07:05:46,0,0.0,89,1.19,B - High Value,No
450,100,9808.42,98.08,227.44,2018-04-01 07:59:16,2018-06-30 15:16:00,1,1.0,91,1.1,B - High Value,Yes
451,11,720.47,65.5,113.9,2018-04-10 19:51:33,2018-06-22 15:22:27,0,0.0,73,0.15,D - Low Value,No
452,191,13738.04,71.93,182.92,2018-04-01 05:39:05,2018-07-01 12:59:40,0,0.0,92,2.08,B - High Value,No
453,204,16991.09,83.29,166.19,2018-04-01 10:59:08,2018-07-01 11:03:03,0,0.0,92,2.22,A - Premium,No
454,356,23463.69,65.91,156.42,2018-04-01 03:41:32,2018-07-01 15:35:45,0,0.0,92,3.87,A - Premium,No
455,277,5396.84,19.48,47.02,2018-04-01 11:15:45,2018-07-01 12:54:02,2,0.722,92,3.01,C - Mid Value,Yes
456,183,16688.95,91.2,174.85,2018-04-01 15:26:11,2018-07-01 17:41:00,0,0.0,92,1.99,A - Premium,No
457,190,6690.38,35.21,78.57,2018-04-01 12:47:47,2018-07-01 18:07:43,4,2.105,92,2.07,C - Mid Value,Yes
458,139,11506.57,82.78,174.37,2018-04-01 02:55:03,2018-07-01 06:57:45,0,0.0,92,1.51,B - High Value,No
459,73,6469.27,88.62,215.42,2018-04-02 13:09:49,2018-07-01 18:39:42,1,1.37,91,0.8,C - Mid Value,Yes
460,79,1733.41,21.94,51.57,2018-04-01 06:58:51,2018-06-30 15:49:02,0,0.0,91,0.87,D - Low Value,No
461,223,11838.76,53.09,119.46,2018-04-01 03:25:24,2018-07-01 22:37:49,1,0.448,92,2.42,B - High Value,Yes
462,123,1965.65,15.98,35.34,2018-04-01 05:25:26,2018-06-30 17:31:16,4,3.252,91,1.35,D - Low Value,Yes
463,76,7398.82,97.35,211.78,2018-04-01 11:25:03,2018-07-01 15:24:34,0,0.0,92,0.83,B - High Value,No
464,42,4013.12,95.55,189.98,2018-04-01 07:57:11,2018-07-01 14:39:39,0,0.0,92,0.46,C - Mid Value,No
465,177,8822.56,49.84,121.14,2018-04-01 07:26:57,2018-07-01 21:09:53,0,0.0,92,1.92,B - High Value,No
466,319,15485.76,48.54,130.34,2018-04-01 10:29:48,2018-07-01 13:55:21,3,0.94,92,3.47,A - Premium,Yes
467,222,19776.24,89.08,200.53,2018-04-01 06:03:34,2018-06-30 09:05:20,1,0.45,91,2.44,A - Premium,Yes
468,177,7771.91,43.91,98.65,2018-04-02 05:07:11,2018-07-01 14:33:28,6,3.39,91,1.95,B - High Value,Yes
469,87,5582.77,64.17,135.12,2018-04-04 16:46:59,2018-07-01 18:12:04,1,1.149,89,0.98,C - Mid Value,Yes
470,25,576.43,23.06,70.35,2018-04-11 09:12:18,2018-06-28 15:05:57,3,12.0,79,0.32,D - Low Value,Yes
471,292,5443.39,18.64,48.26,2018-04-01 04:10:20,2018-07-01 12:25:59,0,0.0,92,3.17,C - Mid Value,No
472,202,17124.78,84.78,219.2,2018-04-01 06:31:20,2018-06-29 17:22:18,2,0.99,90,2.24,A - Premium,Yes
473,206,3383.18,16.42,41.77,2018-04-02 11:38:31,2018-07-01 20:00:37,1,0.485,91,2.26,C - Mid Value,Yes
474,256,1991.91,7.78,17.48,2018-04-01 01:55:28,2018-07-01 15:31:51,0,0.0,92,2.78,D - Low Value,No
475,176,9547.68,54.25,116.71,2018-04-02 14:07:28,2018-07-01 15:15:07,1,0.568,91,1.93,B - High Value,Yes
476,226,21967.89,97.2,246.24,2018-04-01 04:17:19,2018-07-01 23:23:03,4,1.77,92,2.46,A - Premium,Yes
477,169,2035.98,12.05,24.67,2018-04-01 05:37:44,2018-07-01 13:16:56,0,0.0,92,1.84,D - Low Value,No
478,112,4134.14,36.91,82.91,2018-04-01 08:40:46,2018-07-01 17:03:35,0,0.0,92,1.22,C - Mid Value,No
479,43,1369.4,31.85,70.49,2018-04-02 00:56:13,2018-06-26 04:07:18,0,0.0,86,0.5,D - Low Value,No
480,5,116.88,23.38,37.87,2018-04-07 11:54:53,2018-05-21 07:59:43,0,0.0,44,0.11,D - Low Value,No
481,316,4292.73,13.58,30.49,2018-04-02 04:59:13,2018-07-01 23:04:30,3,0.949,91,3.47,C - Mid Value,Yes
482,39,392.46,10.06,25.35,2018-04-01 10:59:11,2018-06-25 13:04:57,0,0.0,86,0.45,D - Low Value,No
483,285,5545.21,19.46,47.95,2018-04-01 07:30:37,2018-07-01 20:34:52,0,0.0,92,3.1,C - Mid Value,No
484,27,1305.52,48.35,85.99,2018-04-04 22:47:27,2018-06-29 15:24:44,0,0.0,86,0.31,D - Low Value,No
485,280,5925.2,21.16,52.2,2018-04-01 12:10:56,2018-07-01 16:46:24,0,0.0,92,3.04,C - Mid Value,No
486,3,15.25,5.08,7.14,2018-05-15 11:08:28,2018-06-24 06:35:28,0,0.0,40,0.08,D - Low Value,No
487,245,16318.94,66.61,166.41,2018-04-01 13:14:30,2018-07-01 16:05:58,1,0.408,92,2.66,A - Premium,Yes
488,327,5700.22,17.43,43.25,2018-04-01 05:35:24,2018-07-01 21:40:39,0,0.0,92,3.55,C - Mid Value,No
489,84,2872.69,34.2,69.03,2018-04-01 11:43:49,2018-06-30 16:43:18,1,1.19,91,0.92,C - Mid Value,Yes
490,48,3717.41,77.45,176.52,2018-04-01 12:08:19,2018-06-30 18:02:42,0,0.0,91,0.53,C - Mid Value,No
491,57,1116.31,19.58,42.9,2018-04-02 11:44:32,2018-06-27 07:21:57,0,0.0,86,0.66,D - Low Value,No
492,32,2701.06,84.41,185.41,2018-04-15 16:36:39,2018-06-29 16:27:01,1,3.125,75,0.43,D - Low Value,Yes
493,183,1000.78,5.47,13.68,2018-04-01 05:22:31,2018-06-30 14:00:20,0,0.0,91,2.01,D - Low Value,No
494,73,4974.54,68.14,149.6,2018-04-03 12:29:01,2018-07-01 12:54:55,3,4.11,90,0.81,C - Mid Value,Yes
495,238,8795.19,36.95,82.71,2018-04-01 04:00:50,2018-07-01 15:10:38,2,0.84,92,2.59,B - High Value,Yes
496,153,6585.86,43.04,101.72,2018-04-02 12:39:02,2018-07-01 21:45:34,0,0.0,91,1.68,C - Mid Value,No
497,328,6938.22,21.15,49.28,2018-04-01 02:28:17,2018-07-01 20:29:17,3,0.915,92,3.57,C - Mid Value,Yes
498,266,12521.29,47.07,107.75,2018-04-01 21:41:29,2018-07-01 19:24:33,3,1.128,91,2.92,B - High Value,Yes
499,191,12583.94,65.88,174.6,2018-04-01 08:04:30,2018-06-28 14:29:57,0,0.0,89,2.15,B - High Value,No
500,88,5150.94,58.53,107.25,2018-04-01 15:47:36,2018-07-01 09:04:16,0,0.0,91,0.97,C - Mid Value,No
501,68,4013.55,59.02,121.04,2018-04-02 08:49:21,2018-06-29 08:43:43,0,0.0,88,0.77,C - Mid Value,No
502,95,4211.96,44.34,99.41,2018-04-02 10:17:10,2018-06-29 20:54:51,0,0.0,89,1.07,C - Mid Value,No
503,109,877.46,8.05,19.39,2018-04-02 15:27:04,2018-07-01 16:17:43,1,0.917,91,1.2,D - Low Value,Yes
504,336,17806.75,53.0,115.67,2018-04-01 19:18:15,2018-07-01 19:55:41,0,0.0,92,3.65,A - Premium,No
505,214,8520.74,39.82,85.65,2018-04-01 09:16:42,2018-07-01 12:01:57,1,0.467,92,2.33,B - High Value,Yes
506,29,1097.85,37.86,63.11,2018-04-01 09:36:13,2018-06-29 18:52:23,0,0.0,90,0.32,D - Low Value,No
507,364,21952.46,60.31,128.19,2018-04-02 03:27:02,2018-07-01 22:24:34,3,0.824,91,4.0,A - Premium,Yes
508,292,24158.87,82.74,193.12,2018-04-01 00:25:24,2018-07-01 12:46:56,2,0.685,92,3.17,A - Premium,Yes
509,160,17010.29,106.31,239.78,2018-04-01 07:07:44,2018-07-01 08:14:49,3,1.875,92,1.74,A - Premium,Yes
510,251,12076.15,48.11,122.1,2018-04-01 12:21:39,2018-07-01 14:24:33,0,0.0,92,2.73,B - High Value,No
511,96,6433.9,67.02,153.65,2018-04-02 15:22:14,2018-07-01 13:40:13,0,0.0,90,1.07,C - Mid Value,No
512,21,2638.16,125.63,221.26,2018-04-12 14:58:55,2018-06-26 09:23:18,1,4.762,75,0.28,D - Low Value,Yes
514,51,3037.95,59.57,119.14,2018-04-02 13:18:12,2018-06-26 06:37:07,0,0.0,85,0.6,C - Mid Value,No
515,244,14546.99,59.62,144.37,2018-04-01 05:34:35,2018-07-01 13:15:48,0,0.0,92,2.65,A - Premium,No
516,57,2317.44,40.66,91.46,2018-04-01 12:51:14,2018-07-01 09:56:08,0,0.0,91,0.63,D - Low Value,No
517,190,8494.21,44.71,115.65,2018-04-01 02:56:14,2018-07-01 17:11:58,2,1.053,92,2.07,B - High Value,Yes
518,91,695.17,7.64,14.01,2018-04-03 11:02:45,2018-07-01 11:27:48,0,0.0,90,1.01,D - Low Value,No
519,297,23076.51,77.7,173.0,2018-04-01 08:37:03,2018-07-01 18:06:26,4,1.347,92,3.23,A - Premium,Yes
520,208,18404.69,88.48,200.65,2018-04-01 11:48:21,2018-07-01 23:48:10,0,0.0,92,2.26,A - Premium,No
521,112,11210.56,100.09,244.92,2018-04-01 10:55:04,2018-07-01 16:30:59,4,3.571,92,1.22,B - High Value,Yes
522,71,3135.55,44.16,95.71,2018-04-03 14:08:21,2018-06-30 16:09:01,1,1.408,89,0.8,C - Mid Value,Yes
523,75,2618.89,34.92,69.37,2018-04-03 15:18:28,2018-07-01 15:28:54,2,2.667,90,0.83,D - Low Value,Yes
524,299,18286.79,61.16,459.3,2018-04-01 01:38:24,2018-07-01 11:51:17,17,5.686,92,3.25,A - Premium,Yes
525,215,13482.17,62.71,171.55,2018-04-01 09:28:28,2018-07-01 14:38:33,1,0.465,92,2.34,B - High Value,Yes
526,342,26238.56,76.72,193.33,2018-04-01 07:45:53,2018-07-01 18:37:47,1,0.292,92,3.72,A - Premium,Yes
527,61,517.1,8.48,21.23,2018-04-01 14:58:07,2018-07-01 20:29:31,0,0.0,92,0.66,D - Low Value,No
528,188,15564.94,82.79,185.82,2018-04-01 02:58:09,2018-07-01 10:25:05,0,0.0,92,2.04,A - Premium,No
529,127,4837.09,38.09,242.35,2018-04-02 09:43:59,2018-07-01 18:13:28,9,7.087,91,1.4,C - Mid Value,Yes
530,179,1423.03,7.95,18.23,2018-04-01 13:13:26,2018-06-30 20:34:54,4,2.235,91,1.97,D - Low Value,Yes
531,367,13340.75,36.35,93.51,2018-04-01 02:00:26,2018-06-30 20:27:08,5,1.362,91,4.03,B - High Value,Yes
532,300,4411.43,14.7,39.11,2018-04-01 03:50:28,2018-07-01 21:44:27,2,0.667,92,3.26,C - Mid Value,Yes
533,43,1269.66,29.53,58.27,2018-04-01 18:50:33,2018-07-01 14:01:59,1,2.326,91,0.47,D - Low Value,Yes
534,124,2899.18,23.38,56.72,2018-04-03 15:12:03,2018-07-01 13:49:08,0,0.0,89,1.39,C - Mid Value,No
535,172,1606.61,9.34,20.32,2018-04-01 01:11:32,2018-07-01 09:09:31,1,0.581,92,1.87,D - Low Value,Yes
536,70,4227.16,60.39,132.01,2018-04-02 10:51:48,2018-06-25 08:50:04,0,0.0,84,0.83,C - Mid Value,No
537,350,26679.51,76.23,218.32,2018-04-01 10:08:38,2018-07-01 10:52:17,4,1.143,92,3.8,A - Premium,Yes
538,10,50.31,5.03,9.54,2018-04-04 01:51:27,2018-06-20 14:19:27,0,0.0,78,0.13,D - Low Value,No
539,87,2660.6,30.58,76.12,2018-04-02 01:37:56,2018-07-01 19:23:42,0,0.0,91,0.96,D - Low Value,No
540,272,16866.44,62.01,147.41,2018-04-01 03:09:12,2018-07-01 17:00:39,1,0.368,92,2.96,A - Premium,Yes
541,151,6642.07,43.99,94.25,2018-04-01 00:13:44,2018-07-01 21:58:14,1,0.662,92,1.64,C - Mid Value,Yes
542,192,2363.19,12.31,26.64,2018-04-02 00:31:54,2018-07-01 13:26:42,1,0.521,91,2.11,D - Low Value,Yes
543,208,1345.0,6.47,15.12,2018-04-01 11:53:31,2018-07-01 16:16:16,1,0.481,92,2.26,D - Low Value,Yes
544,314,31821.17,101.34,230.91,2018-04-01 07:09:39,2018-07-01 21:58:01,1,0.318,92,3.41,A - Premium,Yes
545,108,6970.82,64.54,142.9,2018-04-02 10:28:11,2018-07-01 03:32:53,0,0.0,90,1.2,C - Mid Value,No
546,53,3124.85,58.96,109.08,2018-04-02 17:50:54,2018-06-29 16:45:29,2,3.774,88,0.6,C - Mid Value,Yes
547,204,19609.84,96.13,236.5,2018-04-01 07:06:56,2018-07-01 17:07:25,2,0.98,92,2.22,A - Premium,Yes
548,192,13762.21,71.68,145.17,2018-04-01 11:32:37,2018-07-01 15:25:14,0,0.0,92,2.09,B - High Value,No
549,33,238.25,7.22,13.11,2018-04-03 14:34:46,2018-06-29 10:27:42,0,0.0,87,0.38,D - Low Value,No
550,237,8899.0,37.55,90.31,2018-04-01 13:53:41,2018-07-01 06:25:37,5,2.11,91,2.6,B - High Value,Yes
551,227,13672.65,60.23,150.61,2018-04-01 20:21:37,2018-07-01 18:25:03,2,0.881,91,2.49,B - High Value,Yes
552,18,1346.16,74.79,157.12,2018-04-04 18:30:36,2018-06-17 14:19:50,0,0.0,74,0.24,D - Low Value,No
553,18,1406.55,78.14,147.49,2018-04-01 18:01:29,2018-06-20 17:17:45,0,0.0,80,0.22,D - Low Value,No
554,284,9319.1,32.81,70.84,2018-04-01 09:24:15,2018-07-01 08:18:27,0,0.0,91,3.12,B - High Value,No
555,340,2076.64,6.11,16.08,2018-04-01 03:16:25,2018-07-01 23:27:24,4,1.176,92,3.7,D - Low Value,Yes
556,196,1718.91,8.77,22.08,2018-04-01 09:52:36,2018-07-01 19:38:45,1,0.51,92,2.13,D - Low Value,Yes
557,130,11189.49,86.07,557.35,2018-04-01 06:45:19,2018-07-01 14:25:04,9,6.923,92,1.41,B - High Value,Yes
558,43,2273.03,52.86,112.91,2018-04-03 09:22:06,2018-07-01 09:12:05,0,0.0,89,0.48,D - Low Value,No
559,200,3291.36,16.46,37.1,2018-04-01 06:15:21,2018-07-01 16:09:16,3,1.5,92,2.17,C - Mid Value,Yes
560,2,20.41,10.2,11.97,2018-04-12 06:02:39,2018-04-29 02:29:24,0,0.0,17,0.12,D - Low Value,No
561,335,27723.14,82.76,188.27,2018-04-01 12:00:57,2018-07-01 22:12:24,0,0.0,92,3.64,A - Premium,No
562,251,25671.24,102.28,239.67,2018-04-02 07:17:21,2018-07-01 07:49:04,1,0.398,91,2.76,A - Premium,Yes
563,347,12873.46,37.1,88.23,2018-04-01 02:54:36,2018-07-01 15:06:12,0,0.0,92,3.77,B - High Value,No
564,122,8932.8,73.22,170.88,2018-04-01 13:44:01,2018-07-01 17:13:24,1,0.82,92,1.33,B - High Value,Yes
565,183,14164.71,77.4,156.58,2018-04-01 10:04:46,2018-07-01 11:42:00,0,0.0,92,1.99,B - High Value,No
566,316,13215.44,41.82,114.75,2018-04-01 15:03:34,2018-07-01 18:45:09,3,0.949,92,3.43,B - High Value,Yes
567,196,7194.01,36.7,88.43,2018-04-01 14:05:21,2018-07-01 22:28:54,0,0.0,92,2.13,B - High Value,No
568,205,6479.87,31.61,66.57,2018-04-01 00:10:45,2018-07-01 14:08:28,1,0.488,92,2.23,C - Mid Value,Yes
569,294,24989.91,85.0,201.29,2018-04-01 01:54:50,2018-06-30 14:49:28,0,0.0,91,3.23,A - Premium,No
570,219,18890.69,86.26,189.65,2018-04-01 11:29:04,2018-07-01 21:48:45,0,0.0,92,2.38,A - Premium,No
571,322,20979.45,65.15,143.8,2018-04-01 06:08:23,2018-07-01 16:35:24,1,0.311,92,3.5,A - Premium,Yes
572,6,378.04,63.01,99.51,2018-04-11 09:42:40,2018-06-29 09:22:17,0,0.0,79,0.08,D - Low Value,No
573,350,19316.55,55.19,132.09,2018-04-01 06:18:53,2018-07-01 06:31:46,3,0.857,92,3.8,A - Premium,Yes
574,185,16277.35,87.99,190.02,2018-04-01 02:26:38,2018-07-01 16:22:11,0,0.0,92,2.01,A - Premium,No
575,154,10983.39,71.32,154.47,2018-04-01 20:58:42,2018-07-01 15:55:36,0,0.0,91,1.69,B - High Value,No
576,156,14725.26,94.39,173.75,2018-04-01 03:04:19,2018-07-01 16:03:54,0,0.0,92,1.7,A - Premium,No
577,260,17178.49,66.07,143.16,2018-04-01 08:31:27,2018-07-01 11:07:17,2,0.769,92,2.83,A - Premium,Yes
578,91,9511.78,104.53,252.7,2018-04-01 07:56:06,2018-07-01 21:09:51,1,1.099,92,0.99,B - High Value,Yes
579,87,4407.13,50.66,102.86,2018-04-01 05:52:15,2018-07-01 22:19:15,0,0.0,92,0.95,C - Mid Value,No
580,276,29168.91,105.68,265.22,2018-04-01 13:17:03,2018-07-01 15:08:55,3,1.087,92,3.0,A - Premium,Yes
581,182,5890.78,32.37,64.55,2018-04-02 01:41:12,2018-06-30 16:50:26,0,0.0,90,2.02,C - Mid Value,No
582,89,4647.49,52.22,122.04,2018-04-01 12:19:37,2018-06-30 17:01:38,0,0.0,91,0.98,C - Mid Value,No
583,173,17651.62,102.03,252.49,2018-04-01 15:47:37,2018-06-30 19:38:33,1,0.578,91,1.9,A - Premium,Yes
584,307,12697.55,41.36,103.28,2018-04-01 08:25:41,2018-07-01 13:15:12,0,0.0,92,3.34,B - High Value,No
585,217,15388.3,70.91,514.55,2018-04-01 09:17:45,2018-07-01 14:06:04,5,2.304,92,2.36,A - Premium,Yes
586,98,1895.6,19.34,36.72,2018-04-02 04:53:24,2018-07-01 19:05:13,2,2.041,91,1.08,D - Low Value,Yes
587,86,1123.44,13.06,82.0,2018-04-01 23:38:12,2018-07-01 19:37:38,2,2.326,91,0.95,D - Low Value,Yes
588,103,10131.65,98.37,184.7,2018-04-02 00:09:34,2018-06-27 15:02:52,0,0.0,87,1.18,B - High Value,No
589,88,4752.49,54.01,103.24,2018-04-03 07:52:27,2018-07-01 13:36:01,0,0.0,90,0.98,C - Mid Value,No
590,140,4382.52,31.3,63.95,2018-04-01 14:42:50,2018-07-01 17:51:50,0,0.0,92,1.52,C - Mid Value,No
591,76,8006.07,105.34,200.39,2018-04-01 20:00:38,2018-07-01 05:24:22,2,2.632,91,0.84,B - High Value,Yes
592,44,1598.9,36.34,70.71,2018-04-06 10:51:59,2018-07-01 13:21:32,0,0.0,87,0.51,D - Low Value,No
593,151,5287.39,35.02,79.08,2018-04-02 08:26:11,2018-07-01 17:31:33,1,0.662,91,1.66,C - Mid Value,Yes
594,286,15147.48,52.96,142.37,2018-04-01 09:48:50,2018-07-01 06:45:42,1,0.35,91,3.14,A - Premium,Yes
595,103,1866.62,18.12,37.69,2018-04-01 17:39:53,2018-07-01 14:10:37,0,0.0,91,1.13,D - Low Value,No
596,369,15952.65,43.23,91.95,2018-04-01 00:00:31,2018-07-01 13:03:43,2,0.542,92,4.01,A - Premium,Yes
597,303,26684.74,88.07,210.29,2018-04-01 04:33:57,2018-06-30 18:19:36,0,0.0,91,3.33,A - Premium,No
598,62,3567.38,57.54,127.66,2018-04-01 09:15:40,2018-06-30 07:18:12,2,3.226,90,0.69,C - Mid Value,Yes
599,194,14522.5,74.86,197.09,2018-04-01 06:23:24,2018-07-01 16:14:16,2,1.031,92,2.11,A - Premium,Yes
600,190,1792.02,9.43,60.3,2018-04-02 04:56:07,2018-07-01 18:44:01,13,6.842,91,2.09,D - Low Value,Yes
601,197,1392.23,7.07,19.54,2018-04-01 11:32:55,2018-07-01 23:57:35,0,0.0,92,2.14,D - Low Value,No
602,260,17650.73,67.89,561.8,2018-04-01 17:52:48,2018-07-01 18:29:38,15,5.769,92,2.83,A - Premium,Yes
603,14,533.79,38.13,65.94,2018-04-04 11:51:16,2018-07-01 08:07:04,0,0.0,88,0.16,D - Low Value,No
604,115,4110.25,35.74,243.2,2018-04-01 05:54:27,2018-07-01 20:03:31,9,7.826,92,1.25,C - Mid Value,Yes
605,336,13612.87,40.51,100.6,2018-04-01 04:46:53,2018-07-01 15:28:14,8,2.381,92,3.65,B - High Value,Yes
606,178,2063.47,11.59,22.75,2018-04-01 16:18:55,2018-07-01 06:53:40,0,0.0,91,1.96,D - Low Value,No
607,11,894.78,81.34,194.6,2018-04-01 10:29:43,2018-06-27 09:42:07,0,0.0,87,0.13,D - Low Value,No
608,332,13228.04,39.84,89.95,2018-04-01 06:17:47,2018-06-30 23:26:13,0,0.0,91,3.65,B - High Value,No
609,224,3361.45,15.01,32.31,2018-04-01 11:43:15,2018-07-01 19:42:24,0,0.0,92,2.43,C - Mid Value,No
610,284,20991.12,73.91,161.57,2018-04-01 18:06:15,2018-07-01 13:18:29,0,0.0,91,3.12,A - Premium,No
611,192,14285.66,74.4,164.61,2018-04-01 16:30:39,2018-07-01 15:38:54,0,0.0,91,2.11,A - Premium,No
612,152,9850.0,64.8,141.19,2018-04-02 10:45:02,2018-07-01 18:04:23,0,0.0,91,1.67,B - High Value,No
613,133,12007.29,90.28,558.0,2018-04-01 11:55:14,2018-07-01 04:05:45,16,12.03,91,1.46,B - High Value,Yes
614,250,3237.21,12.95,29.74,2018-04-01 15:21:57,2018-07-01 22:06:27,1,0.4,92,2.72,C - Mid Value,Yes
615,311,2493.35,8.02,19.38,2018-04-01 13:09:10,2018-07-01 17:31:26,3,0.965,92,3.38,D - Low Value,Yes
616,118,739.23,6.26,14.16,2018-04-01 00:28:07,2018-07-01 17:11:12,1,0.847,92,1.28,D - Low Value,Yes
617,148,2955.2,19.97,44.79,2018-04-01 10:24:05,2018-07-01 10:33:38,1,0.676,92,1.61,C - Mid Value,Yes
618,216,1665.14,7.71,19.1,2018-04-02 05:55:12,2018-07-01 14:52:08,0,0.0,91,2.37,D - Low Value,No
619,186,8493.36,45.66,100.8,2018-04-01 16:27:01,2018-07-01 12:49:34,0,0.0,91,2.04,B - High Value,No
620,327,18422.44,56.34,141.76,2018-04-01 06:24:12,2018-07-01 21:06:45,0,0.0,92,3.55,A - Premium,No
621,295,22963.54,77.84,169.1,2018-04-01 08:34:42,2018-07-01 16:59:28,5,1.695,92,3.21,A - Premium,Yes
622,12,854.27,71.19,122.91,2018-04-02 12:34:26,2018-06-25 13:50:12,1,8.333,85,0.14,D - Low Value,Yes
623,149,10429.64,70.0,168.16,2018-04-01 13:13:29,2018-07-01 13:35:29,2,1.342,92,1.62,B - High Value,Yes
624,213,4910.93,23.06,50.7,2018-04-01 08:15:55,2018-07-01 14:37:51,0,0.0,92,2.32,C - Mid Value,No
625,202,15797.78,78.21,184.93,2018-04-01 05:22:46,2018-07-01 06:04:46,1,0.495,92,2.2,A - Premium,Yes
626,106,2227.53,21.01,43.08,2018-04-02 13:46:25,2018-07-01 13:46:33,2,1.887,91,1.16,D - Low Value,Yes
627,216,16280.6,75.37,172.34,2018-04-01 11:44:57,2018-07-01 15:37:07,0,0.0,92,2.35,A - Premium,No
628,198,19174.65,96.84,215.79,2018-04-02 15:09:32,2018-07-01 13:20:50,2,1.01,90,2.2,A - Premium,Yes
629,98,3063.29,31.26,67.67,2018-04-01 09:41:23,2018-07-01 19:09:22,0,0.0,92,1.07,C - Mid Value,No
630,302,28787.76,95.32,203.89,2018-04-01 05:09:52,2018-07-01 16:17:21,1,0.331,92,3.28,A - Premium,Yes
631,73,6982.61,95.65,202.64,2018-04-03 19:29:34,2018-06-26 10:22:58,1,1.37,84,0.87,C - Mid Value,Yes
632,221,5484.75,24.82,56.75,2018-04-01 02:36:40,2018-07-01 23:26:13,1,0.452,92,2.4,C - Mid Value,Yes
633,338,30892.63,91.4,198.16,2018-04-01 09:41:50,2018-07-01 23:02:30,0,0.0,92,3.67,A - Premium,No
634,40,3022.94,75.57,154.87,2018-04-01 05:57:52,2018-07-01 14:21:56,0,0.0,92,0.43,C - Mid Value,No
635,341,7617.94,22.34,49.63,2018-04-01 03:53:02,2018-07-01 14:06:55,0,0.0,92,3.71,B - High Value,No
636,173,14800.43,85.55,197.49,2018-04-01 13:45:04,2018-07-01 08:13:39,0,0.0,91,1.9,A - Premium,No
637,350,14201.14,40.57,106.99,2018-04-01 07:49:39,2018-07-01 09:48:22,2,0.571,92,3.8,B - High Value,Yes
638,272,10825.39,39.8,92.7,2018-04-01 05:46:46,2018-07-01 14:49:19,0,0.0,92,2.96,B - High Value,No
639,3,172.83,57.61,72.12,2018-04-19 04:50:04,2018-06-27 18:25:10,0,0.0,70,0.04,D - Low Value,No
640,99,3048.24,30.79,63.74,2018-04-01 05:52:44,2018-06-30 15:32:00,0,0.0,91,1.09,C - Mid Value,No
641,146,2049.85,14.04,29.86,2018-04-02 09:00:41,2018-07-01 20:17:56,0,0.0,91,1.6,D - Low Value,No
642,349,17006.41,48.73,106.09,2018-04-01 08:20:42,2018-07-01 20:07:45,0,0.0,92,3.79,A - Premium,No
643,27,3185.91,118.0,722.45,2018-04-03 15:33:28,2018-07-01 03:28:50,2,7.407,89,0.3,C - Mid Value,Yes
644,228,9473.53,41.55,87.69,2018-04-01 16:25:13,2018-07-01 10:25:50,2,0.877,91,2.51,B - High Value,Yes
645,290,21529.05,74.24,157.21,2018-04-01 15:11:16,2018-07-01 15:47:37,0,0.0,92,3.15,A - Premium,No
646,129,5494.34,42.59,382.7,2018-04-01 06:52:28,2018-07-01 21:07:14,5,3.876,92,1.4,C - Mid Value,Yes
647,185,2662.24,14.39,31.52,2018-04-01 11:46:57,2018-07-01 07:31:31,2,1.081,91,2.03,D - Low Value,Yes
648,156,1708.72,10.95,24.51,2018-04-01 11:23:13,2018-07-01 23:32:41,0,0.0,92,1.7,D - Low Value,No
649,259,21936.83,84.7,175.81,2018-04-01 14:24:58,2018-07-01 19:06:23,0,0.0,92,2.82,A - Premium,No
650,283,24488.57,86.53,226.53,2018-04-01 04:57:54,2018-07-01 09:58:16,1,0.353,92,3.08,A - Premium,Yes
651,305,22490.29,73.74,172.02,2018-04-01 08:38:28,2018-07-01 21:35:06,0,0.0,92,3.32,A - Premium,No
652,256,25554.79,99.82,227.07,2018-04-01 08:56:10,2018-07-01 18:29:01,3,1.172,92,2.78,A - Premium,Yes
653,147,12408.24,84.41,202.71,2018-04-01 13:23:06,2018-07-01 16:13:53,0,0.0,92,1.6,B - High Value,No
654,160,15252.16,95.33,203.79,2018-04-01 14:52:24,2018-07-01 13:50:56,0,0.0,91,1.76,A - Premium,No
655,295,29118.15,98.71,227.16,2018-04-01 01:20:57,2018-07-01 16:03:31,5,1.695,92,3.21,A - Premium,Yes
656,172,13830.21,80.41,175.1,2018-04-01 05:19:13,2018-06-30 14:55:03,2,1.163,91,1.89,B - High Value,Yes
657,17,1334.21,78.48,194.33,2018-04-12 15:51:36,2018-06-26 09:12:35,0,0.0,75,0.23,D - Low Value,No
658,307,25023.18,81.51,596.75,2018-04-01 04:25:58,2018-07-01 14:22:22,20,6.515,92,3.34,A - Premium,Yes
659,37,1727.21,46.68,83.5,2018-04-02 12:12:34,2018-06-30 16:19:22,0,0.0,90,0.41,D - Low Value,No
660,150,12728.69,84.86,190.27,2018-04-01 14:21:53,2018-07-01 11:16:28,0,0.0,91,1.65,B - High Value,No
661,109,6494.78,59.59,128.73,2018-04-01 14:10:30,2018-07-01 14:17:55,0,0.0,92,1.18,C - Mid Value,No
662,244,24612.69,100.87,258.12,2018-04-02 06:03:07,2018-07-01 15:38:06,3,1.23,91,2.68,A - Premium,Yes
663,75,7446.34,99.28,209.77,2018-04-03 11:04:55,2018-07-01 22:14:59,1,1.333,90,0.83,B - High Value,Yes
664,235,21587.43,91.86,224.67,2018-04-01 10:11:02,2018-07-01 21:44:30,2,0.851,92,2.55,A - Premium,Yes
665,244,8258.73,33.85,83.66,2018-04-01 09:36:08,2018-07-01 18:01:02,0,0.0,92,2.65,B - High Value,No
666,144,9316.61,64.7,130.14,2018-04-01 08:49:25,2018-07-01 03:23:03,1,0.694,91,1.58,B - High Value,Yes
667,247,13396.45,54.24,127.82,2018-04-01 08:03:59,2018-07-01 20:28:52,3,1.215,92,2.68,B - High Value,Yes
668,290,24133.41,83.22,197.11,2018-04-01 08:47:21,2018-07-01 18:26:57,0,0.0,92,3.15,A - Premium,No
669,231,14600.78,63.21,202.55,2018-04-01 07:00:13,2018-07-01 18:47:39,1,0.433,92,2.51,A - Premium,Yes
670,97,3230.82,33.31,71.81,2018-04-05 09:53:01,2018-07-01 09:35:13,0,0.0,87,1.11,C - Mid Value,No
671,215,5421.44,25.22,61.73,2018-04-01 02:25:21,2018-07-01 16:44:03,0,0.0,92,2.34,C - Mid Value,No
672,195,10256.56,52.6,435.2,2018-04-01 07:05:10,2018-07-01 10:01:03,2,1.026,92,2.12,B - High Value,Yes
673,170,962.96,5.66,12.61,2018-04-01 12:12:11,2018-07-01 03:03:20,0,0.0,91,1.87,D - Low Value,No
674,25,1924.53,76.98,139.49,2018-04-10 18:41:25,2018-06-28 13:29:04,0,0.0,79,0.32,D - Low Value,No
675,195,15128.02,77.58,172.5,2018-04-01 10:26:31,2018-07-01 10:50:32,0,0.0,92,2.12,A - Premium,No
676,251,4807.74,19.15,44.12,2018-04-01 07:08:50,2018-07-01 09:05:28,0,0.0,92,2.73,C - Mid Value,No
677,319,18023.65,56.5,164.55,2018-04-01 16:19:25,2018-07-01 20:23:15,4,1.254,92,3.47,A - Premium,Yes
678,92,1934.34,21.03,45.02,2018-04-01 13:37:56,2018-07-01 17:20:33,2,2.174,92,1.0,D - Low Value,Yes
679,185,5414.55,29.27,70.25,2018-04-01 04:37:31,2018-07-01 15:52:59,2,1.081,92,2.01,C - Mid Value,Yes
680,187,15177.62,81.16,230.81,2018-04-01 06:19:55,2018-07-01 19:42:14,2,1.07,92,2.03,A - Premium,Yes
681,324,17985.21,55.51,139.08,2018-04-01 04:42:49,2018-07-01 17:03:45,3,0.926,92,3.52,A - Premium,Yes
682,59,3920.82,66.45,130.06,2018-04-05 11:22:24,2018-07-01 07:32:05,0,0.0,87,0.68,C - Mid Value,No
683,161,15413.81,95.74,241.07,2018-04-01 12:24:10,2018-07-01 05:08:34,5,3.106,91,1.77,A - Premium,Yes
684,260,12326.05,47.41,136.1,2018-04-01 03:18:32,2018-07-01 13:05:30,0,0.0,92,2.83,B - High Value,No
685,211,18791.06,89.06,220.62,2018-04-01 13:53:39,2018-06-30 11:58:21,3,1.422,90,2.34,A - Premium,Yes
686,90,8170.46,90.78,192.63,2018-04-01 13:07:32,2018-07-01 18:52:26,0,0.0,92,0.98,B - High Value,No
687,37,1504.7,40.67,80.23,2018-04-05 08:49:36,2018-06-30 14:24:13,0,0.0,87,0.43,D - Low Value,No
688,53,5355.86,101.05,178.77,2018-04-01 09:52:29,2018-07-01 18:03:38,0,0.0,92,0.58,C - Mid Value,No
689,178,16593.35,93.22,217.7,2018-04-01 07:37:11,2018-06-30 13:34:17,0,0.0,91,1.96,A - Premium,No
690,72,4728.04,65.67,126.1,2018-04-01 05:33:16,2018-06-28 13:46:10,0,0.0,89,0.81,C - Mid Value,No
691,165,5017.59,30.41,61.56,2018-04-02 02:38:11,2018-07-01 16:11:37,2,1.212,91,1.81,C - Mid Value,Yes
692,41,3940.23,96.1,164.69,2018-04-03 12:08:53,2018-06-30 17:27:55,0,0.0,89,0.46,C - Mid Value,No
693,73,2364.74,32.39,66.12,2018-04-01 13:19:23,2018-06-30 17:23:31,0,0.0,91,0.8,D - Low Value,No
694,200,3045.35,15.23,36.0,2018-04-01 05:35:51,2018-07-01 15:04:49,2,1.0,92,2.17,C - Mid Value,Yes
695,138,12019.14,87.1,198.29,2018-04-01 06:31:54,2018-07-01 12:59:41,4,2.899,92,1.5,B - High Value,Yes
696,247,4686.32,18.97,44.42,2018-04-01 16:57:57,2018-07-01 23:28:00,0,0.0,92,2.68,C - Mid Value,No
697,237,18978.69,80.08,191.53,2018-04-01 08:58:00,2018-07-01 20:05:05,0,0.0,92,2.58,A - Premium,No
698,261,9298.91,35.63,76.52,2018-04-01 06:45:01,2018-06-29 12:27:36,0,0.0,90,2.9,B - High Value,No
699,172,16258.49,94.53,202.34,2018-04-02 08:22:31,2018-07-01 20:22:31,0,0.0,91,1.89,A - Premium,No
700,79,487.21,6.17,12.38,2018-04-04 08:50:52,2018-06-27 15:04:15,1,1.266,85,0.93,D - Low Value,Yes
701,332,10280.5,30.97,73.91,2018-04-01 07:34:25,2018-06-30 23:08:45,1,0.301,91,3.65,B - High Value,Yes
702,320,6140.29,19.19,46.78,2018-04-01 11:21:28,2018-07-01 12:49:27,0,0.0,92,3.48,C - Mid Value,No
703,123,8816.01,71.67,154.47,2018-04-01 09:19:45,2018-07-01 13:23:42,0,0.0,92,1.34,B - High Value,No
704,33,2068.33,62.68,112.04,2018-04-02 08:00:43,2018-06-28 11:47:05,0,0.0,88,0.38,D - Low Value,No
705,213,6218.16,29.19,79.99,2018-04-01 07:02:43,2018-07-01 03:41:19,4,1.878,91,2.34,C - Mid Value,Yes
706,165,12506.89,75.8,184.71,2018-04-01 06:40:11,2018-07-01 14:49:23,2,1.212,92,1.79,B - High Value,Yes
707,5,158.18,31.64,62.33,2018-04-07 13:12:15,2018-06-16 07:38:37,0,0.0,70,0.07,D - Low Value,No
708,320,5300.48,16.56,36.65,2018-04-02 06:42:53,2018-07-01 14:35:03,1,0.312,91,3.52,C - Mid Value,Yes
709,61,1946.43,31.91,70.89,2018-04-01 11:52:45,2018-06-30 11:59:42,2,3.279,91,0.67,D - Low Value,Yes
710,301,22489.87,74.72,172.59,2018-04-01 14:22:42,2018-07-01 13:19:56,3,0.997,91,3.31,A - Premium,Yes
711,87,8043.98,92.46,197.01,2018-04-01 10:02:38,2018-06-30 11:36:09,0,0.0,91,0.96,B - High Value,No
712,345,11563.83,33.52,80.61,2018-04-01 00:51:21,2018-07-01 12:12:31,11,3.188,92,3.75,B - High Value,Yes
713,171,6919.86,40.47,104.36,2018-04-01 09:37:07,2018-07-01 12:01:50,0,0.0,92,1.86,C - Mid Value,No
714,339,28100.92,82.89,173.48,2018-04-01 05:28:35,2018-07-01 22:47:03,5,1.475,92,3.68,A - Premium,Yes
715,30,1074.48,35.82,79.17,2018-04-04 17:18:36,2018-07-01 12:17:48,0,0.0,88,0.34,D - Low Value,No
716,291,9236.49,31.74,73.12,2018-04-01 09:02:40,2018-07-01 14:10:31,0,0.0,92,3.16,B - High Value,No
717,290,10941.81,37.73,87.54,2018-04-01 07:10:42,2018-07-01 21:15:28,2,0.69,92,3.15,B - High Value,Yes
718,285,10844.0,38.05,91.9,2018-04-01 11:53:31,2018-07-01 22:55:08,0,0.0,92,3.1,B - High Value,No
719,143,8612.35,60.23,125.66,2018-04-01 18:46:51,2018-07-01 14:21:03,0,0.0,91,1.57,B - High Value,No
720,240,22000.47,91.67,215.59,2018-04-01 05:41:11,2018-07-01 18:34:30,0,0.0,92,2.61,A - Premium,No
721,325,32583.39,100.26,226.31,2018-04-01 03:35:19,2018-07-01 14:27:02,4,1.231,92,3.53,A - Premium,Yes
722,102,6808.56,66.75,124.13,2018-04-02 05:42:09,2018-06-30 11:11:31,0,0.0,90,1.13,C - Mid Value,No
723,252,15837.1,62.85,143.73,2018-04-01 06:54:46,2018-07-01 12:54:47,0,0.0,92,2.74,A - Premium,No
724,124,11383.27,91.8,212.1,2018-04-01 01:32:39,2018-06-29 06:49:51,0,0.0,90,1.38,B - High Value,No
725,261,22348.96,85.63,196.13,2018-04-01 13:27:21,2018-07-01 21:08:40,0,0.0,92,2.84,A - Premium,No
726,138,12807.86,92.81,205.26,2018-04-01 13:03:41,2018-07-01 13:31:26,0,0.0,92,1.5,B - High Value,No
727,84,1377.97,16.4,37.29,2018-04-04 07:58:38,2018-07-01 13:09:13,0,0.0,89,0.94,D - Low Value,No
728,13,215.53,16.58,37.42,2018-04-12 12:41:42,2018-06-26 14:02:48,1,7.692,76,0.17,D - Low Value,Yes
729,289,6133.95,21.22,57.54,2018-04-02 05:42:43,2018-07-01 20:56:36,3,1.038,91,3.18,C - Mid Value,Yes
730,2,180.3,90.15,116.99,2018-04-03 05:32:34,2018-05-27 06:14:01,0,0.0,55,0.04,D - Low Value,No
731,123,7536.39,61.27,123.33,2018-04-01 00:34:29,2018-07-01 11:03:35,2,1.626,92,1.34,B - High Value,Yes
732,368,19574.59,53.19,132.31,2018-04-01 08:14:02,2018-07-01 14:47:05,2,0.543,92,4.0,A - Premium,Yes
733,263,23003.57,87.47,191.56,2018-04-01 06:54:45,2018-07-01 14:00:58,0,0.0,92,2.86,A - Premium,No
734,188,15340.44,81.6,173.76,2018-04-01 10:44:42,2018-07-01 08:41:52,4,2.128,91,2.07,A - Premium,Yes
735,57,3608.75,63.31,120.76,2018-04-01 11:00:49,2018-07-01 15:55:35,0,0.0,92,0.62,C - Mid Value,No
736,112,4529.36,40.44,73.65,2018-04-01 05:54:07,2018-07-01 17:21:54,1,0.893,92,1.22,C - Mid Value,Yes
737,43,3960.63,92.11,194.74,2018-04-03 06:26:53,2018-06-27 17:10:06,0,0.0,86,0.5,C - Mid Value,No
738,228,2034.65,8.92,19.68,2018-04-01 05:07:09,2018-07-01 16:33:17,0,0.0,92,2.48,D - Low Value,No
739,49,4589.66,93.67,192.48,2018-04-01 20:03:02,2018-06-30 18:18:19,0,0.0,90,0.54,C - Mid Value,No
740,244,13771.48,56.44,122.84,2018-04-01 11:20:05,2018-07-01 21:27:38,1,0.41,92,2.65,B - High Value,Yes
741,299,3185.22,10.65,24.33,2018-04-01 07:26:03,2018-07-01 17:38:08,1,0.334,92,3.25,C - Mid Value,Yes
742,295,11462.5,38.86,89.36,2018-04-02 04:22:16,2018-07-01 21:34:27,0,0.0,91,3.24,B - High Value,No
743,101,1426.58,14.12,33.69,2018-04-01 08:17:57,2018-06-30 09:33:47,0,0.0,91,1.11,D - Low Value,No
744,333,16295.95,48.94,121.77,2018-04-01 10:55:27,2018-07-01 08:37:51,2,0.601,91,3.66,A - Premium,Yes
745,279,12415.85,44.5,112.18,2018-04-01 09:34:34,2018-07-01 17:12:50,1,0.358,92,3.03,B - High Value,Yes
746,12,729.96,60.83,112.93,2018-04-04 15:27:10,2018-06-26 13:10:42,0,0.0,83,0.14,D - Low Value,No
747,166,2215.87,13.35,29.06,2018-04-01 11:10:06,2018-07-01 14:36:00,0,0.0,92,1.8,D - Low Value,No
748,334,11040.12,33.05,83.92,2018-04-01 10:49:11,2018-07-01 16:35:17,3,0.898,92,3.63,B - High Value,Yes
749,244,21581.91,88.45,209.08,2018-04-01 02:07:55,2018-06-30 12:29:04,0,0.0,91,2.68,A - Premium,No
750,306,25649.56,83.82,197.06,2018-04-01 09:49:34,2018-07-01 17:32:09,1,0.327,92,3.33,A - Premium,Yes
751,17,1572.8,92.52,147.83,2018-04-03 13:30:22,2018-06-28 10:58:25,0,0.0,86,0.2,D - Low Value,No
752,203,3323.13,16.37,35.38,2018-04-02 11:12:39,2018-07-01 22:12:40,2,0.985,91,2.23,C - Mid Value,Yes
753,18,673.03,37.39,70.95,2018-04-03 07:22:46,2018-06-27 15:44:02,0,0.0,86,0.21,D - Low Value,No
754,98,5716.26,58.33,140.06,2018-04-01 13:19:26,2018-07-01 16:35:28,0,0.0,92,1.07,C - Mid Value,No
755,217,15394.86,70.94,157.89,2018-04-01 09:38:29,2018-07-01 18:49:10,0,0.0,92,2.36,A - Premium,No
756,29,518.09,17.87,41.45,2018-04-01 14:25:35,2018-06-28 01:48:25,0,0.0,88,0.33,D - Low Value,No
757,231,13629.69,59.0,525.3,2018-04-01 09:53:17,2018-07-01 21:16:41,11,4.762,92,2.51,B - High Value,Yes
758,213,4332.62,20.34,45.75,2018-04-01 02:30:25,2018-07-01 17:49:42,0,0.0,92,2.32,C - Mid Value,No
759,252,8668.66,34.4,75.71,2018-04-01 11:19:51,2018-07-01 07:49:03,3,1.19,91,2.77,B - High Value,Yes
760,110,9700.24,88.18,169.8,2018-04-04 11:11:02,2018-07-01 11:41:58,0,0.0,89,1.24,B - High Value,No
761,154,8779.23,57.01,155.36,2018-04-01 09:31:45,2018-07-01 17:19:22,3,1.948,92,1.67,B - High Value,Yes
762,143,4264.86,29.82,69.67,2018-04-01 12:51:02,2018-07-01 07:43:56,1,0.699,91,1.57,C - Mid Value,Yes
763,167,14081.54,84.32,220.42,2018-04-03 13:27:47,2018-07-01 17:24:52,2,1.198,90,1.86,B - High Value,Yes
764,126,5897.48,46.81,101.99,2018-04-01 12:38:50,2018-07-01 06:00:42,0,0.0,91,1.38,C - Mid Value,No
765,128,14442.19,112.83,753.7,2018-04-01 13:22:59,2018-07-01 23:20:11,10,7.812,92,1.39,A - Premium,Yes
766,136,10824.18,79.59,202.66,2018-04-01 12:13:53,2018-07-01 16:50:18,1,0.735,92,1.48,B - High Value,Yes
767,173,2363.91,13.66,27.55,2018-04-02 05:00:00,2018-07-01 12:39:39,1,0.578,91,1.9,D - Low Value,Yes
768,145,18269.3,126.0,948.65,2018-04-01 05:02:58,2018-07-01 17:02:35,13,8.966,92,1.58,A - Premium,Yes
769,302,14344.65,47.5,132.72,2018-04-01 04:07:19,2018-07-01 19:53:00,0,0.0,92,3.28,A - Premium,No
770,90,8242.61,91.58,184.09,2018-04-01 05:39:11,2018-06-29 11:18:10,0,0.0,90,1.0,B - High Value,No
771,233,2449.79,10.51,24.69,2018-04-01 05:23:25,2018-07-01 09:18:33,0,0.0,92,2.53,D - Low Value,No
772,269,23797.8,88.47,210.96,2018-04-01 10:29:39,2018-07-01 18:38:36,3,1.115,92,2.92,A - Premium,Yes
773,97,8191.96,84.45,175.43,2018-04-01 12:33:33,2018-06-29 15:31:59,0,0.0,90,1.08,B - High Value,No
774,38,1655.97,43.58,87.76,2018-04-01 06:02:44,2018-06-30 12:48:15,0,0.0,91,0.42,D - Low Value,No
775,364,10492.43,28.83,73.66,2018-04-01 06:59:28,2018-07-01 23:58:10,2,0.549,92,3.96,B - High Value,Yes
776,191,11525.85,60.34,140.89,2018-04-01 03:23:09,2018-07-01 14:41:52,0,0.0,92,2.08,B - High Value,No
777,240,7582.25,31.59,70.66,2018-04-01 11:38:12,2018-07-01 16:46:20,3,1.25,92,2.61,B - High Value,Yes
778,55,1894.98,34.45,78.87,2018-04-01 04:58:10,2018-06-30 21:27:05,0,0.0,91,0.6,D - Low Value,No
779,102,10774.84,105.64,622.45,2018-04-02 12:49:03,2018-07-01 18:16:55,10,9.804,91,1.12,B - High Value,Yes
780,220,2509.59,11.41,27.14,2018-04-01 06:05:47,2018-07-01 18:06:39,3,1.364,92,2.39,D - Low Value,Yes
781,189,7529.59,39.84,83.99,2018-04-01 07:04:40,2018-07-01 15:35:23,0,0.0,92,2.05,B - High Value,No
782,153,3333.15,21.79,49.26,2018-04-01 07:51:06,2018-07-01 17:22:53,1,0.654,92,1.66,C - Mid Value,Yes
783,264,5642.05,21.37,45.94,2018-04-01 20:59:55,2018-07-01 11:00:31,0,0.0,91,2.9,C - Mid Value,No
784,32,3165.48,98.92,188.65,2018-04-02 09:12:58,2018-06-22 17:03:56,1,3.125,82,0.39,C - Mid Value,Yes
785,58,1179.95,20.34,50.17,2018-04-02 10:20:51,2018-06-28 09:13:18,0,0.0,87,0.67,D - Low Value,No
786,343,12697.55,37.02,76.92,2018-04-01 01:11:16,2018-07-01 20:19:01,2,0.583,92,3.73,B - High Value,Yes
787,200,12454.78,62.27,128.92,2018-04-01 09:02:53,2018-07-01 04:15:02,1,0.5,91,2.2,B - High Value,Yes
788,65,1845.1,28.39,62.24,2018-04-02 09:58:59,2018-06-30 04:41:57,0,0.0,89,0.73,D - Low Value,No
789,353,23064.35,65.34,144.38,2018-04-01 05:12:01,2018-07-01 11:10:48,0,0.0,92,3.84,A - Premium,No
790,42,932.03,22.19,44.99,2018-04-02 09:08:15,2018-06-30 12:34:12,0,0.0,90,0.47,D - Low Value,No
791,294,25928.8,88.19,217.74,2018-04-01 05:51:46,2018-07-01 20:14:27,1,0.34,92,3.2,A - Premium,Yes
792,106,8737.84,82.43,205.37,2018-04-01 03:59:34,2018-07-01 07:45:32,0,0.0,92,1.15,B - High Value,No
793,59,3174.24,53.8,100.36,2018-04-01 07:32:36,2018-07-01 01:58:13,0,0.0,91,0.65,C - Mid Value,No
794,86,4246.93,49.38,114.39,2018-04-01 07:54:49,2018-07-01 14:49:28,1,1.163,92,0.93,C - Mid Value,Yes
795,258,7440.47,28.84,71.36,2018-04-01 04:07:58,2018-06-30 09:20:19,1,0.388,91,2.84,B - High Value,Yes
796,187,2931.79,15.68,119.9,2018-04-01 09:16:04,2018-07-01 15:04:59,9,4.813,92,2.03,C - Mid Value,Yes
797,94,3785.49,40.27,75.54,2018-04-04 12:37:02,2018-07-01 19:06:14,1,1.064,89,1.06,C - Mid Value,Yes
798,252,18754.36,74.42,165.62,2018-04-01 08:11:54,2018-07-01 12:07:19,2,0.794,92,2.74,A - Premium,Yes
799,204,13050.76,63.97,149.02,2018-04-01 07:51:23,2018-07-01 16:15:00,2,0.98,92,2.22,B - High Value,Yes
800,216,17020.81,78.8,187.6,2018-04-01 06:24:31,2018-07-01 14:43:58,0,0.0,92,2.35,A - Premium,No
801,227,6312.53,27.81,131.1,2018-04-01 10:22:31,2018-07-01 20:00:03,6,2.643,92,2.47,C - Mid Value,Yes
802,227,10825.86,47.69,133.55,2018-04-01 05:18:57,2018-06-30 17:40:12,0,0.0,91,2.49,B - High Value,No
803,213,9893.65,46.45,118.91,2018-04-01 04:05:19,2018-07-01 15:55:12,2,0.939,92,2.32,B - High Value,Yes
804,27,1997.22,73.97,124.79,2018-04-10 08:23:50,2018-06-24 02:50:50,0,0.0,75,0.36,D - Low Value,No
805,92,8764.53,95.27,218.74,2018-04-02 10:50:19,2018-07-01 19:40:42,0,0.0,91,1.01,B - High Value,No
806,121,2750.01,22.73,44.56,2018-04-02 17:59:20,2018-07-01 19:43:10,0,0.0,91,1.33,D - Low Value,No
807,127,3748.13,29.51,68.0,2018-04-01 09:15:53,2018-07-01 16:13:02,0,0.0,92,1.38,C - Mid Value,No
808,61,518.15,8.49,16.53,2018-04-01 12:45:14,2018-07-01 14:56:21,0,0.0,92,0.66,D - Low Value,No
809,287,16792.96,58.51,127.28,2018-04-01 15:27:11,2018-07-01 14:42:36,3,1.045,91,3.15,A - Premium,Yes
810,296,29246.24,98.8,266.34,2018-04-01 12:00:41,2018-07-01 13:56:38,12,4.054,92,3.22,A - Premium,Yes
811,327,16742.89,51.2,120.65,2018-04-01 07:22:04,2018-07-01 12:33:51,2,0.612,92,3.55,A - Premium,Yes
812,1,123.55,123.55,123.55,2018-04-21 16:25:44,2018-04-21 16:25:44,0,0.0,1,1.0,D - Low Value,No
813,110,11656.73,105.97,215.4,2018-04-01 08:12:37,2018-07-01 17:55:26,1,0.909,92,1.2,B - High Value,Yes
814,78,6569.43,84.22,186.39,2018-04-02 06:43:41,2018-07-01 10:38:50,0,0.0,91,0.86,C - Mid Value,No
815,364,37237.12,102.3,227.97,2018-04-01 07:38:03,2018-07-01 19:05:32,6,1.648,92,3.96,A - Premium,Yes
816,13,132.07,10.16,22.22,2018-04-05 06:03:37,2018-06-21 13:30:05,0,0.0,78,0.17,D - Low Value,No
817,164,3121.48,19.03,44.36,2018-04-01 09:58:09,2018-07-01 13:04:02,0,0.0,92,1.78,C - Mid Value,No
818,296,19486.44,65.83,151.55,2018-04-01 04:04:29,2018-06-30 12:43:38,1,0.338,91,3.25,A - Premium,Yes
819,249,18154.56,72.91,174.78,2018-04-01 02:09:22,2018-07-01 17:01:26,6,2.41,92,2.71,A - Premium,Yes
820,19,671.27,35.33,56.36,2018-04-10 05:36:04,2018-06-28 09:03:18,0,0.0,80,0.24,D - Low Value,No
821,186,18400.85,98.93,192.1,2018-04-01 10:03:24,2018-07-01 13:09:13,0,0.0,92,2.02,A - Premium,No
822,1,54.41,54.41,54.41,2018-04-10 10:03:10,2018-04-10 10:03:10,0,0.0,1,1.0,D - Low Value,No
823,112,9832.76,87.79,210.29,2018-04-02 06:52:34,2018-07-01 13:00:04,0,0.0,91,1.23,B - High Value,No
824,233,9228.23,39.61,91.52,2018-04-01 07:55:55,2018-07-01 03:25:57,0,0.0,91,2.56,B - High Value,No
825,312,16596.5,53.19,122.44,2018-04-01 02:09:51,2018-07-01 14:40:55,0,0.0,92,3.39,A - Premium,No
826,287,20068.58,69.93,169.46,2018-04-01 05:34:30,2018-07-01 11:59:39,2,0.697,92,3.12,A - Premium,Yes
827,52,3467.49,66.68,133.32,2018-04-03 10:32:39,2018-07-01 04:47:22,0,0.0,89,0.58,C - Mid Value,No
828,56,5309.2,94.81,207.02,2018-04-01 15:06:26,2018-06-30 21:20:29,0,0.0,91,0.62,C - Mid Value,No
829,74,467.51,6.32,13.68,2018-04-02 14:49:39,2018-06-29 17:56:57,0,0.0,89,0.83,D - Low Value,No
830,246,21879.1,88.94,185.79,2018-04-01 07:21:26,2018-07-01 18:56:48,1,0.407,92,2.67,A - Premium,Yes
831,128,8480.52,66.25,160.43,2018-04-01 11:01:04,2018-06-29 03:37:42,0,0.0,89,1.44,B - High Value,No
832,320,29878.15,93.37,222.87,2018-04-01 06:52:12,2018-07-01 14:23:27,3,0.938,92,3.48,A - Premium,Yes
833,216,6789.16,31.43,74.93,2018-04-01 05:36:05,2018-07-01 12:24:04,1,0.463,92,2.35,C - Mid Value,Yes
834,24,929.2,38.72,70.9,2018-04-06 18:22:23,2018-06-30 08:45:15,0,0.0,85,0.28,D - Low Value,No
835,108,3687.14,34.14,80.1,2018-04-04 10:29:13,2018-06-30 04:44:54,0,0.0,87,1.24,C - Mid Value,No
836,123,13141.49,106.84,282.0,2018-04-01 11:13:11,2018-07-01 16:45:02,2,1.626,92,1.34,B - High Value,Yes
837,61,377.83,6.19,13.99,2018-04-01 11:04:15,2018-06-28 15:32:32,0,0.0,89,0.69,D - Low Value,No
838,164,2448.04,14.93,36.43,2018-04-01 07:46:39,2018-07-01 18:46:33,2,1.22,92,1.78,D - Low Value,Yes
839,118,4256.11,36.07,74.41,2018-04-01 09:49:47,2018-06-30 13:45:36,1,0.847,91,1.3,C - Mid Value,Yes
840,358,22315.38,62.33,134.2,2018-04-01 05:13:32,2018-07-01 09:14:19,2,0.559,92,3.89,A - Premium,Yes
841,345,27458.25,79.59,199.31,2018-04-01 06:04:06,2018-07-01 16:57:22,1,0.29,92,3.75,A - Premium,Yes
842,355,5383.29,15.16,113.45,2018-04-01 03:00:54,2018-07-01 10:09:06,18,5.07,92,3.86,C - Mid Value,Yes
843,82,4785.09,58.35,146.51,2018-04-03 00:35:25,2018-06-28 12:34:12,0,0.0,87,0.94,C - Mid Value,No
844,125,9557.54,76.46,179.86,2018-04-01 13:08:25,2018-07-01 14:47:18,0,0.0,92,1.36,B - High Value,No
845,270,23981.78,88.82,195.63,2018-04-01 16:36:54,2018-07-01 20:12:55,4,1.481,92,2.93,A - Premium,Yes
846,181,2440.34,13.48,30.42,2018-04-02 12:06:59,2018-07-01 14:38:12,1,0.552,91,1.99,D - Low Value,Yes
847,103,10197.77,99.01,230.36,2018-04-01 16:05:59,2018-07-01 05:46:44,2,1.942,91,1.13,B - High Value,Yes
848,270,3769.49,13.96,31.53,2018-04-01 10:13:46,2018-07-01 16:13:04,0,0.0,92,2.93,C - Mid Value,No
849,277,22495.74,81.21,225.95,2018-04-01 09:36:05,2018-07-01 19:34:23,2,0.722,92,3.01,A - Premium,Yes
850,82,4441.8,54.17,120.14,2018-04-01 01:57:21,2018-06-30 15:39:16,0,0.0,91,0.9,C - Mid Value,No
851,130,5510.97,42.39,103.0,2018-04-01 02:24:16,2018-07-01 10:26:12,0,0.0,92,1.41,C - Mid Value,No
852,277,24802.19,89.54,239.83,2018-04-01 15:39:34,2018-07-01 21:05:19,1,0.361,92,3.01,A - Premium,Yes
853,109,825.7,7.58,19.02,2018-04-01 08:25:35,2018-07-01 16:42:04,7,6.422,92,1.18,D - Low Value,Yes
854,105,4389.96,41.81,91.04,2018-04-01 13:43:13,2018-07-01 16:35:28,2,1.905,92,1.14,C - Mid Value,Yes
855,309,23194.02,75.06,171.09,2018-04-01 00:36:39,2018-07-01 15:52:34,6,1.942,92,3.36,A - Premium,Yes
856,270,15217.42,56.36,153.3,2018-04-01 02:42:52,2018-07-01 09:10:37,0,0.0,92,2.93,A - Premium,No
857,174,6776.73,38.95,94.32,2018-04-01 20:07:44,2018-07-01 19:51:45,3,1.724,91,1.91,C - Mid Value,Yes
858,162,12457.28,76.9,173.4,2018-04-01 09:20:36,2018-07-01 18:19:41,2,1.235,92,1.76,B - High Value,Yes
859,270,9464.4,35.05,102.1,2018-04-01 05:37:28,2018-07-01 22:29:50,2,0.741,92,2.93,B - High Value,Yes
860,63,2113.17,33.54,65.01,2018-04-02 06:11:17,2018-06-30 13:24:43,1,1.587,90,0.7,D - Low Value,Yes
861,68,3348.09,49.24,99.07,2018-04-01 09:44:39,2018-06-27 12:36:43,1,1.471,88,0.77,C - Mid Value,Yes
862,81,6036.39,74.52,183.06,2018-04-01 06:22:52,2018-07-01 12:19:20,0,0.0,92,0.88,C - Mid Value,No
863,66,6985.26,105.84,496.25,2018-04-01 02:34:59,2018-06-30 09:18:26,4,6.061,91,0.73,C - Mid Value,Yes
864,101,8711.38,86.25,173.28,2018-04-01 08:30:02,2018-07-01 22:38:38,0,0.0,92,1.1,B - High Value,No
865,358,12017.84,33.57,84.59,2018-04-01 02:00:54,2018-07-01 21:16:46,0,0.0,92,3.89,B - High Value,No
866,308,16910.72,54.9,121.92,2018-04-01 11:57:51,2018-07-01 20:22:58,0,0.0,92,3.35,A - Premium,No
867,76,3698.17,48.66,113.28,2018-04-02 12:10:48,2018-06-30 09:54:02,0,0.0,89,0.85,C - Mid Value,No
868,67,1544.85,23.06,53.29,2018-04-04 05:28:16,2018-06-28 12:59:23,0,0.0,86,0.78,D - Low Value,No
869,5,261.0,52.2,101.11,2018-04-04 02:27:13,2018-06-16 08:38:10,0,0.0,74,0.07,D - Low Value,No
870,270,23018.69,85.25,208.89,2018-04-01 04:01:00,2018-07-01 14:30:59,0,0.0,92,2.93,A - Premium,No
871,87,2987.5,34.34,106.66,2018-04-01 16:40:09,2018-07-01 22:39:45,1,1.149,92,0.95,C - Mid Value,Yes
872,330,25558.45,77.45,211.24,2018-04-01 16:50:50,2018-07-01 12:23:07,1,0.303,91,3.63,A - Premium,Yes
873,212,1819.6,8.58,19.05,2018-04-01 03:57:45,2018-07-01 12:28:28,1,0.472,92,2.3,D - Low Value,Yes
874,214,8286.02,38.72,96.54,2018-04-01 04:10:15,2018-06-30 13:14:28,2,0.935,91,2.35,B - High Value,Yes
875,20,2275.92,113.8,183.45,2018-04-03 18:31:18,2018-06-28 03:21:47,1,5.0,86,0.23,D - Low Value,Yes
876,71,1907.49,26.87,58.15,2018-04-01 08:53:34,2018-07-01 12:30:44,0,0.0,92,0.77,D - Low Value,No
877,244,24130.45,98.9,233.57,2018-04-02 05:17:01,2018-07-01 16:03:44,5,2.049,91,2.68,A - Premium,Yes
878,234,4578.9,19.57,48.12,2018-04-01 17:06:57,2018-07-01 17:36:09,0,0.0,92,2.54,C - Mid Value,No
879,261,11920.91,45.67,115.81,2018-04-01 14:39:55,2018-07-01 18:37:10,0,0.0,92,2.84,B - High Value,No
880,262,19369.74,73.93,174.95,2018-04-01 04:43:00,2018-07-01 20:49:55,0,0.0,92,2.85,A - Premium,No
881,159,5725.48,36.01,95.38,2018-04-01 02:34:30,2018-07-01 19:10:30,3,1.887,92,1.73,C - Mid Value,Yes
882,32,607.94,19.0,42.69,2018-04-06 17:20:12,2018-06-26 16:16:12,0,0.0,81,0.4,D - Low Value,No
883,164,1214.79,7.41,16.62,2018-04-02 10:53:27,2018-07-01 07:24:34,2,1.22,90,1.82,D - Low Value,Yes
884,277,7401.94,26.72,55.25,2018-04-01 02:42:44,2018-07-01 18:07:00,0,0.0,92,3.01,B - High Value,No
885,256,5810.08,22.7,61.83,2018-04-01 12:23:47,2018-07-01 18:11:11,2,0.781,92,2.78,C - Mid Value,Yes
886,142,12045.61,84.83,215.24,2018-04-02 18:27:24,2018-07-01 19:26:24,0,0.0,91,1.56,B - High Value,No
887,133,5321.46,40.01,93.55,2018-04-03 09:00:19,2018-07-01 12:22:08,0,0.0,90,1.48,C - Mid Value,No
888,308,11493.76,37.32,75.94,2018-04-01 04:13:33,2018-06-30 16:00:25,0,0.0,91,3.38,B - High Value,No
889,188,2902.36,15.44,36.85,2018-04-01 03:30:42,2018-07-01 22:44:08,0,0.0,92,2.04,C - Mid Value,No
890,250,21912.59,87.65,206.97,2018-04-01 05:30:27,2018-07-01 20:23:45,2,0.8,92,2.72,A - Premium,Yes
891,332,25079.46,75.54,161.45,2018-04-01 03:41:12,2018-07-01 12:20:04,0,0.0,92,3.61,A - Premium,No
892,111,8902.84,80.21,158.79,2018-04-01 11:56:16,2018-06-30 08:45:59,2,1.802,90,1.23,B - High Value,Yes
893,284,4248.37,14.96,39.17,2018-04-01 01:00:17,2018-07-01 11:44:07,3,1.056,92,3.09,C - Mid Value,Yes
894,134,2547.02,19.01,50.21,2018-04-01 07:45:06,2018-07-01 22:44:05,0,0.0,92,1.46,D - Low Value,No
895,75,791.76,10.56,23.94,2018-04-01 17:24:30,2018-06-30 10:35:41,0,0.0,90,0.83,D - Low Value,No
896,3,264.55,88.18,126.28,2018-04-16 12:36:20,2018-06-15 18:32:43,0,0.0,61,0.05,D - Low Value,No
897,51,3437.45,67.4,141.5,2018-04-02 20:02:44,2018-07-01 08:59:50,0,0.0,90,0.57,C - Mid Value,No
898,155,5842.27,37.69,96.46,2018-04-01 06:42:41,2018-07-01 11:13:36,3,1.935,92,1.68,C - Mid Value,Yes
899,161,15222.41,94.55,219.05,2018-04-01 07:49:39,2018-07-01 21:16:32,0,0.0,92,1.75,A - Premium,No
900,259,21647.55,83.58,241.97,2018-04-01 07:41:47,2018-06-30 12:32:57,1,0.386,91,2.85,A - Premium,Yes
901,172,14173.69,82.41,165.31,2018-04-01 09:01:53,2018-06-30 11:02:30,1,0.581,91,1.89,B - High Value,Yes
902,41,3105.34,75.74,122.92,2018-04-03 10:01:34,2018-07-01 20:23:58,0,0.0,90,0.46,C - Mid Value,No
903,75,2066.9,27.56,63.59,2018-04-01 15:51:07,2018-06-30 11:11:17,0,0.0,90,0.83,D - Low Value,No
904,210,20623.22,98.21,220.82,2018-04-01 18:32:48,2018-07-01 17:22:37,1,0.476,91,2.31,A - Premium,Yes
905,37,1168.74,31.59,68.43,2018-04-03 20:27:19,2018-06-28 15:20:59,0,0.0,86,0.43,D - Low Value,No
906,16,285.72,17.86,31.96,2018-04-05 10:46:25,2018-06-23 22:08:24,0,0.0,80,0.2,D - Low Value,No
907,82,484.34,5.91,12.89,2018-04-03 08:05:28,2018-06-29 10:06:57,1,1.22,88,0.93,D - Low Value,Yes
908,81,5091.78,62.86,126.3,2018-04-02 11:04:58,2018-06-30 16:36:20,1,1.235,90,0.9,C - Mid Value,Yes
909,234,8364.75,35.75,76.01,2018-04-01 08:18:06,2018-07-01 17:14:55,2,0.855,92,2.54,B - High Value,Yes
910,335,13753.11,41.05,117.19,2018-04-01 09:51:03,2018-07-01 19:41:42,0,0.0,92,3.64,B - High Value,No
911,116,2893.88,24.95,223.1,2018-04-03 09:01:50,2018-07-01 01:51:11,6,5.172,89,1.3,C - Mid Value,Yes
912,256,21189.4,82.77,230.45,2018-04-01 05:08:05,2018-07-01 17:42:02,5,1.953,92,2.78,A - Premium,Yes
913,324,16934.67,52.27,119.57,2018-04-01 08:30:55,2018-07-01 19:31:28,1,0.309,92,3.52,A - Premium,Yes
914,152,2230.82,14.68,32.45,2018-04-01 12:43:07,2018-07-01 09:58:38,2,1.316,91,1.67,D - Low Value,Yes
915,113,3911.18,34.61,81.19,2018-04-01 12:42:05,2018-07-01 07:07:29,1,0.885,91,1.24,C - Mid Value,Yes
916,44,1358.28,30.87,169.9,2018-04-01 09:36:25,2018-07-01 02:01:08,3,6.818,91,0.48,D - Low Value,Yes
917,346,28582.19,82.61,181.82,2018-04-01 11:36:39,2018-07-01 18:48:23,3,0.867,92,3.76,A - Premium,Yes
918,286,1517.03,5.3,10.62,2018-04-01 07:42:54,2018-07-01 19:38:35,0,0.0,92,3.11,D - Low Value,No
919,297,14790.43,49.8,118.81,2018-04-01 08:54:16,2018-07-01 20:38:27,2,0.673,92,3.23,A - Premium,Yes
920,19,700.73,36.88,60.63,2018-04-02 21:00:12,2018-06-28 06:17:52,0,0.0,87,0.22,D - Low Value,No
921,230,6478.64,28.17,67.5,2018-04-01 07:08:07,2018-07-01 13:37:35,5,2.174,92,2.5,C - Mid Value,Yes
922,39,1205.77,30.92,66.01,2018-04-03 08:41:38,2018-07-01 15:36:15,0,0.0,90,0.43,D - Low Value,No
923,157,6412.46,40.84,97.75,2018-04-01 10:57:47,2018-07-01 05:20:39,0,0.0,91,1.73,C - Mid Value,No
924,291,13960.67,47.97,109.46,2018-04-01 05:25:47,2018-07-01 17:38:37,1,0.344,92,3.16,B - High Value,Yes
925,297,10949.34,36.87,89.27,2018-04-01 05:13:21,2018-07-01 21:23:40,0,0.0,92,3.23,B - High Value,No
926,203,14288.96,70.39,144.5,2018-04-01 08:10:01,2018-07-01 12:48:47,1,0.493,92,2.21,A - Premium,Yes
927,255,14105.68,55.32,121.24,2018-04-01 00:10:34,2018-07-01 13:39:32,0,0.0,92,2.77,B - High Value,No
928,70,2911.0,41.59,95.96,2018-04-01 11:27:21,2018-07-01 12:38:33,1,1.429,92,0.76,C - Mid Value,Yes
929,155,5475.96,35.33,81.81,2018-04-01 12:04:34,2018-07-01 14:39:48,0,0.0,92,1.68,C - Mid Value,No
930,86,2512.7,29.22,59.85,2018-04-01 03:10:05,2018-07-01 09:04:49,0,0.0,92,0.93,D - Low Value,No
931,132,9775.9,74.06,179.56,2018-04-01 14:04:33,2018-06-30 22:27:28,0,0.0,91,1.45,B - High Value,No
932,22,458.57,20.84,38.12,2018-04-03 02:14:15,2018-06-26 03:50:11,0,0.0,85,0.26,D - Low Value,No
933,232,17013.04,73.33,163.16,2018-04-01 07:14:25,2018-07-01 19:55:16,1,0.431,92,2.52,A - Premium,Yes
934,231,8684.05,37.59,92.19,2018-04-01 15:29:49,2018-07-01 18:57:06,0,0.0,92,2.51,B - High Value,No
935,297,2096.87,7.06,15.72,2018-04-01 00:40:12,2018-07-01 15:05:16,0,0.0,92,3.23,D - Low Value,No
936,62,1933.15,31.18,62.53,2018-04-01 17:11:12,2018-06-30 08:07:26,0,0.0,90,0.69,D - Low Value,No
937,97,8361.47,86.2,179.3,2018-04-03 11:42:29,2018-07-01 09:35:36,1,1.031,89,1.09,B - High Value,Yes
938,289,13454.15,46.55,95.66,2018-04-01 08:54:58,2018-07-01 12:09:14,1,0.346,92,3.14,B - High Value,Yes
939,330,32824.49,99.47,271.18,2018-04-01 07:21:13,2018-07-01 15:54:14,3,0.909,92,3.59,A - Premium,Yes
940,361,14031.46,38.87,92.27,2018-04-01 08:52:34,2018-07-01 21:56:26,0,0.0,92,3.92,B - High Value,No
941,103,6181.56,60.02,130.42,2018-04-01 13:56:54,2018-07-01 11:14:38,0,0.0,91,1.13,C - Mid Value,No
942,272,19689.62,72.39,171.03,2018-04-01 07:57:09,2018-07-01 21:01:50,5,1.838,92,2.96,A - Premium,Yes
943,81,3861.1,47.67,104.08,2018-04-01 14:17:47,2018-07-01 03:47:44,1,1.235,91,0.89,C - Mid Value,Yes
944,69,3944.74,57.17,127.22,2018-04-01 09:29:04,2018-06-28 05:35:52,0,0.0,88,0.78,C - Mid Value,No
945,39,2673.67,68.56,145.52,2018-04-04 08:27:28,2018-06-28 19:08:02,0,0.0,86,0.45,D - Low Value,No
946,145,14804.01,102.1,214.7,2018-04-01 13:35:26,2018-07-01 19:21:01,0,0.0,92,1.58,A - Premium,No
947,282,25314.51,89.77,175.68,2018-04-01 08:13:17,2018-07-01 10:39:54,1,0.355,92,3.07,A - Premium,Yes
948,256,2286.06,8.93,24.93,2018-04-01 07:02:01,2018-07-01 10:25:48,2,0.781,92,2.78,D - Low Value,Yes
949,20,1027.01,51.35,92.41,2018-04-05 22:07:09,2018-07-01 15:31:20,0,0.0,87,0.23,D - Low Value,No
950,46,1734.97,37.72,87.79,2018-04-01 13:04:29,2018-06-30 12:32:50,0,0.0,90,0.51,D - Low Value,No
951,101,1546.74,15.31,115.25,2018-04-01 04:48:19,2018-07-01 19:20:45,7,6.931,92,1.1,D - Low Value,Yes
952,168,12473.34,74.25,159.66,2018-04-01 11:40:32,2018-07-01 19:18:58,0,0.0,92,1.83,B - High Value,No
953,84,1809.34,21.54,53.24,2018-04-01 02:18:04,2018-07-01 17:54:30,1,1.19,92,0.91,D - Low Value,Yes
954,141,7483.86,53.08,115.85,2018-04-02 09:18:36,2018-07-01 12:06:13,1,0.709,91,1.55,B - High Value,Yes
955,222,12872.41,57.98,140.64,2018-04-01 01:54:28,2018-07-01 22:12:49,1,0.45,92,2.41,B - High Value,Yes
956,135,3221.45,23.86,47.26,2018-04-02 04:59:59,2018-07-01 15:25:43,0,0.0,91,1.48,C - Mid Value,No
957,233,16040.95,68.85,157.71,2018-04-01 11:15:18,2018-07-01 12:45:35,0,0.0,92,2.53,A - Premium,No
958,46,2698.67,58.67,107.45,2018-04-04 02:48:29,2018-07-01 12:08:40,0,0.0,89,0.52,D - Low Value,No
959,110,10999.18,99.99,197.33,2018-04-01 05:01:56,2018-06-30 19:14:55,0,0.0,91,1.21,B - High Value,No
960,318,29624.31,93.16,209.85,2018-04-01 06:34:06,2018-07-01 18:42:07,2,0.629,92,3.46,A - Premium,Yes
961,99,6049.85,61.11,134.97,2018-04-01 11:19:23,2018-07-01 22:57:33,3,3.03,92,1.08,C - Mid Value,Yes
962,180,5160.8,28.67,56.73,2018-04-01 06:27:18,2018-07-01 17:01:58,0,0.0,92,1.96,C - Mid Value,No
963,20,977.03,48.85,88.69,2018-04-07 12:34:42,2018-07-01 13:04:23,0,0.0,86,0.23,D - Low Value,No
964,339,15061.94,44.43,124.79,2018-04-01 08:33:03,2018-07-01 19:50:55,0,0.0,92,3.68,A - Premium,No
965,33,1235.81,37.45,65.67,2018-04-01 16:42:13,2018-07-01 18:23:22,0,0.0,92,0.36,D - Low Value,No
966,209,16608.17,79.46,172.21,2018-04-02 11:22:49,2018-07-01 08:54:57,0,0.0,90,2.32,A - Premium,No
967,301,18770.91,62.36,135.39,2018-04-01 00:27:27,2018-07-01 17:43:14,2,0.664,92,3.27,A - Premium,Yes
968,298,22360.27,75.03,180.42,2018-04-01 07:16:45,2018-07-01 14:59:35,1,0.336,92,3.24,A - Premium,Yes
969,140,10407.46,74.34,179.57,2018-04-01 15:03:30,2018-07-01 12:35:07,1,0.714,91,1.54,B - High Value,Yes
970,297,23825.44,80.22,188.85,2018-04-01 10:11:18,2018-07-01 15:14:55,2,0.673,92,3.23,A - Premium,Yes
971,152,9982.61,65.68,136.92,2018-04-01 07:50:28,2018-06-30 16:47:10,3,1.974,91,1.67,B - High Value,Yes
972,168,1969.14,11.72,27.67,2018-04-01 12:07:04,2018-07-01 10:19:36,0,0.0,91,1.85,D - Low Value,No
973,80,5515.65,68.95,167.0,2018-04-01 01:28:30,2018-07-01 06:57:15,0,0.0,92,0.87,C - Mid Value,No
974,112,10206.67,91.13,235.8,2018-04-02 14:36:35,2018-07-01 13:59:42,1,0.893,90,1.24,B - High Value,Yes
975,118,2102.38,17.82,40.08,2018-04-01 00:57:10,2018-06-29 14:59:09,0,0.0,90,1.31,D - Low Value,No
976,118,8887.84,75.32,604.6,2018-04-01 12:00:47,2018-07-01 08:20:51,7,5.932,91,1.3,B - High Value,Yes
977,254,9467.69,37.27,80.94,2018-04-03 08:09:46,2018-07-01 04:28:23,4,1.575,89,2.85,B - High Value,Yes
978,101,4771.28,47.24,117.61,2018-04-01 07:04:25,2018-06-28 07:47:14,0,0.0,89,1.13,C - Mid Value,No
979,165,11699.07,70.9,184.07,2018-04-01 03:54:58,2018-06-30 23:48:27,0,0.0,91,1.81,B - High Value,No
980,64,1423.62,22.24,40.06,2018-04-03 18:27:14,2018-07-01 11:20:35,0,0.0,89,0.72,D - Low Value,No
981,178,9067.82,50.94,119.14,2018-04-01 14:19:54,2018-06-30 17:26:26,1,0.562,91,1.96,B - High Value,Yes
982,168,6750.65,40.18,81.92,2018-04-01 09:24:21,2018-07-01 12:32:32,3,1.786,92,1.83,C - Mid Value,Yes
983,131,11964.96,91.34,177.74,2018-04-02 11:27:13,2018-07-01 14:39:25,2,1.527,91,1.44,B - High Value,Yes
984,123,1624.41,13.21,31.26,2018-04-02 09:40:19,2018-07-01 08:32:19,0,0.0,90,1.37,D - Low Value,No
985,127,3718.57,29.28,62.16,2018-04-01 11:34:50,2018-07-01 10:56:03,0,0.0,91,1.4,C - Mid Value,No
986,10,82.47,8.25,13.84,2018-04-18 14:19:11,2018-06-16 01:50:03,0,0.0,59,0.17,D - Low Value,No
987,285,14617.89,51.29,452.2,2018-04-01 06:40:15,2018-07-01 18:41:29,11,3.86,92,3.1,A - Premium,Yes
988,198,14473.58,73.1,197.04,2018-04-01 02:29:54,2018-07-01 20:50:55,0,0.0,92,2.15,A - Premium,No
989,43,2713.32,63.1,119.7,2018-04-01 15:29:05,2018-07-01 20:17:32,0,0.0,92,0.47,D - Low Value,No
990,240,5246.93,21.86,47.36,2018-04-01 06:40:45,2018-07-01 16:18:27,0,0.0,92,2.61,C - Mid Value,No
991,49,2341.57,47.79,95.5,2018-04-03 10:47:36,2018-06-30 02:08:01,0,0.0,88,0.56,D - Low Value,No
992,341,11125.31,32.63,81.43,2018-04-01 08:51:36,2018-07-01 18:08:58,0,0.0,92,3.71,B - High Value,No
993,328,4344.54,13.25,38.18,2018-04-01 09:54:15,2018-07-01 09:25:50,0,0.0,91,3.6,C - Mid Value,No
994,65,1057.64,16.27,44.74,2018-04-02 13:45:32,2018-06-29 05:19:51,1,1.538,88,0.74,D - Low Value,Yes
995,33,1807.15,54.76,109.71,2018-04-02 08:14:43,2018-06-29 09:23:19,0,0.0,89,0.37,D - Low Value,No
996,21,160.56,7.65,16.65,2018-04-03 07:41:13,2018-06-17 17:28:28,0,0.0,76,0.28,D - Low Value,No
997,82,3464.95,42.26,112.65,2018-04-01 09:10:09,2018-07-01 13:09:40,0,0.0,92,0.89,C - Mid Value,No
998,115,1804.92,15.69,35.88,2018-04-01 15:04:28,2018-06-30 09:47:24,0,0.0,90,1.28,D - Low Value,No
999,106,10368.24,97.81,215.94,2018-04-01 07:34:22,2018-07-01 16:05:29,0,0.0,92,1.15,B - High Value,No
1000,90,1635.59,18.17,43.89,2018-04-01 11:51:30,2018-07-01 22:16:53,0,0.0,92,0.98,D - Low Value,No
1001,192,2945.56,15.34,36.9,2018-04-01 10:17:54,2018-06-30 08:59:49,0,0.0,90,2.13,C - Mid Value,No
1002,64,1528.73,23.89,54.7,2018-04-02 05:15:55,2018-06-30 15:24:52,0,0.0,90,0.71,D - Low Value,No
1003,321,20563.78,64.06,176.43,2018-04-01 10:55:04,2018-07-01 19:14:49,1,0.312,92,3.49,A - Premium,Yes
1004,78,7456.3,95.59,205.24,2018-04-02 07:13:25,2018-07-01 18:09:55,1,1.282,91,0.86,B - High Value,Yes
1005,210,15284.04,72.78,158.56,2018-04-01 18:45:47,2018-07-01 12:09:35,0,0.0,91,2.31,A - Premium,No
1006,148,14838.46,100.26,204.96,2018-04-01 06:37:56,2018-06-30 18:45:52,2,1.351,91,1.63,A - Premium,Yes
1007,124,8155.18,65.77,148.31,2018-04-01 13:33:44,2018-07-01 17:58:29,0,0.0,92,1.35,B - High Value,No
1008,224,2790.91,12.46,28.12,2018-04-01 10:49:19,2018-07-01 12:00:14,0,0.0,92,2.43,C - Mid Value,No
1009,7,69.94,9.99,16.72,2018-04-20 08:26:45,2018-06-24 12:46:56,0,0.0,66,0.11,D - Low Value,No
1010,5,188.2,37.64,59.7,2018-05-02 07:05:58,2018-06-08 14:47:11,0,0.0,38,0.13,D - Low Value,No
1011,322,9102.27,28.27,66.14,2018-04-01 11:20:44,2018-07-01 15:49:19,0,0.0,92,3.5,B - High Value,No
1012,159,13693.68,86.12,214.18,2018-04-02 12:40:55,2018-06-30 15:23:28,0,0.0,90,1.77,B - High Value,No
1013,337,3393.37,10.07,24.21,2018-04-01 06:50:26,2018-07-01 05:49:32,3,0.89,91,3.7,C - Mid Value,Yes
1014,351,27856.0,79.36,179.25,2018-04-01 13:37:05,2018-07-01 13:13:11,3,0.855,91,3.86,A - Premium,Yes
1015,107,7594.41,70.98,158.09,2018-04-01 20:34:41,2018-07-01 16:57:08,0,0.0,91,1.18,B - High Value,No
1016,303,13367.52,44.12,105.72,2018-04-01 05:17:57,2018-07-01 16:41:00,4,1.32,92,3.29,B - High Value,Yes
1017,15,1215.49,81.03,144.38,2018-04-02 18:21:51,2018-07-01 10:32:32,0,0.0,90,0.17,D - Low Value,No
1018,106,7672.97,72.39,159.35,2018-04-02 11:57:52,2018-06-30 09:51:21,1,0.943,89,1.19,B - High Value,Yes
1019,202,2947.52,14.59,36.95,2018-04-01 08:25:21,2018-06-30 14:07:33,0,0.0,91,2.22,C - Mid Value,No
1020,141,6907.82,48.99,122.17,2018-04-01 05:47:19,2018-07-01 23:24:51,1,0.709,92,1.53,C - Mid Value,Yes
1021,353,22568.42,63.93,145.68,2018-04-01 07:02:41,2018-07-01 13:21:54,2,0.567,92,3.84,A - Premium,Yes
1022,143,11720.44,81.96,188.98,2018-04-02 03:17:20,2018-07-01 12:18:30,0,0.0,91,1.57,B - High Value,No
1023,152,4062.29,26.73,69.52,2018-04-01 14:29:24,2018-07-01 14:07:58,3,1.974,91,1.67,C - Mid Value,Yes
1024,47,2307.28,49.09,97.73,2018-04-02 17:51:25,2018-06-28 07:20:10,0,0.0,87,0.54,D - Low Value,No
1025,2,178.55,89.28,100.24,2018-04-30 05:06:06,2018-06-21 14:17:43,0,0.0,53,0.04,D - Low Value,No
1026,301,19303.53,64.13,143.76,2018-04-01 11:08:03,2018-07-01 03:51:27,0,0.0,91,3.31,A - Premium,No
1027,77,6705.49,87.08,172.51,2018-04-02 11:56:45,2018-07-01 08:59:12,0,0.0,90,0.86,C - Mid Value,No
1028,280,19868.5,70.96,167.35,2018-04-01 01:36:50,2018-07-01 09:24:44,0,0.0,92,3.04,A - Premium,No
1029,172,9014.17,52.41,134.7,2018-04-02 02:32:40,2018-07-01 22:34:21,2,1.163,91,1.89,B - High Value,Yes
1030,47,622.57,13.25,24.73,2018-04-04 06:56:05,2018-07-01 12:34:03,0,0.0,89,0.53,D - Low Value,No
1031,367,26717.52,72.8,165.91,2018-04-02 05:17:26,2018-07-01 20:17:58,3,0.817,91,4.03,A - Premium,Yes
1032,101,3925.64,38.87,270.45,2018-04-01 17:15:10,2018-06-30 13:04:31,4,3.96,90,1.12,C - Mid Value,Yes
1033,220,8538.66,38.81,96.95,2018-04-01 12:16:47,2018-07-01 16:17:25,0,0.0,92,2.39,B - High Value,No
1034,113,10265.77,90.85,233.25,2018-04-01 07:49:51,2018-06-28 13:34:43,3,2.655,89,1.27,B - High Value,Yes
1035,295,2013.68,6.83,15.62,2018-04-02 03:57:18,2018-07-01 18:22:34,5,1.695,91,3.24,D - Low Value,Yes
1036,304,18001.64,59.22,133.99,2018-04-01 09:58:06,2018-07-01 14:20:14,0,0.0,92,3.3,A - Premium,No
1037,313,16189.85,51.72,131.87,2018-04-01 01:30:06,2018-07-01 17:30:22,0,0.0,92,3.4,A - Premium,No
1038,266,19213.91,72.23,186.52,2018-04-01 04:43:29,2018-06-30 14:15:37,0,0.0,91,2.92,A - Premium,No
1039,204,6908.98,33.87,87.55,2018-04-01 05:07:41,2018-07-01 16:30:19,3,1.471,92,2.22,C - Mid Value,Yes
1040,182,6602.4,36.28,89.17,2018-04-01 11:12:06,2018-07-01 15:47:41,0,0.0,92,1.98,C - Mid Value,No
1041,131,9630.28,73.51,170.74,2018-04-02 03:43:36,2018-07-01 18:18:29,0,0.0,91,1.44,B - High Value,No
1042,30,1396.44,46.55,94.71,2018-04-03 11:12:42,2018-06-19 11:18:24,0,0.0,78,0.38,D - Low Value,No
1043,225,13265.81,58.96,145.59,2018-04-01 06:42:28,2018-07-01 21:10:12,2,0.889,92,2.45,B - High Value,Yes
1044,320,10026.12,31.33,75.51,2018-04-01 08:23:11,2018-07-01 20:50:45,9,2.812,92,3.48,B - High Value,Yes
1045,151,11684.18,77.38,151.48,2018-04-01 05:51:19,2018-07-01 12:14:39,2,1.325,92,1.64,B - High Value,Yes
1046,94,5173.78,55.04,135.82,2018-04-04 04:22:00,2018-07-01 05:50:29,0,0.0,89,1.06,C - Mid Value,No
1047,280,24662.44,88.08,234.81,2018-04-01 06:15:07,2018-07-01 16:00:03,5,1.786,92,3.04,A - Premium,Yes
1048,197,14716.66,74.7,184.76,2018-04-01 09:03:31,2018-07-01 20:55:54,0,0.0,92,2.14,A - Premium,No
1049,108,5073.03,46.97,98.32,2018-04-01 10:51:50,2018-06-30 15:19:47,0,0.0,91,1.19,C - Mid Value,No
1050,247,6887.44,27.88,69.91,2018-04-01 17:05:11,2018-07-01 10:43:31,0,0.0,91,2.71,C - Mid Value,No
1051,134,13729.99,102.46,244.79,2018-04-01 11:43:35,2018-07-01 13:39:01,3,2.239,92,1.46,B - High Value,Yes
1052,349,29284.83,83.91,185.54,2018-04-01 04:16:39,2018-07-01 23:08:20,0,0.0,92,3.79,A - Premium,No
1053,339,7019.86,20.71,45.81,2018-04-01 10:02:56,2018-07-01 12:18:22,1,0.295,92,3.68,C - Mid Value,Yes
1054,167,8217.51,49.21,104.62,2018-04-01 12:23:08,2018-06-30 04:40:32,2,1.198,90,1.86,B - High Value,Yes
1055,308,20543.03,66.7,165.89,2018-04-01 08:51:34,2018-07-01 15:26:29,3,0.974,92,3.35,A - Premium,Yes
1056,268,19985.05,74.57,149.55,2018-04-01 13:17:57,2018-07-01 17:25:08,2,0.746,92,2.91,A - Premium,Yes
1057,39,3481.89,89.28,198.59,2018-04-02 10:38:31,2018-07-01 15:28:51,0,0.0,91,0.43,C - Mid Value,No
1058,99,6414.74,64.8,145.91,2018-04-02 07:45:16,2018-07-01 15:08:55,0,0.0,91,1.09,C - Mid Value,No
1059,298,4525.74,15.19,33.22,2018-04-01 12:27:52,2018-07-01 17:08:24,3,1.007,92,3.24,C - Mid Value,Yes
1060,194,11880.11,61.24,140.83,2018-04-01 21:21:21,2018-07-01 12:32:23,1,0.515,91,2.13,B - High Value,Yes
1061,279,24970.92,89.5,193.93,2018-04-01 03:00:17,2018-07-01 16:05:40,7,2.509,92,3.03,A - Premium,Yes
1062,186,1445.29,7.77,18.91,2018-04-01 06:14:35,2018-07-01 18:32:49,4,2.151,92,2.02,D - Low Value,Yes
1063,91,8811.18,96.83,181.47,2018-04-01 07:59:52,2018-07-01 09:43:29,0,0.0,92,0.99,B - High Value,No
1064,282,19809.71,70.25,153.96,2018-04-01 06:15:02,2018-07-01 18:35:23,0,0.0,92,3.07,A - Premium,No
1065,294,20177.86,68.63,151.91,2018-04-02 03:39:55,2018-07-01 13:16:19,0,0.0,91,3.23,A - Premium,No
1066,362,13254.29,36.61,89.87,2018-04-01 09:29:10,2018-07-01 14:36:32,0,0.0,92,3.93,B - High Value,No
1067,83,4115.21,49.58,111.74,2018-04-02 01:14:10,2018-07-01 18:01:55,2,2.41,91,0.91,C - Mid Value,Yes
1068,332,20426.88,61.53,132.8,2018-04-01 04:08:44,2018-07-01 18:23:52,1,0.301,92,3.61,A - Premium,Yes
1069,119,7693.88,64.65,151.68,2018-04-01 05:16:43,2018-06-30 18:54:22,2,1.681,91,1.31,B - High Value,Yes
1070,137,7125.21,52.01,106.92,2018-04-04 11:27:44,2018-07-01 19:41:58,1,0.73,89,1.54,C - Mid Value,Yes
1071,172,2321.8,13.5,30.15,2018-04-01 05:18:24,2018-07-01 22:12:27,1,0.581,92,1.87,D - Low Value,Yes
1072,177,12337.87,69.71,157.53,2018-04-01 04:32:20,2018-07-01 09:13:21,4,2.26,92,1.92,B - High Value,Yes
1073,147,10780.34,73.34,189.54,2018-04-01 01:03:08,2018-07-01 15:08:06,2,1.361,92,1.6,B - High Value,Yes
1074,41,3890.72,94.9,176.82,2018-04-01 15:33:38,2018-06-29 13:23:29,0,0.0,89,0.46,C - Mid Value,No
1075,238,1986.64,8.35,19.13,2018-04-01 02:16:23,2018-07-01 19:38:29,0,0.0,92,2.59,D - Low Value,No
1076,17,171.39,10.08,26.39,2018-04-01 05:17:43,2018-06-30 13:32:27,0,0.0,91,0.19,D - Low Value,No
1077,296,1656.46,5.6,13.79,2018-04-01 08:04:18,2018-07-01 14:38:45,0,0.0,92,3.22,D - Low Value,No
1078,180,15939.64,88.55,198.88,2018-04-01 04:46:52,2018-07-01 19:47:24,0,0.0,92,1.96,A - Premium,No
1079,52,1593.49,30.64,66.32,2018-04-02 11:46:24,2018-06-30 17:25:35,0,0.0,90,0.58,D - Low Value,No
1080,112,5811.86,51.89,112.8,2018-04-01 10:56:41,2018-07-01 11:38:54,0,0.0,92,1.22,C - Mid Value,No
1081,62,6452.93,104.08,514.65,2018-04-03 15:36:41,2018-07-01 19:06:27,5,8.065,90,0.69,C - Mid Value,Yes
1082,177,2894.99,16.36,35.59,2018-04-01 10:49:36,2018-07-01 04:08:46,1,0.565,91,1.95,C - Mid Value,Yes
1083,24,1886.76,78.61,136.83,2018-04-02 20:35:12,2018-06-30 10:06:07,0,0.0,89,0.27,D - Low Value,No
1084,248,10530.34,42.46,122.61,2018-04-01 06:52:34,2018-07-01 20:24:15,5,2.016,92,2.7,B - High Value,Yes
1085,332,17958.23,54.09,123.72,2018-04-01 14:54:33,2018-07-01 18:36:07,1,0.301,92,3.61,A - Premium,Yes
1086,268,26526.45,98.98,246.65,2018-04-01 04:20:00,2018-07-01 15:19:48,4,1.493,92,2.91,A - Premium,Yes
1087,156,1461.11,9.37,19.78,2018-04-02 19:47:42,2018-07-01 16:10:28,0,0.0,90,1.73,D - Low Value,No
1088,255,5843.48,22.92,59.4,2018-04-01 09:14:41,2018-07-01 19:46:22,0,0.0,92,2.77,C - Mid Value,No
1089,150,10200.87,68.01,140.83,2018-04-01 07:02:29,2018-07-01 17:16:45,0,0.0,92,1.63,B - High Value,No
1090,160,10121.76,63.26,151.94,2018-04-03 04:16:05,2018-07-01 13:32:33,0,0.0,90,1.78,B - High Value,No
1091,227,8025.48,35.35,78.46,2018-04-01 08:51:36,2018-07-01 12:02:02,1,0.441,92,2.47,B - High Value,Yes
1092,156,10378.76,66.53,127.41,2018-04-02 06:45:18,2018-07-01 13:50:31,0,0.0,91,1.71,B - High Value,No
1093,204,2980.2,14.61,30.7,2018-04-01 02:10:41,2018-07-01 15:44:08,0,0.0,92,2.22,C - Mid Value,No
1094,311,30977.74,99.61,198.91,2018-04-01 09:41:24,2018-07-01 10:32:00,0,0.0,92,3.38,A - Premium,No
1096,194,4807.78,24.78,55.5,2018-04-01 07:44:29,2018-07-01 09:13:55,2,1.031,92,2.11,C - Mid Value,Yes
1097,268,22439.77,83.73,192.41,2018-04-01 03:12:52,2018-06-30 13:13:02,0,0.0,91,2.95,A - Premium,No
1098,146,1272.74,8.72,20.45,2018-04-01 17:45:00,2018-07-01 12:09:26,0,0.0,91,1.6,D - Low Value,No
1099,247,1445.87,5.85,12.87,2018-04-01 05:38:06,2018-07-01 16:02:19,0,0.0,92,2.68,D - Low Value,No
1100,299,15789.83,52.81,118.23,2018-04-01 06:31:00,2018-07-01 19:43:23,1,0.334,92,3.25,A - Premium,Yes
1101,216,13331.37,61.72,131.65,2018-04-01 12:13:28,2018-07-01 13:13:42,5,2.315,92,2.35,B - High Value,Yes
1102,147,12432.68,84.58,210.36,2018-04-01 05:42:34,2018-07-01 17:25:25,0,0.0,92,1.6,B - High Value,No
1103,133,8996.51,67.64,161.35,2018-04-02 18:03:59,2018-07-01 17:15:04,0,0.0,90,1.48,B - High Value,No
1104,44,387.31,8.8,18.76,2018-04-03 13:09:37,2018-06-30 10:55:06,1,2.273,88,0.5,D - Low Value,Yes
1105,33,2239.03,67.85,153.45,2018-04-07 12:03:03,2018-07-01 12:01:31,0,0.0,85,0.39,D - Low Value,No
1106,251,5037.25,20.07,39.57,2018-04-01 00:29:05,2018-07-01 10:09:46,1,0.398,92,2.73,C - Mid Value,Yes
1107,328,2914.95,8.89,22.94,2018-04-01 05:25:15,2018-07-01 23:50:44,1,0.305,92,3.57,C - Mid Value,Yes
1108,152,5839.22,38.42,72.09,2018-04-01 06:56:56,2018-07-01 22:19:18,0,0.0,92,1.65,C - Mid Value,No
1109,330,8664.5,26.26,58.76,2018-04-01 06:12:53,2018-07-01 19:33:32,0,0.0,92,3.59,B - High Value,No
1110,46,1223.85,26.61,56.89,2018-04-02 09:36:57,2018-06-30 10:07:42,0,0.0,90,0.51,D - Low Value,No
1111,329,10418.77,31.67,69.16,2018-04-01 13:31:58,2018-06-30 23:47:29,1,0.304,91,3.62,B - High Value,Yes
1112,40,3566.31,89.16,164.02,2018-04-04 08:57:42,2018-06-27 08:39:39,0,0.0,84,0.48,C - Mid Value,No
1113,337,23754.84,70.49,183.8,2018-04-01 06:28:46,2018-07-01 17:23:24,2,0.593,92,3.66,A - Premium,Yes
1114,158,11680.07,73.92,164.64,2018-04-03 04:03:39,2018-07-01 13:26:45,0,0.0,90,1.76,B - High Value,No
1115,49,3951.89,80.65,172.54,2018-04-02 07:06:14,2018-06-26 20:31:40,0,0.0,86,0.57,C - Mid Value,No
1116,207,19817.44,95.74,224.46,2018-04-01 06:49:19,2018-07-01 09:09:12,4,1.932,92,2.25,A - Premium,Yes
1117,74,5393.08,72.88,167.37,2018-04-02 11:49:15,2018-06-29 12:13:28,0,0.0,89,0.83,C - Mid Value,No
1118,342,22513.25,65.83,516.25,2018-04-01 09:19:07,2018-07-01 14:02:15,19,5.556,92,3.72,A - Premium,Yes
1119,246,22647.51,92.06,208.82,2018-04-01 04:51:02,2018-07-01 21:36:20,1,0.407,92,2.67,A - Premium,Yes
1120,120,7509.12,62.58,136.83,2018-04-01 20:34:58,2018-07-01 18:26:51,0,0.0,91,1.32,B - High Value,No
1121,197,13223.57,67.12,136.82,2018-04-01 07:32:51,2018-07-01 13:24:07,0,0.0,92,2.14,B - High Value,No
1122,318,3635.16,11.43,28.99,2018-04-01 05:04:25,2018-07-01 18:37:41,0,0.0,92,3.46,C - Mid Value,No
1123,277,27253.51,98.39,257.54,2018-04-01 07:53:21,2018-07-01 09:40:46,4,1.444,92,3.01,A - Premium,Yes
1124,152,4448.88,29.27,69.77,2018-04-01 08:07:44,2018-07-01 10:53:00,3,1.974,92,1.65,C - Mid Value,Yes
1125,268,12085.22,45.09,95.99,2018-04-01 09:50:35,2018-07-01 12:09:31,1,0.373,92,2.91,B - High Value,Yes
1126,164,7459.23,45.48,104.12,2018-04-01 05:06:50,2018-07-01 18:22:55,0,0.0,92,1.78,B - High Value,No
1127,298,25857.96,86.77,196.5,2018-04-02 13:54:24,2018-07-01 18:01:10,3,1.007,91,3.27,A - Premium,Yes
1128,209,1477.56,7.07,15.13,2018-04-01 04:52:57,2018-07-01 16:04:39,2,0.957,92,2.27,D - Low Value,Yes
1129,16,1018.25,63.64,118.27,2018-04-01 03:40:11,2018-06-02 17:08:35,0,0.0,63,0.25,D - Low Value,No
1130,49,3574.8,72.96,149.79,2018-04-03 09:36:02,2018-06-30 07:27:16,2,4.082,88,0.56,C - Mid Value,Yes
1131,286,19007.97,66.46,165.54,2018-04-01 19:54:16,2018-07-01 19:31:43,1,0.35,91,3.14,A - Premium,Yes
1132,155,4001.75,25.82,55.2,2018-04-01 09:57:29,2018-07-01 12:16:58,1,0.645,92,1.68,C - Mid Value,Yes
1133,46,1268.19,27.57,53.84,2018-04-10 22:24:47,2018-06-29 09:45:46,0,0.0,80,0.57,D - Low Value,No
1134,309,10874.44,35.19,72.43,2018-04-02 07:39:42,2018-07-01 14:01:00,0,0.0,91,3.4,B - High Value,No
1135,178,17281.37,97.09,255.07,2018-04-02 12:23:55,2018-07-01 15:26:43,4,2.247,91,1.96,A - Premium,Yes
1136,141,8093.66,57.4,413.3,2018-04-03 10:20:31,2018-07-01 18:41:14,10,7.092,90,1.57,B - High Value,Yes
1137,193,5664.09,29.35,65.5,2018-04-01 08:12:15,2018-07-01 10:48:00,1,0.518,92,2.1,C - Mid Value,Yes
1138,258,4541.99,17.6,42.31,2018-04-01 13:08:02,2018-07-01 03:05:35,0,0.0,91,2.84,C - Mid Value,No
1139,277,12093.68,43.66,107.29,2018-04-01 04:59:53,2018-07-01 23:51:16,3,1.083,92,3.01,B - High Value,Yes
1140,163,5704.19,35.0,75.49,2018-04-01 07:49:17,2018-07-01 14:30:21,0,0.0,92,1.77,C - Mid Value,No
1141,222,19623.4,88.39,221.76,2018-04-01 07:53:12,2018-07-01 15:55:22,1,0.45,92,2.41,A - Premium,Yes
1142,94,1644.54,17.5,32.02,2018-04-01 10:36:29,2018-07-01 19:06:05,0,0.0,92,1.02,D - Low Value,No
1143,282,17529.91,62.16,175.58,2018-04-01 02:25:09,2018-07-01 16:38:51,4,1.418,92,3.07,A - Premium,Yes
1144,184,18174.49,98.77,230.66,2018-04-01 11:13:55,2018-07-01 09:22:40,3,1.63,91,2.02,A - Premium,Yes
1145,246,8095.92,32.91,85.55,2018-04-01 05:26:33,2018-07-01 12:35:53,1,0.407,92,2.67,B - High Value,Yes
1146,285,20087.69,70.48,157.63,2018-04-02 03:24:04,2018-07-01 16:21:32,4,1.404,91,3.13,A - Premium,Yes
1147,139,9540.05,68.63,143.9,2018-04-01 16:28:59,2018-07-01 16:27:53,0,0.0,91,1.53,B - High Value,No
1148,356,16318.13,45.84,110.27,2018-04-01 10:00:54,2018-07-01 12:06:21,2,0.562,92,3.87,A - Premium,Yes
1149,143,12687.37,88.72,191.82,2018-04-02 09:38:22,2018-07-01 05:38:49,0,0.0,90,1.59,B - High Value,No
1150,113,4922.88,43.57,94.62,2018-04-01 09:46:53,2018-07-01 09:56:03,0,0.0,92,1.23,C - Mid Value,No
1151,340,32513.77,95.63,230.93,2018-04-01 01:30:36,2018-07-01 16:26:52,6,1.765,92,3.7,A - Premium,Yes
1152,232,15872.19,68.41,161.29,2018-04-01 00:26:54,2018-07-01 15:15:44,3,1.293,92,2.52,A - Premium,Yes
1153,181,14037.7,77.56,199.12,2018-04-01 08:40:54,2018-07-01 08:42:43,0,0.0,92,1.97,B - High Value,No
1154,297,26419.77,88.96,221.91,2018-04-01 09:16:16,2018-07-01 14:47:50,2,0.673,92,3.23,A - Premium,Yes
1155,77,3928.41,51.02,105.79,2018-04-01 12:32:05,2018-07-01 02:52:36,1,1.299,91,0.85,C - Mid Value,Yes
1156,81,7418.35,91.58,196.53,2018-04-01 19:24:18,2018-06-30 08:03:23,0,0.0,90,0.9,B - High Value,No
1157,344,31413.49,91.32,215.25,2018-04-01 07:37:54,2018-07-01 11:19:35,1,0.291,92,3.74,A - Premium,Yes
1158,75,1151.27,15.35,34.17,2018-04-01 04:35:10,2018-07-01 13:03:21,0,0.0,92,0.82,D - Low Value,No
1159,235,13099.77,55.74,123.77,2018-04-01 04:35:03,2018-07-01 04:33:58,1,0.426,91,2.58,B - High Value,Yes
1160,67,3783.19,56.47,114.77,2018-04-04 05:12:37,2018-06-29 17:36:48,0,0.0,87,0.77,C - Mid Value,No
1161,65,1162.12,17.88,38.38,2018-04-01 04:19:42,2018-06-30 11:28:34,0,0.0,91,0.71,D - Low Value,No
1162,100,1754.01,17.54,34.49,2018-04-01 12:14:49,2018-07-01 14:41:24,0,0.0,92,1.09,D - Low Value,No
1163,251,1365.72,5.44,12.69,2018-04-01 05:52:11,2018-07-01 15:40:30,1,0.398,92,2.73,D - Low Value,Yes
1164,59,1882.96,31.91,79.15,2018-04-02 05:40:34,2018-06-25 12:53:38,1,1.695,85,0.69,D - Low Value,Yes
1165,274,28115.18,102.61,222.2,2018-04-01 06:49:26,2018-07-01 15:56:08,3,1.095,92,2.98,A - Premium,Yes
1166,64,2525.16,39.46,81.5,2018-04-02 09:56:46,2018-07-01 06:11:08,0,0.0,90,0.71,D - Low Value,No
1167,169,13990.15,82.78,185.84,2018-04-01 10:15:47,2018-07-01 09:14:47,1,0.592,91,1.86,B - High Value,Yes
1168,172,3461.84,20.13,50.68,2018-04-01 07:32:36,2018-07-01 21:37:24,0,0.0,92,1.87,C - Mid Value,No
1169,44,3200.68,72.74,120.14,2018-04-01 13:15:38,2018-06-30 13:16:25,0,0.0,91,0.48,C - Mid Value,No
1170,148,15106.11,102.07,209.46,2018-04-01 06:16:04,2018-06-30 19:04:28,0,0.0,91,1.63,A - Premium,No
1171,292,8613.58,29.5,65.01,2018-04-01 11:54:15,2018-07-01 10:48:42,1,0.342,91,3.21,B - High Value,Yes
1172,73,846.04,11.59,28.15,2018-04-01 02:05:13,2018-07-01 08:51:27,0,0.0,92,0.79,D - Low Value,No
1173,167,12122.12,72.59,182.78,2018-04-01 08:33:18,2018-07-01 17:43:43,0,0.0,92,1.82,B - High Value,No
1174,20,1496.05,74.8,140.46,2018-04-02 15:09:53,2018-06-27 08:51:26,0,0.0,86,0.23,D - Low Value,No
1175,53,4270.67,80.58,170.17,2018-04-01 15:48:58,2018-06-28 17:20:35,0,0.0,89,0.6,C - Mid Value,No
1176,101,9335.29,92.43,253.43,2018-04-01 17:56:54,2018-07-01 13:11:30,2,1.98,91,1.11,B - High Value,Yes
1177,229,11712.16,51.14,111.24,2018-04-01 07:27:27,2018-07-01 16:02:34,0,0.0,92,2.49,B - High Value,No
1178,330,23978.2,72.66,176.9,2018-04-01 18:24:21,2018-07-01 15:51:36,5,1.515,91,3.63,A - Premium,Yes
1179,159,1308.35,8.23,16.26,2018-04-01 18:02:30,2018-07-01 13:42:17,1,0.629,91,1.75,D - Low Value,Yes
1180,159,17133.35,107.76,225.72,2018-04-01 10:12:35,2018-07-01 09:06:46,4,2.516,91,1.75,A - Premium,Yes
1181,233,10731.78,46.06,93.57,2018-04-01 00:48:27,2018-07-01 11:11:43,0,0.0,92,2.53,B - High Value,No
1182,253,8911.89,35.22,80.26,2018-04-01 11:42:12,2018-07-01 18:03:21,0,0.0,92,2.75,B - High Value,No
1183,105,9877.76,94.07,223.72,2018-04-01 19:38:44,2018-07-01 21:22:38,1,0.952,92,1.14,B - High Value,Yes
1184,80,6737.16,84.21,162.75,2018-04-01 18:39:40,2018-06-30 20:23:38,1,1.25,91,0.88,C - Mid Value,Yes
1185,12,292.13,24.34,36.66,2018-04-07 10:06:52,2018-06-26 03:54:32,0,0.0,80,0.15,D - Low Value,No
1186,129,8546.69,66.25,150.35,2018-04-01 00:51:48,2018-06-30 00:04:07,0,0.0,90,1.43,B - High Value,No
1187,238,18837.87,79.15,188.2,2018-04-01 06:29:54,2018-07-01 04:26:06,2,0.84,91,2.62,A - Premium,Yes
1188,205,11676.34,56.96,136.01,2018-04-01 04:30:10,2018-06-30 13:04:06,5,2.439,91,2.25,B - High Value,Yes
1189,269,4993.9,18.56,46.27,2018-04-01 07:03:51,2018-07-01 17:46:11,1,0.372,92,2.92,C - Mid Value,Yes
1190,155,9816.44,63.33,152.79,2018-04-01 06:05:47,2018-06-29 06:40:12,0,0.0,90,1.72,B - High Value,No
1191,31,2591.57,83.6,152.78,2018-04-03 04:00:50,2018-06-27 12:10:18,0,0.0,86,0.36,D - Low Value,No
1192,29,174.71,6.02,11.65,2018-04-01 19:32:59,2018-06-30 05:39:23,0,0.0,90,0.32,D - Low Value,No
1193,250,19114.43,76.46,180.69,2018-04-01 01:40:44,2018-07-01 23:13:27,1,0.4,92,2.72,A - Premium,Yes
1194,21,111.75,5.32,8.23,2018-04-01 16:03:25,2018-06-29 10:45:39,1,4.762,89,0.24,D - Low Value,Yes
1195,6,57.16,9.53,13.11,2018-04-29 10:29:17,2018-06-15 13:24:49,0,0.0,48,0.12,D - Low Value,No
1196,364,3742.16,10.28,31.3,2018-04-01 05:33:35,2018-07-01 13:55:28,0,0.0,92,3.96,C - Mid Value,No
1197,291,20276.24,69.68,150.34,2018-04-01 06:29:39,2018-07-01 13:54:13,2,0.687,92,3.16,A - Premium,Yes
1198,211,14959.88,70.9,154.65,2018-04-01 03:07:53,2018-07-01 16:08:30,0,0.0,92,2.29,A - Premium,No
1199,194,5434.33,28.01,67.41,2018-04-01 04:14:23,2018-07-01 15:35:27,0,0.0,92,2.11,C - Mid Value,No
1200,177,9887.98,55.86,142.84,2018-04-01 06:39:38,2018-07-01 10:58:01,0,0.0,92,1.92,B - High Value,No
1201,127,3986.12,31.39,63.59,2018-04-01 07:38:53,2018-06-30 22:31:01,0,0.0,91,1.4,C - Mid Value,No
1202,327,11394.0,34.84,85.56,2018-04-01 07:24:46,2018-07-01 22:02:05,3,0.917,92,3.55,B - High Value,Yes
1203,131,9003.71,68.73,138.53,2018-04-01 03:30:45,2018-06-30 10:20:19,0,0.0,91,1.44,B - High Value,No
1204,123,6599.2,53.65,101.53,2018-04-01 05:29:06,2018-07-01 13:16:30,1,0.813,92,1.34,C - Mid Value,Yes
1205,314,2074.63,6.61,16.92,2018-04-01 10:24:44,2018-07-01 11:55:13,0,0.0,92,3.41,D - Low Value,No
1206,308,20963.26,68.06,156.02,2018-04-01 05:39:52,2018-07-01 18:02:51,0,0.0,92,3.35,A - Premium,No
1207,23,1148.32,49.93,107.4,2018-04-06 10:39:36,2018-06-27 11:34:27,0,0.0,83,0.28,D - Low Value,No
1208,267,26673.63,99.9,226.91,2018-04-02 11:51:33,2018-07-01 11:18:18,1,0.375,90,2.97,A - Premium,Yes
1209,111,5206.57,46.91,99.57,2018-04-01 08:22:23,2018-07-01 15:12:49,0,0.0,92,1.21,C - Mid Value,No
1210,280,12633.72,45.12,120.67,2018-04-01 05:25:38,2018-07-01 19:03:29,1,0.357,92,3.04,B - High Value,Yes
1211,218,11954.69,54.84,141.1,2018-04-01 08:10:48,2018-06-30 01:13:06,2,0.917,90,2.42,B - High Value,Yes
1212,124,3490.65,28.15,54.46,2018-04-01 14:34:18,2018-06-30 16:35:26,1,0.806,91,1.36,C - Mid Value,Yes
1213,134,12799.24,95.52,238.81,2018-04-01 03:35:06,2018-07-01 23:34:45,3,2.239,92,1.46,B - High Value,Yes
1214,201,5235.07,26.05,60.6,2018-04-01 14:06:32,2018-07-01 15:19:56,1,0.498,92,2.18,C - Mid Value,Yes
1215,67,4419.91,65.97,142.12,2018-04-04 11:43:23,2018-07-01 08:35:29,0,0.0,88,0.76,C - Mid Value,No
1216,168,13123.94,78.12,182.43,2018-04-01 07:38:51,2018-07-01 19:08:06,0,0.0,92,1.83,B - High Value,No
1217,161,9440.99,58.64,128.58,2018-04-01 18:04:26,2018-07-01 07:11:39,0,0.0,91,1.77,B - High Value,No
1218,305,5871.06,19.25,45.11,2018-04-01 10:17:06,2018-07-01 22:12:01,4,1.311,92,3.32,C - Mid Value,Yes
1219,294,25411.61,86.43,196.78,2018-04-01 11:08:08,2018-07-01 07:29:33,1,0.34,91,3.23,A - Premium,Yes
1220,129,9073.81,70.34,148.31,2018-04-01 17:52:58,2018-06-30 16:10:27,0,0.0,90,1.43,B - High Value,No
1221,260,26447.43,101.72,227.11,2018-04-01 09:14:55,2018-07-01 11:01:29,5,1.923,92,2.83,A - Premium,Yes
1222,115,8804.8,76.56,163.61,2018-04-06 04:41:57,2018-07-01 10:36:28,3,2.609,87,1.32,B - High Value,Yes
1223,248,10274.0,41.43,105.0,2018-04-01 06:47:51,2018-07-01 15:55:10,0,0.0,92,2.7,B - High Value,No
1224,27,2456.27,90.97,169.89,2018-04-02 09:57:02,2018-06-28 15:51:39,0,0.0,88,0.31,D - Low Value,No
1225,82,2643.56,32.24,75.43,2018-04-01 19:04:45,2018-07-01 14:57:41,0,0.0,91,0.9,D - Low Value,No
1226,74,4211.02,56.91,126.47,2018-04-02 15:01:50,2018-07-01 23:10:12,0,0.0,91,0.81,C - Mid Value,No
1227,243,21560.8,88.73,224.93,2018-04-01 12:42:32,2018-07-01 16:56:01,1,0.412,92,2.64,A - Premium,Yes
1228,71,3138.55,44.2,86.79,2018-04-01 07:33:19,2018-07-01 16:27:06,1,1.408,92,0.77,C - Mid Value,Yes
1229,183,2451.4,13.4,27.37,2018-04-01 11:35:44,2018-07-01 10:01:57,1,0.546,91,2.01,D - Low Value,Yes
1230,264,6133.99,23.23,56.85,2018-04-01 17:47:11,2018-07-01 14:48:39,1,0.379,91,2.9,C - Mid Value,Yes
1231,159,11245.06,70.72,145.59,2018-04-01 06:20:41,2018-07-01 09:55:25,0,0.0,92,1.73,B - High Value,No
1232,57,2529.62,44.38,93.73,2018-04-02 21:00:51,2018-07-01 15:46:33,0,0.0,90,0.63,D - Low Value,No
1233,85,2296.12,27.01,60.78,2018-04-01 09:02:46,2018-07-01 06:46:38,0,0.0,91,0.93,D - Low Value,No
1234,121,1192.24,9.85,23.23,2018-04-02 15:40:50,2018-07-01 22:44:03,4,3.306,91,1.33,D - Low Value,Yes
1235,278,23675.38,85.16,225.82,2018-04-01 04:55:13,2018-07-01 07:19:46,1,0.36,92,3.02,A - Premium,Yes
1236,136,6048.85,44.48,101.22,2018-04-01 14:14:51,2018-06-29 06:01:17,1,0.735,89,1.53,C - Mid Value,Yes
1237,188,5478.28,29.14,59.56,2018-04-01 05:39:18,2018-07-01 14:12:47,0,0.0,92,2.04,C - Mid Value,No
1238,62,2112.51,34.07,74.88,2018-04-01 07:24:38,2018-07-01 06:52:47,0,0.0,91,0.68,D - Low Value,No
1239,260,20636.73,79.37,182.68,2018-04-01 08:35:31,2018-07-01 14:16:03,4,1.538,92,2.83,A - Premium,Yes
1240,329,14554.12,44.24,110.44,2018-04-01 14:09:04,2018-07-01 19:53:24,4,1.216,92,3.58,A - Premium,Yes
1241,217,5788.72,26.68,58.62,2018-04-01 10:01:38,2018-07-01 12:34:12,1,0.461,92,2.36,C - Mid Value,Yes
1242,153,11873.11,77.6,180.45,2018-04-01 06:22:48,2018-07-01 17:08:37,0,0.0,92,1.66,B - High Value,No
1243,140,4702.5,33.59,84.96,2018-04-01 10:02:49,2018-07-01 15:13:49,0,0.0,92,1.52,C - Mid Value,No
1244,299,12299.85,41.14,99.86,2018-04-01 04:24:31,2018-07-01 20:03:31,5,1.672,92,3.25,B - High Value,Yes
1245,314,8572.3,27.3,67.1,2018-04-01 08:42:29,2018-07-01 19:36:46,3,0.955,92,3.41,B - High Value,Yes
1246,383,20887.09,54.54,125.22,2018-04-01 06:21:09,2018-07-01 14:55:18,0,0.0,92,4.16,A - Premium,No
1247,93,2249.65,24.19,51.81,2018-04-01 07:18:59,2018-07-01 14:41:40,1,1.075,92,1.01,D - Low Value,Yes
1248,82,5948.97,72.55,170.5,2018-04-02 15:35:04,2018-06-30 14:26:44,0,0.0,89,0.92,C - Mid Value,No
1249,364,15871.23,43.6,101.61,2018-04-01 07:06:27,2018-07-01 22:02:45,0,0.0,92,3.96,A - Premium,No
1250,115,1420.71,12.35,25.59,2018-04-05 16:51:41,2018-06-30 11:24:23,0,0.0,86,1.34,D - Low Value,No
1251,43,624.56,14.52,27.54,2018-04-01 08:33:00,2018-06-29 00:12:07,0,0.0,89,0.48,D - Low Value,No
1252,266,23136.07,86.98,202.0,2018-04-01 05:22:00,2018-07-01 21:04:03,0,0.0,92,2.89,A - Premium,No
1253,235,8315.18,35.38,75.18,2018-04-01 05:53:31,2018-07-01 18:09:53,0,0.0,92,2.55,B - High Value,No
1254,322,17437.86,54.15,132.03,2018-04-01 01:54:39,2018-07-01 22:53:36,4,1.242,92,3.5,A - Premium,Yes
1255,49,606.12,12.37,21.45,2018-04-09 10:00:06,2018-07-01 14:40:09,0,0.0,84,0.58,D - Low Value,No
1256,8,105.22,13.15,23.97,2018-04-01 14:30:56,2018-06-24 12:36:50,0,0.0,84,0.1,D - Low Value,No
1257,299,21796.25,72.9,207.01,2018-04-01 21:11:43,2018-07-01 18:09:38,5,1.672,91,3.29,A - Premium,Yes
1258,68,3313.93,48.73,107.65,2018-04-02 08:56:26,2018-06-30 14:21:40,0,0.0,90,0.76,C - Mid Value,No
1259,213,3547.75,16.66,38.73,2018-04-01 05:26:56,2018-07-01 11:58:29,2,0.939,92,2.32,C - Mid Value,Yes
1260,40,755.23,18.88,39.2,2018-04-03 10:48:37,2018-06-30 01:55:16,0,0.0,88,0.45,D - Low Value,No
1261,79,5147.46,65.16,143.44,2018-04-02 09:02:25,2018-07-01 16:50:33,1,1.266,91,0.87,C - Mid Value,Yes
1262,325,6238.68,19.2,48.74,2018-04-01 08:04:47,2018-07-01 16:58:35,4,1.231,92,3.53,C - Mid Value,Yes
1263,262,11905.66,45.44,105.81,2018-04-01 02:03:39,2018-07-01 13:44:18,0,0.0,92,2.85,B - High Value,No
1264,207,17814.03,86.06,201.87,2018-04-01 18:45:04,2018-07-01 17:26:09,5,2.415,91,2.27,A - Premium,Yes
1265,173,17556.72,101.48,263.81,2018-04-02 06:05:44,2018-07-01 18:05:51,2,1.156,91,1.9,A - Premium,Yes
1266,93,1810.6,19.47,40.57,2018-04-01 02:35:47,2018-06-30 22:12:03,1,1.075,91,1.02,D - Low Value,Yes
1267,97,7339.23,75.66,149.0,2018-04-01 07:36:30,2018-07-01 13:32:22,1,1.031,92,1.05,B - High Value,Yes
1268,135,12084.4,89.51,171.86,2018-04-01 04:56:35,2018-06-30 14:34:34,0,0.0,91,1.48,B - High Value,No
1269,43,3438.13,79.96,214.4,2018-04-01 11:35:16,2018-06-29 14:38:45,0,0.0,90,0.48,C - Mid Value,No
1270,204,14467.12,70.92,159.46,2018-04-01 00:21:09,2018-07-01 22:31:31,0,0.0,92,2.22,A - Premium,No
1271,299,6920.03,23.14,56.36,2018-04-01 10:54:07,2018-07-01 16:19:44,3,1.003,92,3.25,C - Mid Value,Yes
1272,365,26244.3,71.9,156.27,2018-04-01 10:59:14,2018-07-01 18:56:41,6,1.644,92,3.97,A - Premium,Yes
1273,174,14751.46,84.78,472.15,2018-04-02 00:56:45,2018-07-01 11:32:51,8,4.598,91,1.91,A - Premium,Yes
1274,122,6146.65,50.38,108.55,2018-04-01 17:34:05,2018-06-30 12:44:52,0,0.0,90,1.36,C - Mid Value,No
1275,318,21616.4,67.98,146.99,2018-04-01 10:26:20,2018-07-01 18:56:50,3,0.943,92,3.46,A - Premium,Yes
1276,283,8385.59,29.63,66.06,2018-04-01 04:37:13,2018-07-01 21:18:31,5,1.767,92,3.08,B - High Value,Yes
1277,101,5888.76,58.3,143.88,2018-04-02 08:57:10,2018-07-01 04:58:41,2,1.98,90,1.12,C - Mid Value,Yes
1278,221,18071.12,81.77,220.62,2018-04-01 12:29:48,2018-07-01 22:13:32,6,2.715,92,2.4,A - Premium,Yes
1279,106,1069.92,10.09,25.78,2018-04-01 14:20:47,2018-07-01 19:10:59,1,0.943,92,1.15,D - Low Value,Yes
1280,215,5588.29,25.99,64.42,2018-04-01 09:26:28,2018-07-01 11:32:17,0,0.0,92,2.34,C - Mid Value,No
1281,19,1841.95,96.94,181.92,2018-04-06 15:03:27,2018-06-28 08:52:35,0,0.0,83,0.23,D - Low Value,No
1282,214,3516.81,16.43,40.52,2018-04-01 04:35:54,2018-07-01 17:17:09,4,1.869,92,2.33,C - Mid Value,Yes
1283,111,7800.22,70.27,144.07,2018-04-02 17:38:49,2018-06-30 21:30:20,0,0.0,90,1.23,B - High Value,No
1284,315,27848.32,88.41,237.75,2018-04-01 08:34:13,2018-07-01 15:28:34,1,0.317,92,3.42,A - Premium,Yes
1285,30,276.25,9.21,15.61,2018-04-08 13:30:38,2018-06-25 14:43:01,0,0.0,79,0.38,D - Low Value,No
1286,186,2156.71,11.6,28.24,2018-04-02 11:06:22,2018-07-01 12:26:49,2,1.075,91,2.04,D - Low Value,Yes
1287,72,4246.21,58.98,130.21,2018-04-03 19:12:12,2018-07-01 09:57:06,1,1.389,89,0.81,C - Mid Value,Yes
1288,360,6648.81,18.47,44.99,2018-04-01 08:40:44,2018-07-01 18:26:04,2,0.556,92,3.91,C - Mid Value,Yes
1289,89,2825.0,31.74,64.11,2018-04-01 11:47:23,2018-06-30 15:04:25,0,0.0,91,0.98,C - Mid Value,No
1290,18,1240.62,68.92,114.6,2018-04-05 11:56:49,2018-06-28 17:54:16,0,0.0,85,0.21,D - Low Value,No
1291,54,5166.55,95.68,213.07,2018-04-04 09:22:02,2018-06-27 14:32:15,0,0.0,85,0.64,C - Mid Value,No
1292,92,7300.96,79.36,179.44,2018-04-01 14:47:26,2018-07-01 13:46:34,0,0.0,91,1.01,B - High Value,No
1293,28,2420.38,86.44,191.56,2018-04-04 11:08:39,2018-06-29 13:49:50,0,0.0,87,0.32,D - Low Value,No
1294,219,9210.74,42.06,110.09,2018-04-01 09:41:59,2018-07-01 18:06:23,0,0.0,92,2.38,B - High Value,No
1295,308,20697.39,67.2,168.77,2018-04-01 07:38:36,2018-07-01 18:32:28,2,0.649,92,3.35,A - Premium,Yes
1296,51,779.11,15.28,38.04,2018-04-01 12:49:03,2018-07-01 14:08:32,1,1.961,92,0.55,D - Low Value,Yes
1297,247,13686.57,55.41,112.78,2018-04-02 10:40:35,2018-07-01 16:51:18,5,2.024,91,2.71,B - High Value,Yes
1298,102,6070.3,59.51,107.29,2018-04-01 18:41:38,2018-06-29 14:29:54,0,0.0,89,1.15,C - Mid Value,No
1299,3,289.65,96.55,102.21,2018-04-17 20:39:48,2018-06-22 11:05:28,0,0.0,66,0.05,D - Low Value,No
1300,76,2206.15,29.03,58.07,2018-04-02 19:37:29,2018-07-01 08:33:22,0,0.0,90,0.84,D - Low Value,No
1301,323,7482.42,23.17,54.94,2018-04-01 05:19:14,2018-07-01 19:30:04,3,0.929,92,3.51,B - High Value,Yes
1302,66,490.95,7.44,19.47,2018-04-01 10:08:33,2018-06-30 16:35:07,0,0.0,91,0.73,D - Low Value,No
1303,133,8961.06,67.38,140.56,2018-04-01 13:16:51,2018-07-01 20:18:33,0,0.0,92,1.45,B - High Value,No
1304,332,7160.39,21.57,52.39,2018-04-01 05:37:04,2018-07-01 16:48:27,0,0.0,92,3.61,B - High Value,No
1305,5,411.57,82.31,98.36,2018-04-24 11:22:30,2018-06-14 22:28:50,0,0.0,52,0.1,D - Low Value,No
1306,146,6828.07,46.77,98.38,2018-04-01 12:23:14,2018-07-01 14:56:36,1,0.685,92,1.59,C - Mid Value,Yes
1307,244,15447.12,63.31,183.52,2018-04-01 04:40:57,2018-07-01 15:09:35,1,0.41,92,2.65,A - Premium,Yes
1308,223,23158.61,103.85,282.59,2018-04-01 11:38:58,2018-07-01 21:57:50,3,1.345,92,2.42,A - Premium,Yes
1309,186,18067.01,97.13,202.33,2018-04-01 11:38:19,2018-07-01 16:46:06,1,0.538,92,2.02,A - Premium,Yes
1310,340,19792.39,58.21,209.33,2018-04-01 06:24:31,2018-07-01 10:19:25,3,0.882,92,3.7,A - Premium,Yes
1311,139,6502.01,46.78,114.78,2018-04-02 17:14:22,2018-06-30 14:01:32,0,0.0,89,1.56,C - Mid Value,No
1312,191,1250.68,6.55,15.71,2018-04-01 02:04:04,2018-07-01 18:04:31,0,0.0,92,2.08,D - Low Value,No
1313,307,22499.27,73.29,170.03,2018-04-01 11:55:47,2018-07-01 15:10:15,0,0.0,92,3.34,A - Premium,No
1314,180,13064.94,72.58,155.62,2018-04-01 12:05:56,2018-07-01 15:50:53,2,1.111,92,1.96,B - High Value,Yes
1315,84,3601.87,42.88,92.57,2018-04-02 17:35:11,2018-07-01 18:54:45,2,2.381,91,0.92,C - Mid Value,Yes
1316,104,10119.02,97.3,228.96,2018-04-02 09:39:40,2018-06-30 16:39:32,1,0.962,90,1.16,B - High Value,Yes
1317,93,9678.91,104.07,216.87,2018-04-02 02:03:24,2018-07-01 07:47:26,2,2.151,91,1.02,B - High Value,Yes
1318,280,21794.19,77.84,164.05,2018-04-01 07:11:06,2018-07-01 17:51:33,1,0.357,92,3.04,A - Premium,Yes
1319,291,30228.1,103.88,236.8,2018-04-01 07:08:18,2018-07-01 05:56:15,2,0.687,91,3.2,A - Premium,Yes
1320,331,29348.45,88.67,210.53,2018-04-01 10:11:56,2018-07-01 20:09:53,2,0.604,92,3.6,A - Premium,Yes
1321,218,17610.04,80.78,179.14,2018-04-01 01:30:47,2018-07-01 10:08:37,0,0.0,92,2.37,A - Premium,No
1322,245,8996.77,36.72,79.65,2018-04-01 06:07:51,2018-07-01 18:06:17,0,0.0,92,2.66,B - High Value,No
1323,246,19927.85,81.01,177.89,2018-04-01 22:08:31,2018-07-01 16:31:43,3,1.22,91,2.7,A - Premium,Yes
1324,180,5594.21,31.08,69.84,2018-04-01 08:20:55,2018-07-01 13:45:15,0,0.0,92,1.96,C - Mid Value,No
1325,225,5566.03,24.74,65.59,2018-04-01 10:15:32,2018-07-01 08:37:28,1,0.444,91,2.47,C - Mid Value,Yes
1326,275,13604.54,49.47,145.8,2018-04-01 06:18:31,2018-07-01 16:07:34,0,0.0,92,2.99,B - High Value,No
1327,45,2922.54,64.95,152.67,2018-04-01 10:10:18,2018-06-25 13:55:18,1,2.222,86,0.52,C - Mid Value,Yes
1328,107,8270.7,77.3,167.28,2018-04-01 21:41:52,2018-07-01 08:26:09,0,0.0,91,1.18,B - High Value,No
1329,341,28083.02,82.35,187.35,2018-04-01 08:50:23,2018-07-01 14:18:51,7,2.053,92,3.71,A - Premium,Yes
1330,186,17322.64,93.13,215.68,2018-04-01 11:22:40,2018-07-01 11:29:18,1,0.538,92,2.02,A - Premium,Yes
1331,315,24007.33,76.21,204.21,2018-04-01 10:13:23,2018-07-01 15:02:28,0,0.0,92,3.42,A - Premium,No
1332,211,21612.64,102.43,642.8,2018-04-01 01:17:57,2018-07-01 11:20:11,7,3.318,92,2.29,A - Premium,Yes
1333,324,24832.21,76.64,180.34,2018-04-01 18:51:45,2018-07-01 07:02:51,3,0.926,91,3.56,A - Premium,Yes
1334,3,225.11,75.04,80.84,2018-04-01 16:46:28,2018-05-09 15:37:39,0,0.0,38,0.08,D - Low Value,No
1335,102,5733.41,56.21,110.11,2018-04-03 08:53:45,2018-07-01 10:17:47,0,0.0,90,1.13,C - Mid Value,No
1336,267,8456.33,31.67,83.24,2018-04-01 08:23:30,2018-06-30 21:20:13,0,0.0,91,2.93,B - High Value,No
1337,170,16003.87,94.14,180.89,2018-04-01 10:12:43,2018-07-01 18:36:21,0,0.0,92,1.85,A - Premium,No
1338,26,1273.04,48.96,90.89,2018-04-02 08:20:51,2018-07-01 17:24:01,0,0.0,91,0.29,D - Low Value,No
1339,316,20030.36,63.39,166.45,2018-04-01 08:11:23,2018-07-01 20:25:51,0,0.0,92,3.43,A - Premium,No
1340,168,2852.03,16.98,34.23,2018-04-01 02:59:14,2018-07-01 17:39:12,0,0.0,92,1.83,C - Mid Value,No
1341,135,3805.99,28.19,60.36,2018-04-01 08:13:26,2018-07-01 16:03:16,1,0.741,92,1.47,C - Mid Value,Yes
1342,232,16168.79,69.69,140.66,2018-04-01 09:23:06,2018-07-01 09:34:35,0,0.0,92,2.52,A - Premium,No
1343,164,10174.63,62.04,130.58,2018-04-01 11:24:31,2018-07-01 16:46:37,0,0.0,92,1.78,B - High Value,No
1344,63,1942.57,30.83,66.56,2018-04-01 16:45:26,2018-07-01 11:19:32,0,0.0,91,0.69,D - Low Value,No
1346,75,6003.66,80.05,174.54,2018-04-01 10:59:00,2018-07-01 10:20:02,0,0.0,91,0.82,C - Mid Value,No
1347,154,15725.33,102.11,240.09,2018-04-01 04:26:29,2018-07-01 08:40:52,2,1.299,92,1.67,A - Premium,Yes
1348,245,13559.75,55.35,125.94,2018-04-01 06:49:48,2018-07-01 14:09:50,0,0.0,92,2.66,B - High Value,No
1349,144,1026.38,7.13,14.89,2018-04-02 18:38:39,2018-07-01 06:24:14,0,0.0,90,1.6,D - Low Value,No
1350,107,5253.01,49.09,117.13,2018-04-02 13:08:54,2018-07-01 12:24:55,1,0.935,90,1.19,C - Mid Value,Yes
1351,209,10094.35,48.3,104.91,2018-04-01 06:17:00,2018-07-01 18:01:59,0,0.0,92,2.27,B - High Value,No
1352,243,15617.0,64.27,143.3,2018-04-01 05:37:07,2018-07-01 08:38:53,0,0.0,92,2.64,A - Premium,No
1353,285,8399.61,29.47,79.44,2018-04-01 08:06:58,2018-06-30 17:43:10,2,0.702,91,3.13,B - High Value,Yes
1354,332,8391.38,25.28,61.6,2018-04-01 06:33:18,2018-07-01 16:55:06,1,0.301,92,3.61,B - High Value,Yes
1355,9,380.0,42.22,60.47,2018-04-08 14:57:08,2018-06-22 14:40:40,0,0.0,75,0.12,D - Low Value,No
1356,82,6528.95,79.62,161.23,2018-04-02 05:54:10,2018-07-01 05:30:01,0,0.0,90,0.91,C - Mid Value,No
1357,78,3501.4,44.89,96.21,2018-04-02 12:12:28,2018-07-01 07:28:00,0,0.0,90,0.87,C - Mid Value,No
1358,3,142.54,47.51,61.2,2018-04-30 06:52:53,2018-05-19 11:33:51,0,0.0,20,0.15,D - Low Value,No
1359,264,1970.51,7.46,15.67,2018-04-01 18:02:41,2018-07-01 15:05:12,0,0.0,91,2.9,D - Low Value,No
1360,266,11714.85,44.04,104.95,2018-04-02 03:21:07,2018-07-01 15:14:30,2,0.752,91,2.92,B - High Value,Yes
1361,283,27282.91,96.41,209.27,2018-04-01 08:56:55,2018-07-01 18:51:33,3,1.06,92,3.08,A - Premium,Yes
1362,296,27454.37,92.75,228.17,2018-04-01 09:06:59,2018-07-01 11:18:37,2,0.676,92,3.22,A - Premium,Yes
1363,69,908.18,13.16,23.83,2018-04-01 13:24:28,2018-06-30 18:51:14,2,2.899,91,0.76,D - Low Value,Yes
1364,317,13690.43,43.19,101.6,2018-04-01 05:18:42,2018-07-01 22:41:12,0,0.0,92,3.45,B - High Value,No
1365,280,14227.09,50.81,124.48,2018-04-02 08:28:30,2018-07-01 08:47:49,0,0.0,91,3.08,B - High Value,No
1366,63,5429.66,86.19,191.43,2018-04-01 08:51:39,2018-07-01 07:17:57,1,1.587,91,0.69,C - Mid Value,Yes
1367,53,2665.28,50.29,111.04,2018-04-01 08:28:46,2018-06-30 15:54:36,0,0.0,91,0.58,D - Low Value,No
1368,229,17152.09,74.9,171.25,2018-04-01 11:18:37,2018-07-01 15:23:02,1,0.437,92,2.49,A - Premium,Yes
1369,251,4893.33,19.5,46.13,2018-04-01 11:51:36,2018-07-01 20:48:42,5,1.992,92,2.73,C - Mid Value,Yes
1370,177,10966.49,61.96,153.67,2018-04-01 15:51:57,2018-07-01 20:17:45,0,0.0,92,1.92,B - High Value,No
1371,145,12316.21,84.94,191.99,2018-04-03 08:35:15,2018-07-01 14:08:50,0,0.0,90,1.61,B - High Value,No
1372,242,19774.82,81.71,182.72,2018-04-01 10:38:40,2018-07-01 16:08:33,0,0.0,92,2.63,A - Premium,No
1373,304,27729.99,91.22,213.33,2018-04-01 03:04:47,2018-07-01 17:49:55,2,0.658,92,3.3,A - Premium,Yes
1374,31,1589.35,51.27,84.51,2018-04-02 08:22:06,2018-06-23 17:36:29,0,0.0,83,0.37,D - Low Value,No
1375,36,3016.1,83.78,149.75,2018-04-06 14:57:29,2018-06-30 07:56:05,0,0.0,85,0.42,C - Mid Value,No
1376,281,11468.17,40.81,291.8,2018-04-01 07:36:17,2018-07-01 15:51:10,20,7.117,92,3.05,B - High Value,Yes
1377,204,1014.95,4.98,11.78,2018-04-01 08:53:19,2018-07-01 09:57:01,0,0.0,92,2.22,D - Low Value,No
1378,77,6988.55,90.76,200.69,2018-04-05 01:19:10,2018-06-28 11:13:35,0,0.0,85,0.91,C - Mid Value,No
1379,228,13940.3,61.14,134.73,2018-04-01 08:04:11,2018-07-01 18:59:31,1,0.439,92,2.48,B - High Value,Yes
1380,325,3137.24,9.65,27.5,2018-04-01 00:46:39,2018-07-01 15:29:04,0,0.0,92,3.53,C - Mid Value,No
1381,277,4132.75,14.92,119.75,2018-04-01 11:17:14,2018-07-01 16:37:55,13,4.693,92,3.01,C - Mid Value,Yes
1382,163,9804.2,60.15,175.9,2018-04-02 11:43:40,2018-06-30 16:33:36,1,0.613,90,1.81,B - High Value,Yes
1383,55,2859.81,52.0,106.53,2018-04-01 11:40:06,2018-07-01 13:31:23,0,0.0,92,0.6,C - Mid Value,No
1384,307,31514.44,102.65,244.13,2018-04-01 11:24:50,2018-07-01 15:06:10,3,0.977,92,3.34,A - Premium,Yes
1385,100,7188.77,71.89,155.52,2018-04-01 11:09:55,2018-07-01 16:01:08,0,0.0,92,1.09,B - High Value,No
1386,280,22192.83,79.26,175.04,2018-04-01 05:36:10,2018-07-01 15:53:46,0,0.0,92,3.04,A - Premium,No
1387,263,16476.91,62.65,136.84,2018-04-01 08:00:58,2018-07-01 12:29:23,0,0.0,92,2.86,A - Premium,No
1388,128,4389.0,34.29,69.05,2018-04-01 14:50:59,2018-07-01 14:29:10,2,1.562,91,1.41,C - Mid Value,Yes
1389,153,6608.99,43.2,97.02,2018-04-01 11:24:00,2018-07-01 10:35:32,2,1.307,91,1.68,C - Mid Value,Yes
1390,81,3415.41,42.17,80.41,2018-04-02 07:10:30,2018-07-01 18:24:04,0,0.0,91,0.89,C - Mid Value,No
1391,325,5452.73,16.78,39.1,2018-04-01 11:56:34,2018-07-01 17:59:23,2,0.615,92,3.53,C - Mid Value,Yes
1392,179,7286.08,40.7,110.95,2018-04-01 05:25:00,2018-07-01 19:58:51,1,0.559,92,1.95,B - High Value,Yes
1393,96,677.99,7.06,15.94,2018-04-01 03:06:13,2018-06-29 12:11:21,0,0.0,90,1.07,D - Low Value,No
1394,238,18358.01,77.13,183.36,2018-04-02 11:20:03,2018-07-01 15:08:19,1,0.42,91,2.62,A - Premium,Yes
1395,58,1278.37,22.04,44.99,2018-04-01 13:09:44,2018-07-01 06:55:02,0,0.0,91,0.64,D - Low Value,No
1396,330,3664.65,11.1,32.52,2018-04-01 01:07:32,2018-07-01 19:51:29,0,0.0,92,3.59,C - Mid Value,No
1397,44,2796.68,63.56,130.06,2018-04-06 16:21:01,2018-07-01 18:17:32,0,0.0,87,0.51,C - Mid Value,No
1398,155,11331.03,73.1,177.19,2018-04-01 13:32:08,2018-07-01 18:23:39,0,0.0,92,1.68,B - High Value,No
1399,131,4053.2,30.94,67.48,2018-04-04 12:32:29,2018-07-01 21:35:11,1,0.763,89,1.47,C - Mid Value,Yes
1400,295,17845.31,60.49,152.07,2018-04-01 13:35:34,2018-07-01 19:43:09,1,0.339,92,3.21,A - Premium,Yes
1401,223,17620.58,79.02,708.2,2018-04-01 01:12:48,2018-07-01 21:38:30,10,4.484,92,2.42,A - Premium,Yes
1402,237,22867.62,96.49,217.38,2018-04-01 19:30:18,2018-07-01 18:01:06,4,1.688,91,2.6,A - Premium,Yes
1403,109,10161.64,93.23,215.55,2018-04-01 05:24:17,2018-07-01 12:06:43,1,0.917,92,1.18,B - High Value,Yes
1404,60,5516.22,91.94,199.46,2018-04-01 14:37:22,2018-06-30 01:22:17,0,0.0,90,0.67,C - Mid Value,No
1405,276,2423.69,8.78,19.15,2018-04-01 05:07:57,2018-07-01 15:48:05,0,0.0,92,3.0,D - Low Value,No
1406,300,14364.89,47.88,122.14,2018-04-01 11:21:41,2018-07-01 21:25:20,3,1.0,92,3.26,A - Premium,Yes
1407,81,6292.46,77.68,171.08,2018-04-01 19:59:32,2018-06-30 15:08:47,1,1.235,90,0.9,C - Mid Value,Yes
1408,181,13030.07,71.99,166.0,2018-04-01 14:32:45,2018-07-01 14:39:17,0,0.0,92,1.97,B - High Value,No
1409,58,1922.85,33.15,73.65,2018-04-03 07:16:00,2018-06-29 12:30:54,0,0.0,88,0.66,D - Low Value,No
1410,315,27966.09,88.78,213.39,2018-04-01 03:31:33,2018-07-01 13:19:12,1,0.317,92,3.42,A - Premium,Yes
1411,370,19074.7,51.55,115.39,2018-04-01 05:17:16,2018-07-01 19:53:37,1,0.27,92,4.02,A - Premium,Yes
1412,16,222.85,13.93,26.62,2018-04-01 11:27:14,2018-06-21 18:16:19,0,0.0,82,0.2,D - Low Value,No
1413,342,10234.35,29.92,70.1,2018-04-01 09:52:27,2018-07-01 04:01:56,0,0.0,91,3.76,B - High Value,No
1414,324,17006.41,52.49,120.09,2018-04-01 14:21:10,2018-07-01 17:41:46,1,0.309,92,3.52,A - Premium,Yes
1415,296,9668.74,32.66,80.49,2018-04-01 09:42:23,2018-07-01 17:16:48,0,0.0,92,3.22,B - High Value,No
1416,316,24740.07,78.29,214.08,2018-04-01 05:15:16,2018-07-01 15:19:28,0,0.0,92,3.43,A - Premium,No
1417,25,739.07,29.56,59.3,2018-04-01 12:10:35,2018-06-28 13:51:09,0,0.0,89,0.28,D - Low Value,No
1418,66,3549.1,53.77,120.47,2018-04-01 11:37:16,2018-06-30 19:10:54,0,0.0,91,0.73,C - Mid Value,No
1419,177,8729.35,49.32,94.83,2018-04-01 04:11:09,2018-07-01 05:27:11,1,0.565,92,1.92,B - High Value,Yes
1420,80,928.5,11.61,21.36,2018-04-01 11:29:37,2018-06-30 14:05:53,1,1.25,91,0.88,D - Low Value,Yes
1421,122,6555.23,53.73,115.97,2018-04-01 07:22:11,2018-07-01 23:09:06,2,1.639,92,1.33,C - Mid Value,Yes
1422,8,718.65,89.83,155.96,2018-04-08 14:37:11,2018-06-21 06:17:59,0,0.0,74,0.11,D - Low Value,No
1423,338,11277.97,33.37,76.51,2018-04-01 07:29:29,2018-07-01 15:40:17,2,0.592,92,3.67,B - High Value,Yes
1424,17,688.63,40.51,69.29,2018-04-09 18:57:11,2018-06-27 10:05:25,0,0.0,79,0.22,D - Low Value,No
1425,161,7682.79,47.72,113.34,2018-04-01 23:08:00,2018-07-01 19:37:40,1,0.621,91,1.77,B - High Value,Yes
1426,12,345.62,28.8,74.17,2018-04-05 11:43:08,2018-06-28 13:20:02,0,0.0,85,0.14,D - Low Value,No
1427,278,6157.27,22.15,56.16,2018-04-01 04:11:34,2018-07-01 21:31:14,2,0.719,92,3.02,C - Mid Value,Yes
1428,137,718.74,5.25,12.4,2018-04-01 06:46:23,2018-07-01 04:45:08,0,0.0,91,1.51,D - Low Value,No
1429,347,8642.11,24.91,60.2,2018-04-01 09:32:37,2018-07-01 12:43:38,1,0.288,92,3.77,B - High Value,Yes
1430,314,14263.97,45.43,95.95,2018-04-01 11:04:11,2018-07-01 07:45:56,1,0.318,91,3.45,A - Premium,Yes
1431,11,187.06,17.01,28.25,2018-04-12 08:37:58,2018-06-27 11:36:28,0,0.0,77,0.14,D - Low Value,No
1432,247,20982.84,84.95,189.57,2018-04-01 02:03:55,2018-07-01 14:22:34,0,0.0,92,2.68,A - Premium,No
1433,27,2369.48,87.76,155.96,2018-04-01 11:25:07,2018-06-18 09:07:37,0,0.0,78,0.35,D - Low Value,No
1434,140,14161.16,101.15,254.73,2018-04-01 11:50:29,2018-06-30 17:42:26,2,1.429,91,1.54,B - High Value,Yes
1435,20,1877.94,93.9,196.77,2018-04-04 11:15:42,2018-07-01 13:16:51,0,0.0,89,0.22,D - Low Value,No
1436,87,6803.66,78.2,190.31,2018-04-01 16:24:13,2018-07-01 10:57:38,0,0.0,91,0.96,C - Mid Value,No
1437,219,21119.44,96.44,219.9,2018-04-01 06:43:41,2018-07-01 16:28:57,1,0.457,92,2.38,A - Premium,Yes
1438,198,3427.34,17.31,39.53,2018-04-01 02:30:45,2018-07-01 10:56:31,0,0.0,92,2.15,C - Mid Value,No
1439,269,12750.49,47.4,114.01,2018-04-01 10:17:56,2018-07-01 18:47:15,0,0.0,92,2.92,B - High Value,No
1440,271,12364.37,45.62,116.43,2018-04-01 02:12:46,2018-07-01 17:16:47,0,0.0,92,2.95,B - High Value,No
1441,202,2719.73,13.46,38.97,2018-04-01 12:16:09,2018-06-30 17:01:21,0,0.0,91,2.22,D - Low Value,No
1442,194,17678.12,91.12,216.45,2018-04-01 19:11:45,2018-06-30 21:12:51,1,0.515,91,2.13,A - Premium,Yes
1443,11,755.39,68.67,134.71,2018-04-06 07:13:40,2018-06-23 11:23:43,0,0.0,79,0.14,D - Low Value,No
1444,61,6171.48,101.17,196.38,2018-04-02 09:46:14,2018-07-01 14:21:12,0,0.0,91,0.67,C - Mid Value,No
1445,303,16150.16,53.3,132.64,2018-04-01 07:30:23,2018-07-01 08:15:00,4,1.32,92,3.29,A - Premium,Yes
1446,27,2641.11,97.82,207.03,2018-04-07 15:46:34,2018-06-29 18:44:26,0,0.0,84,0.32,D - Low Value,No
1447,207,16650.59,80.44,189.25,2018-04-01 02:46:25,2018-07-01 23:48:57,0,0.0,92,2.25,A - Premium,No
1448,105,8422.92,80.22,186.69,2018-04-02 10:32:00,2018-07-01 11:21:07,2,1.905,91,1.15,B - High Value,Yes
1449,50,1730.42,34.61,69.62,2018-04-01 03:53:28,2018-06-30 01:17:02,0,0.0,90,0.56,D - Low Value,No
1450,173,15609.35,90.23,192.97,2018-04-01 09:28:52,2018-07-01 05:27:45,1,0.578,91,1.9,A - Premium,Yes
1451,330,29031.52,87.97,196.62,2018-04-01 10:28:19,2018-07-01 19:02:15,3,0.909,92,3.59,A - Premium,Yes
1452,96,5693.58,59.31,132.8,2018-04-05 00:04:50,2018-07-01 11:17:18,0,0.0,88,1.09,C - Mid Value,No
1453,226,18814.55,83.25,195.99,2018-04-01 01:43:19,2018-07-01 16:57:22,0,0.0,92,2.46,A - Premium,No
1454,170,2912.61,17.13,40.49,2018-04-01 16:10:07,2018-07-01 15:50:08,0,0.0,91,1.87,C - Mid Value,No
1455,294,7254.34,24.67,60.7,2018-04-02 03:04:51,2018-07-01 17:30:20,0,0.0,91,3.23,B - High Value,No
1456,286,12441.19,43.5,93.56,2018-04-02 08:25:56,2018-07-01 09:55:20,1,0.35,91,3.14,B - High Value,Yes
1457,82,4946.42,60.32,154.79,2018-04-01 01:42:16,2018-07-01 16:19:04,0,0.0,92,0.89,C - Mid Value,No
1458,307,4792.78,15.61,32.76,2018-04-01 05:41:21,2018-07-01 17:30:38,0,0.0,92,3.34,C - Mid Value,No
1459,11,67.75,6.16,9.8,2018-04-11 20:26:38,2018-06-25 08:25:53,0,0.0,75,0.15,D - Low Value,No
1460,133,9449.9,71.05,159.3,2018-04-01 02:34:24,2018-06-30 07:13:15,0,0.0,91,1.46,B - High Value,No
1461,63,2303.05,36.56,73.2,2018-04-02 14:30:25,2018-06-30 18:55:58,0,0.0,90,0.7,D - Low Value,No
1462,141,6075.79,43.09,98.85,2018-04-01 08:53:17,2018-07-01 18:50:28,0,0.0,92,1.53,C - Mid Value,No
1463,70,1015.3,14.5,29.34,2018-04-04 00:59:26,2018-06-30 09:20:59,3,4.286,88,0.8,D - Low Value,Yes
1464,117,10968.33,93.75,226.69,2018-04-01 09:28:45,2018-07-01 07:11:19,2,1.709,91,1.29,B - High Value,Yes
1465,366,12419.97,33.93,78.46,2018-04-01 11:24:19,2018-07-01 19:54:01,1,0.273,92,3.98,B - High Value,Yes
1466,143,11437.74,79.98,185.2,2018-04-01 06:00:35,2018-07-01 17:50:06,2,1.399,92,1.55,B - High Value,Yes
1467,206,14075.1,68.33,153.58,2018-04-01 16:39:37,2018-07-01 21:26:00,2,0.971,92,2.24,B - High Value,Yes
1468,226,3315.03,14.67,38.92,2018-04-02 09:18:17,2018-06-30 15:34:31,0,0.0,90,2.51,C - Mid Value,No
1469,344,30499.76,88.66,226.61,2018-04-01 11:11:25,2018-07-01 14:23:23,1,0.291,92,3.74,A - Premium,Yes
1470,259,2092.12,8.08,19.93,2018-04-01 07:04:10,2018-07-01 15:17:38,0,0.0,92,2.82,D - Low Value,No
1471,215,5621.72,26.15,65.3,2018-04-01 16:13:36,2018-07-01 18:20:03,1,0.465,92,2.34,C - Mid Value,Yes
1472,146,10163.31,69.61,160.86,2018-04-01 20:08:59,2018-07-01 13:27:03,0,0.0,91,1.6,B - High Value,No
1473,21,1415.88,67.42,113.65,2018-04-01 03:49:46,2018-06-28 11:41:45,0,0.0,89,0.24,D - Low Value,No
1474,28,689.42,24.62,41.54,2018-04-01 12:24:18,2018-06-28 04:01:40,0,0.0,88,0.32,D - Low Value,No
1475,221,19910.08,90.09,215.61,2018-04-01 11:51:55,2018-07-01 19:19:26,0,0.0,92,2.4,A - Premium,No
1476,331,22117.96,66.82,160.65,2018-04-01 17:37:58,2018-07-01 20:03:48,3,0.906,92,3.6,A - Premium,Yes
1477,344,9285.88,26.99,65.65,2018-04-01 10:40:11,2018-07-01 14:23:23,0,0.0,92,3.74,B - High Value,No
1478,42,1255.66,29.9,50.78,2018-04-03 18:17:43,2018-07-01 11:12:56,0,0.0,89,0.47,D - Low Value,No
1479,147,3791.51,25.79,57.23,2018-04-02 11:11:23,2018-07-01 21:17:28,0,0.0,91,1.62,C - Mid Value,No
1480,342,10948.78,32.01,72.4,2018-04-01 16:08:06,2018-07-01 15:53:21,3,0.877,91,3.76,B - High Value,Yes
1481,288,8831.19,30.66,69.23,2018-04-01 13:23:04,2018-07-01 16:04:53,1,0.347,92,3.13,B - High Value,Yes
1482,73,5328.22,72.99,407.2,2018-04-02 05:03:35,2018-06-30 20:08:40,7,9.589,90,0.81,C - Mid Value,Yes
1483,263,2200.19,8.37,18.9,2018-04-01 15:03:01,2018-07-01 19:51:53,1,0.38,92,2.86,D - Low Value,Yes
1484,107,3036.45,28.38,64.25,2018-04-01 03:58:00,2018-07-01 16:28:43,2,1.869,92,1.16,C - Mid Value,Yes
1485,36,207.34,5.76,11.73,2018-04-06 05:36:53,2018-06-27 13:53:06,0,0.0,83,0.43,D - Low Value,No
1486,290,12020.87,41.45,106.67,2018-04-01 07:09:47,2018-07-01 19:20:54,0,0.0,92,3.15,B - High Value,No
1487,274,22713.08,82.89,182.12,2018-04-01 05:03:46,2018-07-01 17:11:00,3,1.095,92,2.98,A - Premium,Yes
1488,23,512.15,22.27,34.86,2018-04-01 11:39:11,2018-06-29 12:10:36,0,0.0,90,0.26,D - Low Value,No
1489,190,12882.28,67.8,605.75,2018-04-01 08:32:52,2018-07-01 10:08:23,14,7.368,92,2.07,B - High Value,Yes
1490,315,8554.34,27.16,67.83,2018-04-01 10:42:53,2018-07-01 20:08:28,0,0.0,92,3.42,B - High Value,No
1491,224,3638.0,16.24,35.66,2018-04-01 10:53:52,2018-07-01 17:55:37,2,0.893,92,2.43,C - Mid Value,Yes
1492,207,4231.68,20.44,45.43,2018-04-01 09:57:40,2018-06-30 17:08:17,0,0.0,91,2.27,C - Mid Value,No
1493,40,1172.08,29.3,59.34,2018-04-03 14:50:27,2018-06-28 15:13:40,0,0.0,87,0.46,D - Low Value,No
1494,171,4982.91,29.14,68.89,2018-04-01 06:51:10,2018-06-30 13:16:29,2,1.17,91,1.88,C - Mid Value,Yes
1495,207,11750.21,56.76,118.49,2018-04-01 14:37:42,2018-07-01 14:19:09,1,0.483,91,2.27,B - High Value,Yes
1496,97,5386.85,55.53,108.39,2018-04-03 09:17:28,2018-07-01 15:12:10,1,1.031,90,1.08,C - Mid Value,Yes
1497,122,1296.32,10.63,20.78,2018-04-01 20:19:48,2018-06-30 08:25:43,0,0.0,90,1.36,D - Low Value,No
1498,38,1753.23,46.14,89.88,2018-04-01 14:11:37,2018-07-01 09:28:16,0,0.0,91,0.42,D - Low Value,No
1499,125,6588.85,52.71,128.61,2018-04-01 13:49:21,2018-07-01 18:29:01,0,0.0,92,1.36,C - Mid Value,No
1500,197,13137.01,66.69,203.18,2018-04-01 12:58:22,2018-07-01 15:43:34,1,0.508,92,2.14,B - High Value,Yes
1501,11,142.38,12.94,20.87,2018-04-05 05:44:58,2018-06-29 15:35:18,0,0.0,86,0.13,D - Low Value,No
1502,333,15328.07,46.03,98.04,2018-04-01 04:26:30,2018-07-01 17:07:38,0,0.0,92,3.62,A - Premium,No
1503,349,14500.85,41.55,86.32,2018-04-01 02:56:00,2018-07-01 09:07:03,0,0.0,92,3.79,A - Premium,No
1504,1,96.43,96.43,96.43,2018-05-16 12:56:55,2018-05-16 12:56:55,0,0.0,1,1.0,D - Low Value,No
1505,290,3993.67,13.77,28.78,2018-04-01 00:58:36,2018-06-30 20:58:45,4,1.379,91,3.19,C - Mid Value,Yes
1506,300,15621.17,52.07,112.34,2018-04-01 12:47:57,2018-07-01 03:51:32,1,0.333,91,3.3,A - Premium,Yes
1507,99,3890.28,39.3,88.39,2018-04-02 15:45:30,2018-06-30 12:08:58,0,0.0,89,1.11,C - Mid Value,No
1508,157,6000.04,38.22,88.58,2018-04-01 08:03:05,2018-07-01 01:53:59,0,0.0,91,1.73,C - Mid Value,No
1509,182,15890.5,87.31,234.54,2018-04-01 15:44:45,2018-06-28 15:54:24,1,0.549,89,2.04,A - Premium,Yes
1510,355,17048.51,48.02,115.63,2018-04-01 14:13:43,2018-07-01 08:02:59,3,0.845,91,3.9,A - Premium,Yes
1511,252,12951.44,51.39,102.6,2018-04-01 05:49:23,2018-07-01 12:39:09,3,1.19,92,2.74,B - High Value,Yes
1512,298,9919.16,33.29,77.24,2018-04-01 10:04:30,2018-07-01 16:26:23,4,1.342,92,3.24,B - High Value,Yes
1513,226,14133.72,62.54,148.47,2018-04-02 05:56:44,2018-07-01 18:27:18,1,0.442,91,2.48,B - High Value,Yes
1514,69,491.06,7.12,13.63,2018-04-01 11:49:03,2018-06-29 04:09:09,1,1.449,89,0.78,D - Low Value,Yes
1515,113,1505.27,13.32,29.51,2018-04-01 07:05:13,2018-07-01 12:41:40,1,0.885,92,1.23,D - Low Value,Yes
1516,197,20145.1,102.26,202.66,2018-04-01 05:56:11,2018-07-01 16:17:33,0,0.0,92,2.14,A - Premium,No
1517,190,5743.17,30.23,79.33,2018-04-02 08:31:43,2018-07-01 09:28:42,1,0.526,91,2.09,C - Mid Value,Yes
1518,159,9272.9,58.32,140.81,2018-04-02 13:08:38,2018-07-01 16:18:19,1,0.629,91,1.75,B - High Value,Yes
1519,66,3468.37,52.55,115.5,2018-04-02 06:55:47,2018-07-01 19:50:19,0,0.0,91,0.73,C - Mid Value,No
1520,142,1986.14,13.99,32.16,2018-04-02 10:29:04,2018-07-01 13:31:34,1,0.704,91,1.56,D - Low Value,Yes
1521,244,23401.92,95.91,214.55,2018-04-01 08:24:45,2018-06-30 14:06:19,0,0.0,91,2.68,A - Premium,No
1522,290,1604.62,5.53,12.52,2018-04-01 06:07:38,2018-07-01 12:31:00,0,0.0,92,3.15,D - Low Value,No
1523,235,15020.47,63.92,166.56,2018-04-01 03:25:21,2018-07-01 19:12:09,4,1.702,92,2.55,A - Premium,Yes
1524,80,5153.42,64.42,147.84,2018-04-02 20:05:28,2018-07-01 06:45:04,0,0.0,90,0.89,C - Mid Value,No
1525,171,12275.48,71.79,168.76,2018-04-01 00:50:02,2018-06-30 10:35:40,5,2.924,91,1.88,B - High Value,Yes
1526,85,8848.91,104.1,196.05,2018-04-01 18:00:09,2018-06-30 16:03:36,1,1.176,90,0.94,B - High Value,Yes
1527,154,6107.75,39.66,102.31,2018-04-01 06:28:56,2018-07-01 12:57:43,4,2.597,92,1.67,C - Mid Value,Yes
1528,314,24678.75,78.59,193.88,2018-04-01 02:36:41,2018-07-01 13:11:51,1,0.318,92,3.41,A - Premium,Yes
1529,23,161.74,7.03,13.72,2018-04-11 09:58:01,2018-06-29 09:05:46,0,0.0,79,0.29,D - Low Value,No
1530,218,4465.98,20.49,47.46,2018-04-01 18:15:02,2018-07-01 16:15:36,2,0.917,91,2.4,C - Mid Value,Yes
1531,348,13332.07,38.31,94.83,2018-04-01 05:00:03,2018-07-01 16:50:55,0,0.0,92,3.78,B - High Value,No
1532,29,1616.51,55.74,97.41,2018-04-01 17:58:11,2018-07-01 10:12:49,0,0.0,91,0.32,D - Low Value,No
1533,235,12895.96,54.88,128.72,2018-04-01 10:31:19,2018-07-01 21:26:06,3,1.277,92,2.55,B - High Value,Yes
1534,321,20718.04,64.54,158.86,2018-04-01 20:26:35,2018-07-01 13:40:32,0,0.0,91,3.53,A - Premium,No
1535,131,11817.59,90.21,175.54,2018-04-01 07:12:57,2018-07-01 08:15:32,0,0.0,92,1.42,B - High Value,No
1536,218,19743.68,90.57,208.27,2018-04-01 05:52:20,2018-07-01 16:52:28,1,0.459,92,2.37,A - Premium,Yes
1537,50,348.12,6.96,16.29,2018-04-01 06:01:50,2018-06-29 08:12:53,0,0.0,90,0.56,D - Low Value,No
1538,30,1205.84,40.19,69.2,2018-04-03 13:44:29,2018-06-29 22:25:52,0,0.0,88,0.34,D - Low Value,No
1539,129,1362.18,10.56,24.51,2018-04-01 13:30:00,2018-07-01 06:50:22,0,0.0,91,1.42,D - Low Value,No
1540,139,1608.57,11.57,24.35,2018-04-01 07:46:29,2018-07-01 07:23:44,1,0.719,91,1.53,D - Low Value,Yes
1541,35,3243.73,92.68,175.52,2018-04-04 05:32:32,2018-07-01 09:30:28,0,0.0,89,0.39,C - Mid Value,No
1542,266,2123.22,7.98,18.12,2018-04-01 15:26:13,2018-07-01 18:27:09,5,1.88,92,2.89,D - Low Value,Yes
1543,264,12768.52,48.37,112.67,2018-04-01 08:32:59,2018-07-01 17:08:10,3,1.136,92,2.87,B - High Value,Yes
1544,193,7719.93,40.0,80.44,2018-04-01 13:42:40,2018-07-01 23:25:49,0,0.0,92,2.1,B - High Value,No
1545,149,12710.36,85.3,178.45,2018-04-01 02:20:52,2018-07-01 11:49:43,2,1.342,92,1.62,B - High Value,Yes
1546,238,5453.05,22.91,47.59,2018-04-01 00:33:22,2018-07-01 10:49:48,0,0.0,92,2.59,C - Mid Value,No
1547,22,2273.42,103.34,185.97,2018-04-08 18:46:46,2018-06-30 06:22:26,0,0.0,83,0.27,D - Low Value,No
1548,182,15528.01,85.32,205.32,2018-04-01 02:03:44,2018-07-01 03:57:56,2,1.099,92,1.98,A - Premium,Yes
1549,187,1958.97,10.48,24.24,2018-04-01 07:22:34,2018-06-28 13:46:08,1,0.535,89,2.1,D - Low Value,Yes
1550,148,1043.3,7.05,14.69,2018-04-01 11:08:52,2018-07-01 03:26:46,0,0.0,91,1.63,D - Low Value,No
1551,305,13687.09,44.88,103.18,2018-04-01 11:12:33,2018-07-01 14:21:58,2,0.656,92,3.32,B - High Value,Yes
1552,26,1523.11,58.58,179.15,2018-04-03 15:17:25,2018-07-01 18:41:34,2,7.692,90,0.29,D - Low Value,Yes
1553,8,550.26,68.78,131.72,2018-04-10 11:11:07,2018-06-26 03:57:39,0,0.0,77,0.1,D - Low Value,No
1554,281,27754.47,98.77,250.71,2018-04-01 07:50:18,2018-07-01 21:45:09,3,1.068,92,3.05,A - Premium,Yes
1555,77,4202.08,54.57,129.12,2018-04-02 07:56:02,2018-07-01 12:25:23,0,0.0,91,0.85,C - Mid Value,No
1556,50,302.34,6.05,12.87,2018-04-04 09:13:27,2018-07-01 07:13:58,0,0.0,88,0.57,D - Low Value,No
1557,67,3010.56,44.93,101.05,2018-04-01 02:45:13,2018-07-01 15:15:55,0,0.0,92,0.73,C - Mid Value,No
1558,208,17204.71,82.71,172.24,2018-04-01 06:33:58,2018-07-01 20:18:54,1,0.481,92,2.26,A - Premium,Yes
1559,253,9175.83,36.27,83.75,2018-04-01 03:17:17,2018-06-30 11:40:08,5,1.976,91,2.78,B - High Value,Yes
1560,350,8024.47,22.93,53.49,2018-04-01 10:19:38,2018-07-01 22:32:25,0,0.0,92,3.8,B - High Value,No
1561,315,24463.98,77.66,656.35,2018-04-01 07:01:37,2018-07-01 14:39:22,15,4.762,92,3.42,A - Premium,Yes
1562,179,14085.52,78.69,173.13,2018-04-01 22:47:16,2018-07-01 18:35:30,0,0.0,91,1.97,B - High Value,No
1563,189,11186.84,59.19,116.07,2018-04-01 14:06:06,2018-07-01 00:04:19,2,1.058,91,2.08,B - High Value,Yes
1564,168,9588.14,57.07,136.01,2018-04-02 06:49:34,2018-07-01 08:00:14,4,2.381,91,1.85,B - High Value,Yes
1565,231,7454.6,32.27,78.63,2018-04-01 08:35:56,2018-07-01 22:08:42,1,0.433,92,2.51,B - High Value,Yes
1566,183,5164.71,28.22,67.37,2018-04-01 05:14:14,2018-07-01 08:14:15,0,0.0,92,1.99,C - Mid Value,No
1567,334,27794.15,83.22,185.95,2018-04-01 11:31:12,2018-07-01 20:45:06,0,0.0,92,3.63,A - Premium,No
1568,65,3148.4,48.44,99.6,2018-04-01 16:41:02,2018-06-25 09:00:08,0,0.0,85,0.76,C - Mid Value,No
1569,176,16394.25,93.15,200.05,2018-04-01 09:13:24,2018-07-01 02:33:49,0,0.0,91,1.93,A - Premium,No
1570,333,19733.43,59.26,147.9,2018-04-01 09:04:37,2018-07-01 15:42:15,2,0.601,92,3.62,A - Premium,Yes
1571,59,2744.49,46.52,76.51,2018-04-02 07:31:12,2018-06-25 11:55:59,0,0.0,85,0.69,D - Low Value,No
1572,63,4839.96,76.82,154.81,2018-04-01 12:11:55,2018-06-30 05:05:22,0,0.0,90,0.7,C - Mid Value,No
1573,73,6118.23,83.81,197.7,2018-04-01 08:01:30,2018-07-01 17:55:23,0,0.0,92,0.79,C - Mid Value,No
1574,176,12161.33,69.1,195.04,2018-04-01 07:14:30,2018-07-01 21:22:22,0,0.0,92,1.91,B - High Value,No
1575,248,14416.08,58.13,121.15,2018-04-01 10:38:38,2018-07-01 16:56:33,0,0.0,92,2.7,A - Premium,No
1576,244,14861.91,60.91,122.56,2018-04-01 08:55:38,2018-07-01 15:10:45,2,0.82,92,2.65,A - Premium,Yes
1577,107,3990.71,37.3,81.1,2018-04-01 10:46:33,2018-07-01 14:06:05,1,0.935,92,1.16,C - Mid Value,Yes
1578,271,2065.78,7.62,16.98,2018-04-01 12:38:23,2018-07-01 18:43:16,0,0.0,92,2.95,D - Low Value,No
1579,236,4738.27,20.08,41.55,2018-04-01 05:30:41,2018-07-01 15:53:14,1,0.424,92,2.57,C - Mid Value,Yes
1580,277,4260.14,15.38,37.51,2018-04-01 05:15:34,2018-07-01 14:01:57,0,0.0,92,3.01,C - Mid Value,No
1581,265,20963.16,79.11,172.2,2018-04-01 05:53:49,2018-06-30 16:22:30,1,0.377,91,2.91,A - Premium,Yes
1582,124,8613.43,69.46,142.68,2018-04-04 09:57:38,2018-07-01 14:24:53,0,0.0,89,1.39,B - High Value,No
1583,41,3151.77,76.87,160.95,2018-04-02 15:47:58,2018-06-28 13:25:07,1,2.439,87,0.47,C - Mid Value,Yes
1584,124,7201.36,58.08,116.07,2018-04-02 08:33:27,2018-07-01 15:39:17,0,0.0,91,1.36,B - High Value,No
1585,87,3378.17,38.83,92.12,2018-04-02 07:37:35,2018-07-01 07:04:30,0,0.0,90,0.97,C - Mid Value,No
1586,242,12326.65,50.94,108.92,2018-04-01 11:01:56,2018-07-01 16:33:38,2,0.826,92,2.63,B - High Value,Yes
1587,208,11586.58,55.7,120.71,2018-04-01 04:24:49,2018-07-01 18:06:02,4,1.923,92,2.26,B - High Value,Yes
1588,44,4112.88,93.47,146.76,2018-04-02 12:23:42,2018-06-30 19:05:24,0,0.0,90,0.49,C - Mid Value,No
1589,90,4851.72,53.91,130.58,2018-04-01 06:52:49,2018-07-01 05:15:08,2,2.222,91,0.99,C - Mid Value,Yes
1590,242,22348.62,92.35,224.11,2018-04-02 05:11:52,2018-07-01 12:56:29,1,0.413,91,2.66,A - Premium,Yes
1591,74,3591.5,48.53,88.04,2018-04-01 18:51:59,2018-07-01 07:59:52,0,0.0,91,0.81,C - Mid Value,No
1592,212,11677.73,55.08,117.26,2018-04-01 09:01:18,2018-07-01 21:49:04,0,0.0,92,2.3,B - High Value,No
1593,280,10709.04,38.25,88.98,2018-04-01 14:47:35,2018-07-01 11:19:19,0,0.0,91,3.08,B - High Value,No
1594,74,2812.74,38.01,76.8,2018-04-02 06:24:36,2018-07-01 10:40:50,2,2.703,91,0.81,C - Mid Value,Yes
1595,353,23578.89,66.8,148.05,2018-04-01 13:50:24,2018-07-01 07:22:01,0,0.0,91,3.88,A - Premium,No
1596,204,10914.22,53.5,118.41,2018-04-01 05:43:55,2018-07-01 12:08:31,5,2.451,92,2.22,B - High Value,Yes
1597,228,21420.2,93.95,222.75,2018-04-01 00:51:33,2018-07-01 14:18:27,1,0.439,92,2.48,A - Premium,Yes
1598,142,14859.01,104.64,213.8,2018-04-01 06:44:03,2018-07-01 07:56:02,0,0.0,92,1.54,A - Premium,No
1599,41,911.4,22.23,42.07,2018-04-04 15:51:14,2018-06-29 12:21:20,1,2.439,86,0.48,D - Low Value,Yes
1600,127,9674.22,76.17,588.45,2018-04-01 11:39:18,2018-07-01 13:43:23,9,7.087,92,1.38,B - High Value,Yes
1601,267,12131.54,45.44,105.13,2018-04-01 13:16:37,2018-07-01 18:04:37,0,0.0,92,2.9,B - High Value,No
1602,241,6228.81,25.85,63.89,2018-04-01 08:07:48,2018-06-30 17:21:10,1,0.415,91,2.65,C - Mid Value,Yes
1603,110,1837.12,16.7,35.54,2018-04-01 17:24:06,2018-07-01 08:36:53,0,0.0,91,1.21,D - Low Value,No
1604,297,24858.11,83.7,221.62,2018-04-01 02:52:54,2018-07-01 15:35:12,1,0.337,92,3.23,A - Premium,Yes
1605,349,32302.57,92.56,204.23,2018-04-01 10:29:50,2018-07-01 14:43:20,2,0.573,92,3.79,A - Premium,Yes
1606,242,7455.38,30.81,75.59,2018-04-01 07:33:21,2018-06-30 19:26:57,2,0.826,91,2.66,B - High Value,Yes
1607,198,8097.04,40.89,102.26,2018-04-01 11:37:48,2018-07-01 09:23:50,0,0.0,91,2.18,B - High Value,No
1608,269,21481.6,79.86,196.62,2018-04-01 01:25:46,2018-07-01 19:40:21,0,0.0,92,2.92,A - Premium,No
1609,86,6998.66,81.38,189.29,2018-04-02 00:39:50,2018-07-01 17:09:56,4,4.651,91,0.95,C - Mid Value,Yes
1610,7,411.43,58.78,92.28,2018-04-03 09:34:31,2018-06-09 09:13:24,0,0.0,67,0.1,D - Low Value,No
1611,335,21091.28,62.96,150.78,2018-04-01 13:42:19,2018-07-01 04:01:12,0,0.0,91,3.68,A - Premium,No
1612,93,2414.87,25.97,56.49,2018-04-04 04:18:49,2018-06-30 21:21:53,0,0.0,88,1.06,D - Low Value,No
1613,98,10007.84,102.12,226.68,2018-04-02 12:31:33,2018-07-01 22:47:29,1,1.02,91,1.08,B - High Value,Yes
1614,286,28363.04,99.17,250.83,2018-04-01 03:44:15,2018-07-01 02:05:46,4,1.399,91,3.14,A - Premium,Yes
1615,329,10786.96,32.79,89.57,2018-04-01 09:06:17,2018-07-01 16:51:17,1,0.304,92,3.58,B - High Value,Yes
1616,208,6650.28,31.97,76.14,2018-04-01 10:53:08,2018-07-01 23:47:17,1,0.481,92,2.26,C - Mid Value,Yes
1617,33,3123.16,94.64,189.69,2018-04-03 19:28:48,2018-06-27 13:44:46,0,0.0,85,0.39,C - Mid Value,No
1618,109,7847.89,72.0,155.04,2018-04-01 15:31:46,2018-06-29 11:53:43,0,0.0,89,1.22,B - High Value,No
1619,302,27011.16,89.44,207.14,2018-04-01 06:13:11,2018-07-01 17:10:03,0,0.0,92,3.28,A - Premium,No
1620,73,4403.37,60.32,153.62,2018-04-01 07:25:42,2018-07-01 04:13:13,0,0.0,91,0.8,C - Mid Value,No
1621,281,12718.3,45.26,107.86,2018-04-01 09:34:03,2018-07-01 21:04:14,1,0.356,92,3.05,B - High Value,Yes
1622,49,1233.57,25.17,52.27,2018-04-03 02:19:08,2018-06-29 18:00:49,0,0.0,88,0.56,D - Low Value,No
1623,124,8161.32,65.82,150.95,2018-04-01 12:39:16,2018-06-30 10:17:33,1,0.806,90,1.38,B - High Value,Yes
1624,171,15650.23,91.52,184.06,2018-04-01 10:34:58,2018-07-01 13:33:14,0,0.0,92,1.86,A - Premium,No
1625,228,3605.82,15.82,32.94,2018-04-01 08:12:58,2018-07-01 15:24:00,0,0.0,92,2.48,C - Mid Value,No
1626,344,21269.02,61.83,148.61,2018-04-01 11:21:02,2018-07-01 13:41:58,5,1.453,92,3.74,A - Premium,Yes
1627,143,3694.79,25.84,52.17,2018-04-01 03:22:54,2018-07-01 17:34:39,1,0.699,92,1.55,C - Mid Value,Yes
1628,216,12331.47,57.09,148.76,2018-04-01 10:28:28,2018-07-01 19:57:09,0,0.0,92,2.35,B - High Value,No
1629,15,126.98,8.47,12.67,2018-04-07 10:30:23,2018-06-15 12:08:19,0,0.0,70,0.21,D - Low Value,No
1630,258,18354.16,71.14,170.93,2018-04-01 12:03:25,2018-07-01 20:47:23,0,0.0,92,2.8,A - Premium,No
1631,227,16494.63,72.66,176.8,2018-04-01 02:13:34,2018-07-01 16:09:59,1,0.441,92,2.47,A - Premium,Yes
1632,306,17327.74,56.63,128.53,2018-04-01 06:16:36,2018-07-01 07:16:14,3,0.98,92,3.33,A - Premium,Yes
1633,115,8022.25,69.76,150.42,2018-04-02 02:29:09,2018-06-30 15:28:12,0,0.0,90,1.28,B - High Value,No
1634,20,1685.3,84.26,172.04,2018-04-09 12:15:22,2018-06-30 18:00:26,0,0.0,83,0.24,D - Low Value,No
1635,66,5414.84,82.04,241.95,2018-04-01 13:03:28,2018-06-29 19:10:26,1,1.515,90,0.73,C - Mid Value,Yes
1636,375,31705.45,84.55,187.65,2018-04-01 10:52:37,2018-07-01 18:22:13,0,0.0,92,4.08,A - Premium,No
1637,9,692.27,76.92,123.41,2018-04-13 21:53:30,2018-07-01 17:41:39,0,0.0,79,0.11,D - Low Value,No
1638,211,9231.88,43.75,119.34,2018-04-01 03:45:55,2018-07-01 13:39:40,7,3.318,92,2.29,B - High Value,Yes
1639,247,6282.01,25.43,55.2,2018-04-01 07:31:35,2018-07-01 15:36:23,0,0.0,92,2.68,C - Mid Value,No
1640,255,6860.02,26.9,62.49,2018-04-01 07:56:10,2018-07-01 20:42:35,0,0.0,92,2.77,C - Mid Value,No
1641,159,7527.06,47.34,112.16,2018-04-02 06:46:09,2018-07-01 13:43:44,0,0.0,91,1.75,B - High Value,No
1642,221,22077.06,99.9,236.11,2018-04-01 10:27:33,2018-07-01 03:55:14,5,2.262,91,2.43,A - Premium,Yes
1643,86,3300.87,38.38,84.87,2018-04-02 10:09:08,2018-06-28 21:36:12,0,0.0,88,0.98,C - Mid Value,No
1644,184,11544.53,62.74,146.79,2018-04-01 18:54:18,2018-06-30 13:23:03,0,0.0,90,2.04,B - High Value,No
1645,140,13016.62,92.98,195.85,2018-04-01 09:03:43,2018-07-01 10:44:30,0,0.0,92,1.52,B - High Value,No
1646,269,27603.31,102.61,237.47,2018-04-01 10:19:18,2018-07-01 16:37:01,3,1.115,92,2.92,A - Premium,Yes
1647,24,1664.11,69.34,156.35,2018-04-14 10:19:49,2018-06-29 17:13:46,0,0.0,77,0.31,D - Low Value,No
1648,120,11854.24,98.79,505.7,2018-04-02 08:54:20,2018-07-01 13:49:41,7,5.833,91,1.32,B - High Value,Yes
1649,58,412.87,7.12,15.77,2018-04-01 07:10:46,2018-07-01 16:11:58,0,0.0,92,0.63,D - Low Value,No
1650,112,1061.23,9.48,78.75,2018-04-01 10:40:49,2018-07-01 09:52:39,5,4.464,91,1.23,D - Low Value,Yes
1651,64,1491.11,23.3,51.85,2018-04-02 14:39:52,2018-07-01 15:45:26,0,0.0,91,0.7,D - Low Value,No
1652,115,7481.71,65.06,161.92,2018-04-01 11:28:26,2018-07-01 13:16:02,1,0.87,92,1.25,B - High Value,Yes
1653,36,808.95,22.47,51.25,2018-04-04 04:46:45,2018-07-01 12:58:55,0,0.0,89,0.4,D - Low Value,No
1654,153,1953.63,12.77,25.83,2018-04-01 14:05:25,2018-07-01 12:01:05,1,0.654,91,1.68,D - Low Value,Yes
1655,207,8806.05,42.54,94.96,2018-04-01 02:45:10,2018-07-01 20:12:46,0,0.0,92,2.25,B - High Value,No
1656,349,14360.24,41.15,104.67,2018-04-01 13:13:09,2018-07-01 11:01:41,4,1.146,91,3.84,A - Premium,Yes
1657,292,14508.87,49.69,126.87,2018-04-01 17:18:43,2018-07-01 12:25:35,0,0.0,91,3.21,A - Premium,No
1658,193,1028.53,5.33,11.06,2018-04-01 06:10:41,2018-07-01 19:32:40,0,0.0,92,2.1,D - Low Value,No
1659,26,1214.12,46.7,110.75,2018-04-04 03:20:55,2018-06-24 15:44:07,1,3.846,82,0.32,D - Low Value,Yes
1660,195,7220.92,37.03,90.21,2018-04-01 00:37:45,2018-06-30 14:43:02,2,1.026,91,2.14,B - High Value,Yes
1661,316,4776.21,15.11,108.6,2018-04-01 13:36:30,2018-07-01 13:50:04,5,1.582,92,3.43,C - Mid Value,Yes
1662,51,894.07,17.53,32.71,2018-04-01 17:01:19,2018-07-01 20:53:13,0,0.0,92,0.55,D - Low Value,No
1663,308,24580.35,79.81,204.11,2018-04-01 06:02:35,2018-07-01 11:20:04,0,0.0,92,3.35,A - Premium,No
1664,257,15292.06,59.5,131.48,2018-04-01 09:47:36,2018-07-01 17:20:31,0,0.0,92,2.79,A - Premium,No
1665,245,21026.12,85.82,170.94,2018-04-01 10:31:21,2018-06-30 22:44:30,1,0.408,91,2.69,A - Premium,Yes
1666,338,4270.03,12.63,30.33,2018-04-01 07:20:40,2018-07-01 23:43:24,2,0.592,92,3.67,C - Mid Value,Yes
1667,172,2457.63,14.29,32.48,2018-04-01 21:28:53,2018-07-01 12:11:58,0,0.0,91,1.89,D - Low Value,No
1668,341,13765.55,40.37,100.17,2018-04-01 08:05:12,2018-07-01 13:11:05,0,0.0,92,3.71,B - High Value,No
1669,109,10115.74,92.8,222.53,2018-04-01 12:21:32,2018-07-01 09:13:04,3,2.752,91,1.2,B - High Value,Yes
1670,168,10355.71,61.64,139.66,2018-04-01 05:52:50,2018-07-01 13:02:04,1,0.595,92,1.83,B - High Value,Yes
1671,322,15089.92,46.86,135.12,2018-04-01 05:57:57,2018-07-01 21:47:20,0,0.0,92,3.5,A - Premium,No
1672,276,28233.26,102.29,245.22,2018-04-01 06:08:27,2018-07-01 20:19:52,5,1.812,92,3.0,A - Premium,Yes
1673,15,1067.4,71.16,135.2,2018-04-10 13:52:20,2018-06-29 05:23:13,0,0.0,80,0.19,D - Low Value,No
1674,193,5267.86,27.29,59.07,2018-04-01 08:28:28,2018-07-01 19:41:44,1,0.518,92,2.1,C - Mid Value,Yes
1675,23,2249.45,97.8,240.36,2018-04-04 12:08:16,2018-06-30 12:49:08,1,4.348,88,0.26,D - Low Value,Yes
1676,229,12560.82,54.85,117.47,2018-04-01 11:45:52,2018-07-01 19:43:24,0,0.0,92,2.49,B - High Value,No
1677,135,10010.27,74.15,152.08,2018-04-01 06:37:48,2018-07-01 20:27:56,0,0.0,92,1.47,B - High Value,No
1678,278,21966.71,79.02,202.82,2018-04-01 10:52:36,2018-07-01 10:43:18,1,0.36,91,3.05,A - Premium,Yes
1679,68,452.54,6.66,15.17,2018-04-01 11:55:20,2018-06-29 16:49:42,0,0.0,90,0.76,D - Low Value,No
1680,365,11866.23,32.51,73.59,2018-04-01 12:17:03,2018-07-01 15:15:52,0,0.0,92,3.97,B - High Value,No
1681,61,5896.94,96.67,187.62,2018-04-02 13:48:17,2018-07-01 08:30:13,1,1.639,90,0.68,C - Mid Value,Yes
1682,118,10802.93,91.55,194.48,2018-04-01 13:14:08,2018-07-01 09:50:16,0,0.0,91,1.3,B - High Value,No
1683,162,5327.19,32.88,76.36,2018-04-01 05:21:17,2018-07-01 16:53:00,0,0.0,92,1.76,C - Mid Value,No
1684,52,565.2,10.87,24.26,2018-04-01 10:05:46,2018-06-29 04:29:50,0,0.0,89,0.58,D - Low Value,No
1685,249,2046.11,8.22,19.27,2018-04-01 10:07:00,2018-07-01 23:07:40,0,0.0,92,2.71,D - Low Value,No
1686,129,2196.02,17.02,38.59,2018-04-01 04:04:06,2018-07-01 02:05:50,0,0.0,91,1.42,D - Low Value,No
1687,359,31865.91,88.76,638.4,2018-04-01 03:28:47,2018-07-01 18:48:43,23,6.407,92,3.9,A - Premium,Yes
1688,187,8398.39,44.91,113.61,2018-04-02 09:57:34,2018-07-01 14:52:58,2,1.07,91,2.05,B - High Value,Yes
1689,79,4611.97,58.38,119.19,2018-04-03 08:18:23,2018-07-01 14:15:49,0,0.0,90,0.88,C - Mid Value,No
1690,307,16324.09,53.17,114.52,2018-04-01 05:42:43,2018-07-01 14:42:35,5,1.629,92,3.34,A - Premium,Yes
1691,142,9513.82,67.0,129.44,2018-04-01 14:16:18,2018-07-01 05:11:50,1,0.704,91,1.56,B - High Value,Yes
1692,337,25989.45,77.12,201.14,2018-04-01 02:58:27,2018-07-01 16:02:47,3,0.89,92,3.66,A - Premium,Yes
1693,356,5849.58,16.43,38.34,2018-04-01 11:20:17,2018-07-01 15:20:08,1,0.281,92,3.87,C - Mid Value,Yes
1694,231,15803.41,68.41,154.12,2018-04-02 03:33:14,2018-07-01 17:24:29,0,0.0,91,2.54,A - Premium,No
1695,225,9613.25,42.73,92.66,2018-04-01 08:52:45,2018-07-01 15:33:35,2,0.889,92,2.45,B - High Value,Yes
1696,142,8441.07,59.44,124.92,2018-04-01 18:59:11,2018-07-01 09:04:21,3,2.113,91,1.56,B - High Value,Yes
1697,30,1228.94,40.96,74.32,2018-04-01 01:30:29,2018-07-01 09:00:16,0,0.0,92,0.33,D - Low Value,No
1698,324,10980.19,33.89,72.93,2018-04-01 04:46:52,2018-07-01 14:10:10,1,0.309,92,3.52,B - High Value,Yes
1699,337,33031.55,98.02,246.76,2018-04-01 06:32:01,2018-07-01 07:55:19,3,0.89,92,3.66,A - Premium,Yes
1700,71,4844.9,68.24,131.04,2018-04-01 22:27:37,2018-06-29 14:35:03,0,0.0,89,0.8,C - Mid Value,No
1701,197,14557.19,73.89,157.99,2018-04-03 05:38:58,2018-07-01 19:18:19,1,0.508,90,2.19,A - Premium,Yes
1702,100,5633.47,56.33,132.03,2018-04-01 19:19:48,2018-07-01 18:00:48,0,0.0,91,1.1,C - Mid Value,No
1703,163,14851.49,91.11,220.69,2018-04-02 09:26:51,2018-06-30 13:44:53,1,0.613,90,1.81,A - Premium,Yes
1704,178,16023.35,90.02,200.89,2018-04-02 13:22:01,2018-07-01 06:51:14,0,0.0,90,1.98,A - Premium,No
1705,242,7120.33,29.42,63.78,2018-04-01 00:58:09,2018-07-01 08:22:04,1,0.413,92,2.63,C - Mid Value,Yes
1706,344,6106.14,17.75,51.35,2018-04-01 06:41:22,2018-07-01 18:15:08,0,0.0,92,3.74,C - Mid Value,No
1707,90,5319.08,59.1,151.05,2018-04-02 13:54:27,2018-07-01 23:12:01,0,0.0,91,0.99,C - Mid Value,No
1708,358,14650.75,40.92,101.05,2018-04-01 01:29:20,2018-07-01 09:54:46,0,0.0,92,3.89,A - Premium,No
1709,146,13316.49,91.21,247.79,2018-04-01 09:45:15,2018-06-30 21:22:16,2,1.37,91,1.6,B - High Value,Yes
1710,234,3293.3,14.07,34.16,2018-04-01 07:15:46,2018-07-01 14:13:35,2,0.855,92,2.54,C - Mid Value,Yes
1711,121,11184.21,92.43,505.8,2018-04-01 09:32:45,2018-07-01 04:12:57,2,1.653,91,1.33,B - High Value,Yes
1712,267,26030.11,97.49,291.11,2018-04-01 06:13:27,2018-07-01 16:39:39,1,0.375,92,2.9,A - Premium,Yes
1713,175,11476.87,65.58,140.54,2018-04-01 16:44:47,2018-07-01 17:28:25,3,1.714,92,1.9,B - High Value,Yes
1714,181,6126.88,33.85,74.01,2018-04-01 05:01:06,2018-07-01 07:53:03,0,0.0,92,1.97,C - Mid Value,No
1715,250,5645.15,22.58,52.21,2018-04-01 10:41:38,2018-07-01 13:56:51,0,0.0,92,2.72,C - Mid Value,No
1716,212,18525.88,87.39,204.28,2018-04-01 06:38:14,2018-07-01 02:26:54,1,0.472,91,2.33,A - Premium,Yes
1717,91,1715.02,18.85,40.86,2018-04-01 08:17:24,2018-07-01 09:26:46,0,0.0,92,0.99,D - Low Value,No
1718,324,1695.27,5.23,11.78,2018-04-01 02:41:15,2018-07-01 13:14:23,0,0.0,92,3.52,D - Low Value,No
1719,256,6688.06,26.13,65.15,2018-04-01 03:43:56,2018-07-01 19:10:01,0,0.0,92,2.78,C - Mid Value,No
1720,274,22299.47,81.38,221.64,2018-04-01 18:32:09,2018-07-01 22:40:44,1,0.365,92,2.98,A - Premium,Yes
1721,59,5472.74,92.76,260.15,2018-04-02 08:24:16,2018-07-01 16:16:09,1,1.695,91,0.65,C - Mid Value,Yes
1722,336,25736.92,76.6,180.59,2018-04-01 03:48:03,2018-07-01 07:54:38,6,1.786,92,3.65,A - Premium,Yes
1723,298,28027.04,94.05,221.19,2018-04-01 07:50:13,2018-07-01 15:38:35,1,0.336,92,3.24,A - Premium,Yes
1724,269,12551.95,46.66,117.32,2018-04-01 12:30:01,2018-07-01 11:24:33,2,0.743,91,2.96,B - High Value,Yes
1725,142,11020.65,77.61,172.65,2018-04-01 09:25:01,2018-07-01 18:24:30,0,0.0,92,1.54,B - High Value,No
1726,197,6467.27,32.83,82.18,2018-04-01 06:57:06,2018-07-01 13:34:25,0,0.0,92,2.14,C - Mid Value,No
1727,170,15573.73,91.61,207.29,2018-04-01 21:14:52,2018-07-01 05:26:09,0,0.0,91,1.87,A - Premium,No
1728,269,7686.45,28.57,64.79,2018-04-01 05:49:49,2018-07-01 22:58:07,0,0.0,92,2.92,B - High Value,No
1729,73,1411.01,19.33,40.54,2018-04-04 06:28:51,2018-07-01 06:34:20,0,0.0,89,0.82,D - Low Value,No
1730,244,13605.51,55.76,134.39,2018-04-01 04:46:58,2018-07-01 21:10:39,1,0.41,92,2.65,B - High Value,Yes
1731,248,1835.69,7.4,17.33,2018-04-01 15:07:47,2018-07-01 12:24:51,1,0.403,91,2.73,D - Low Value,Yes
1732,16,316.44,19.78,38.24,2018-04-04 13:57:21,2018-06-28 14:17:34,0,0.0,86,0.19,D - Low Value,No
1733,248,6431.34,25.93,52.99,2018-04-01 12:00:42,2018-07-01 17:54:24,4,1.613,92,2.7,C - Mid Value,Yes
1734,13,1125.22,86.56,120.24,2018-04-02 05:57:21,2018-06-15 12:39:25,0,0.0,75,0.17,D - Low Value,No
1735,287,25046.38,87.27,195.03,2018-04-01 07:07:08,2018-07-01 11:39:31,5,1.742,92,3.12,A - Premium,Yes
1736,138,6742.01,48.86,120.27,2018-04-03 21:12:50,2018-06-29 10:34:08,0,0.0,87,1.59,C - Mid Value,No
1737,60,4379.03,72.98,150.48,2018-04-02 08:58:51,2018-06-30 09:25:03,0,0.0,90,0.67,C - Mid Value,No
1738,17,475.09,27.95,41.39,2018-04-08 15:34:10,2018-06-30 17:15:59,0,0.0,84,0.2,D - Low Value,No
1739,175,7724.44,44.14,104.04,2018-04-01 03:10:31,2018-06-30 12:47:13,2,1.143,91,1.92,B - High Value,Yes
1740,71,4211.4,59.32,137.04,2018-04-01 16:05:39,2018-07-01 12:18:23,1,1.408,91,0.78,C - Mid Value,Yes
1741,111,2099.32,18.91,39.74,2018-04-01 16:39:07,2018-07-01 17:11:59,2,1.802,92,1.21,D - Low Value,Yes
1742,89,6558.92,73.7,177.96,2018-04-04 04:11:51,2018-07-01 01:15:23,0,0.0,88,1.01,C - Mid Value,No
1743,339,7801.72,23.01,170.85,2018-04-01 09:54:02,2018-07-01 11:14:42,22,6.49,92,3.68,B - High Value,Yes
1744,191,13316.2,69.72,138.26,2018-04-01 09:22:19,2018-07-01 19:19:34,0,0.0,92,2.08,B - High Value,No
1745,79,1391.97,17.62,45.97,2018-04-02 19:39:03,2018-07-01 19:41:33,0,0.0,91,0.87,D - Low Value,No
1746,275,15011.63,54.59,146.07,2018-04-01 04:03:18,2018-07-01 08:12:37,0,0.0,92,2.99,A - Premium,No
1747,169,16191.28,95.81,214.41,2018-04-01 10:52:20,2018-07-01 09:42:08,0,0.0,91,1.86,A - Premium,No
1748,162,11643.32,71.87,172.51,2018-04-03 07:27:34,2018-07-01 10:47:12,4,2.469,90,1.8,B - High Value,Yes
1749,201,17010.49,84.63,185.99,2018-04-01 09:36:34,2018-07-01 19:02:16,0,0.0,92,2.18,A - Premium,No
1750,345,28391.99,82.3,177.83,2018-04-01 07:34:11,2018-07-01 22:53:23,5,1.449,92,3.75,A - Premium,Yes
1751,146,5753.83,39.41,100.12,2018-04-03 16:13:47,2018-07-01 11:25:08,0,0.0,89,1.64,C - Mid Value,No
1752,81,6871.74,84.84,208.92,2018-04-01 10:19:29,2018-07-01 06:53:40,0,0.0,91,0.89,C - Mid Value,No
1753,90,7592.22,84.36,177.48,2018-04-01 00:31:51,2018-07-01 12:45:53,0,0.0,92,0.98,B - High Value,No
1754,204,5144.17,25.22,53.7,2018-04-01 10:40:07,2018-07-01 14:56:59,0,0.0,92,2.22,C - Mid Value,No
1755,40,4294.72,107.37,193.95,2018-04-02 09:48:34,2018-06-30 14:54:20,0,0.0,90,0.44,C - Mid Value,No
1756,200,2083.92,10.42,25.65,2018-04-01 18:47:02,2018-07-01 23:41:57,1,0.5,92,2.17,D - Low Value,Yes
1757,257,10084.0,39.24,85.51,2018-04-01 20:10:25,2018-07-01 13:33:56,2,0.778,91,2.82,B - High Value,Yes
1758,64,3398.79,53.11,114.43,2018-04-01 15:47:51,2018-07-01 15:23:11,0,0.0,91,0.7,C - Mid Value,No
1759,346,26519.71,76.65,172.34,2018-04-01 01:59:10,2018-07-01 11:48:52,5,1.445,92,3.76,A - Premium,Yes
1760,20,452.52,22.63,38.8,2018-04-04 15:19:27,2018-06-26 08:01:23,0,0.0,83,0.24,D - Low Value,No
1761,229,12950.11,56.55,476.95,2018-04-01 11:19:23,2018-07-01 17:23:14,13,5.677,92,2.49,B - High Value,Yes
1762,200,3089.3,15.45,40.07,2018-04-01 14:55:59,2018-07-01 12:36:32,0,0.0,91,2.2,C - Mid Value,No
1763,102,756.87,7.42,35.85,2018-04-02 11:46:32,2018-07-01 23:21:35,4,3.922,91,1.12,D - Low Value,Yes
1764,293,20282.21,69.22,185.2,2018-04-01 08:20:50,2018-07-01 15:50:06,2,0.683,92,3.18,A - Premium,Yes
1765,335,16709.82,49.88,112.48,2018-04-01 06:04:47,2018-07-01 16:58:18,3,0.896,92,3.64,A - Premium,Yes
1766,155,6863.9,44.28,120.53,2018-04-01 07:46:55,2018-07-01 07:40:44,0,0.0,91,1.7,C - Mid Value,No
1767,160,10913.36,68.21,137.18,2018-04-01 10:09:26,2018-07-01 16:49:44,3,1.875,92,1.74,B - High Value,Yes
1768,181,8691.03,48.02,104.6,2018-04-01 10:58:23,2018-06-30 12:29:50,0,0.0,91,1.99,B - High Value,No
1769,263,18790.18,71.45,169.92,2018-04-01 16:27:13,2018-07-01 13:42:36,2,0.76,91,2.89,A - Premium,Yes
1770,131,3165.2,24.16,50.56,2018-04-01 17:50:03,2018-06-30 14:39:49,1,0.763,90,1.46,C - Mid Value,Yes
1771,29,1802.96,62.17,110.39,2018-04-02 09:30:19,2018-07-01 01:37:41,1,3.448,90,0.32,D - Low Value,Yes
1772,29,2475.51,85.36,160.46,2018-04-01 12:45:17,2018-06-27 07:35:23,0,0.0,87,0.33,D - Low Value,No
1773,133,10592.13,79.64,173.76,2018-04-01 08:36:16,2018-07-01 06:52:52,1,0.752,91,1.46,B - High Value,Yes
1774,198,3126.32,15.79,32.39,2018-04-01 05:24:28,2018-07-01 13:22:08,0,0.0,92,2.15,C - Mid Value,No
1775,10,196.58,19.66,27.12,2018-04-02 16:35:52,2018-06-28 17:50:58,0,0.0,88,0.11,D - Low Value,No
1776,23,1933.09,84.05,127.56,2018-04-09 09:02:44,2018-06-25 16:52:54,0,0.0,78,0.29,D - Low Value,No
1777,356,7109.73,19.97,48.79,2018-04-01 16:20:21,2018-07-01 16:06:20,5,1.404,91,3.91,C - Mid Value,Yes
1778,124,1328.57,10.71,26.43,2018-04-03 06:48:47,2018-07-01 14:59:12,1,0.806,90,1.38,D - Low Value,Yes
1779,84,5221.19,62.16,125.41,2018-04-02 14:54:52,2018-06-30 17:43:57,0,0.0,90,0.93,C - Mid Value,No
1780,70,2728.48,38.98,91.64,2018-04-01 17:06:05,2018-07-01 18:48:59,0,0.0,92,0.76,D - Low Value,No
1781,217,21452.81,98.86,259.37,2018-04-01 05:08:46,2018-07-01 16:44:57,4,1.843,92,2.36,A - Premium,Yes
1782,327,23725.9,72.56,152.01,2018-04-01 08:44:07,2018-07-01 12:15:23,1,0.306,92,3.55,A - Premium,Yes
1783,341,24741.62,72.56,162.17,2018-04-01 14:59:53,2018-07-01 19:59:00,2,0.587,92,3.71,A - Premium,Yes
1784,13,720.19,55.4,90.82,2018-04-06 10:11:39,2018-06-21 05:11:32,0,0.0,76,0.17,D - Low Value,No
1785,324,22833.53,70.47,156.15,2018-04-01 06:52:43,2018-07-01 13:00:27,0,0.0,92,3.52,A - Premium,No
1786,312,29626.94,94.96,215.47,2018-04-01 08:00:02,2018-07-01 16:31:19,0,0.0,92,3.39,A - Premium,No
1787,82,7146.28,87.15,172.45,2018-04-03 14:07:00,2018-07-01 10:21:18,1,1.22,89,0.92,C - Mid Value,Yes
1788,71,7310.57,102.97,227.43,2018-04-02 14:46:23,2018-06-30 17:29:41,1,1.408,90,0.79,B - High Value,Yes
1789,32,300.12,9.38,17.73,2018-04-05 03:58:51,2018-06-29 17:10:20,0,0.0,86,0.37,D - Low Value,No
1790,57,3524.57,61.83,337.5,2018-04-01 21:50:59,2018-07-01 16:19:15,2,3.509,91,0.63,C - Mid Value,Yes
1791,69,2607.81,37.79,73.93,2018-04-01 15:09:55,2018-06-30 10:56:11,0,0.0,90,0.77,D - Low Value,No
1792,216,14350.82,66.44,143.94,2018-04-01 05:01:08,2018-07-01 18:20:56,2,0.926,92,2.35,A - Premium,Yes
1793,327,23423.88,71.63,169.06,2018-04-01 05:40:16,2018-07-01 13:55:36,0,0.0,92,3.55,A - Premium,No
1794,112,11175.44,99.78,223.44,2018-04-01 06:29:31,2018-06-30 06:11:23,2,1.786,90,1.24,B - High Value,Yes
1795,319,10645.41,33.37,88.12,2018-04-01 04:36:28,2018-07-01 21:50:46,10,3.135,92,3.47,B - High Value,Yes
1796,56,3490.98,62.34,127.01,2018-04-03 06:54:10,2018-06-29 10:57:03,0,0.0,88,0.64,C - Mid Value,No
1797,194,2483.53,12.8,27.74,2018-04-02 09:02:26,2018-07-01 17:51:12,0,0.0,91,2.13,D - Low Value,No
1798,188,18370.48,97.72,200.95,2018-04-01 15:26:42,2018-07-01 20:17:02,0,0.0,92,2.04,A - Premium,No
1799,332,31725.08,95.56,214.05,2018-04-01 01:20:45,2018-07-01 09:24:09,3,0.904,92,3.61,A - Premium,Yes
1800,18,1327.98,73.78,161.51,2018-04-01 05:37:59,2018-07-01 11:16:41,0,0.0,92,0.2,D - Low Value,No
1801,157,14630.39,93.19,212.42,2018-04-02 03:54:27,2018-07-01 11:54:03,1,0.637,91,1.73,A - Premium,Yes
1802,213,11045.88,51.86,111.97,2018-04-01 01:50:31,2018-07-01 20:14:54,0,0.0,92,2.32,B - High Value,No
1803,20,641.75,32.09,59.01,2018-04-02 05:51:02,2018-07-01 17:48:23,0,0.0,91,0.22,D - Low Value,No
1804,103,7785.84,75.59,192.13,2018-04-01 12:35:52,2018-06-30 17:35:31,0,0.0,91,1.13,B - High Value,No
1805,123,10256.98,83.39,163.41,2018-04-03 10:04:44,2018-06-30 13:31:25,1,0.813,89,1.38,B - High Value,Yes
1806,58,3995.32,68.88,141.86,2018-04-03 13:16:35,2018-06-29 15:28:58,0,0.0,88,0.66,C - Mid Value,No
1807,135,7149.94,52.96,113.33,2018-04-01 09:53:47,2018-07-01 15:31:02,0,0.0,92,1.47,B - High Value,No
1808,149,9922.67,66.6,139.87,2018-04-01 11:55:48,2018-07-01 07:50:05,1,0.671,91,1.64,B - High Value,Yes
1809,197,12428.65,63.09,152.47,2018-04-01 11:24:44,2018-07-01 09:07:42,0,0.0,91,2.16,B - High Value,No
1810,182,8144.97,44.75,95.14,2018-04-03 07:00:01,2018-07-01 16:27:07,5,2.747,90,2.02,B - High Value,Yes
1811,266,14797.55,55.63,129.56,2018-04-01 09:58:24,2018-07-01 17:05:09,7,2.632,92,2.89,A - Premium,Yes
1812,22,1464.14,66.55,110.92,2018-04-04 16:54:48,2018-06-26 12:21:41,1,4.545,83,0.27,D - Low Value,Yes
1813,147,10259.29,69.79,144.69,2018-04-01 13:17:03,2018-07-01 08:17:56,2,1.361,91,1.62,B - High Value,Yes
1814,42,3454.19,82.24,165.73,2018-04-02 10:03:53,2018-06-30 06:37:18,0,0.0,89,0.47,C - Mid Value,No
1815,86,4081.96,47.46,99.69,2018-04-02 07:17:54,2018-07-01 12:56:15,0,0.0,91,0.95,C - Mid Value,No
1816,126,2856.79,22.67,51.66,2018-04-01 07:22:10,2018-06-30 15:00:50,0,0.0,91,1.38,C - Mid Value,No
1817,135,12406.38,91.9,210.94,2018-04-01 11:51:02,2018-07-01 19:43:41,0,0.0,92,1.47,B - High Value,No
1818,263,23879.92,90.8,221.22,2018-04-02 15:48:31,2018-07-01 16:00:17,1,0.38,91,2.89,A - Premium,Yes
1819,171,11328.1,66.25,165.01,2018-04-01 13:54:47,2018-06-29 15:09:58,1,0.585,90,1.9,B - High Value,Yes
1820,339,18129.58,53.48,112.24,2018-04-01 09:59:34,2018-07-01 16:47:23,1,0.295,92,3.68,A - Premium,Yes
1821,93,9401.25,101.09,257.28,2018-04-01 04:26:32,2018-07-01 03:44:20,1,1.075,91,1.02,B - High Value,Yes
1822,227,4960.99,21.85,52.46,2018-04-01 13:10:50,2018-06-30 13:44:13,0,0.0,91,2.49,C - Mid Value,No
1823,114,11975.47,105.05,486.7,2018-04-01 14:13:55,2018-07-01 13:14:34,11,9.649,91,1.25,B - High Value,Yes
1824,175,1192.32,6.81,14.21,2018-04-01 06:07:38,2018-07-01 12:17:05,0,0.0,92,1.9,D - Low Value,No
1825,221,21008.4,95.06,224.2,2018-04-01 14:14:07,2018-06-30 17:46:29,1,0.452,91,2.43,A - Premium,Yes
1826,150,15744.1,104.96,234.04,2018-04-01 03:38:31,2018-07-01 18:19:56,3,2.0,92,1.63,A - Premium,Yes
1827,85,7058.49,83.04,437.7,2018-04-01 10:44:54,2018-06-30 15:33:51,4,4.706,91,0.93,C - Mid Value,Yes
1828,118,4945.31,41.91,99.25,2018-04-01 08:18:58,2018-07-01 20:21:19,2,1.695,92,1.28,C - Mid Value,Yes
1829,148,11468.17,77.49,170.38,2018-04-01 03:37:17,2018-07-01 10:51:35,0,0.0,92,1.61,B - High Value,No
1830,240,12933.9,53.89,110.47,2018-04-01 11:52:10,2018-07-01 06:55:10,0,0.0,91,2.64,B - High Value,No
1831,300,20431.48,68.1,188.01,2018-04-01 13:11:07,2018-07-01 12:48:46,2,0.667,91,3.3,A - Premium,Yes
1832,125,4198.3,33.59,64.8,2018-04-02 12:36:23,2018-06-30 18:28:49,2,1.6,90,1.39,C - Mid Value,Yes
1833,287,20491.17,71.4,173.48,2018-04-01 06:41:39,2018-07-01 08:02:35,0,0.0,92,3.12,A - Premium,No
1834,341,33347.21,97.79,226.2,2018-04-01 05:27:35,2018-07-01 13:47:38,3,0.88,92,3.71,A - Premium,Yes
1835,250,15554.65,62.22,126.91,2018-04-01 07:30:25,2018-07-01 17:52:05,0,0.0,92,2.72,A - Premium,No
1836,199,12443.71,62.53,129.66,2018-04-01 06:33:58,2018-07-01 17:02:21,0,0.0,92,2.16,B - High Value,No
1837,350,12502.57,35.72,77.41,2018-04-01 07:05:36,2018-07-01 19:44:22,0,0.0,92,3.8,B - High Value,No
1838,167,9356.25,56.03,112.82,2018-04-02 03:45:16,2018-07-01 08:03:56,0,0.0,91,1.84,B - High Value,No
1839,288,5154.05,17.9,35.87,2018-04-01 09:34:51,2018-07-01 15:57:08,0,0.0,92,3.13,C - Mid Value,No
1840,180,2910.39,16.17,41.05,2018-04-02 12:03:00,2018-07-01 13:15:36,0,0.0,91,1.98,C - Mid Value,No
1841,44,4413.42,100.3,199.72,2018-04-01 13:58:50,2018-06-30 07:04:22,0,0.0,90,0.49,C - Mid Value,No
1842,302,19593.41,64.88,142.77,2018-04-01 08:30:10,2018-07-01 06:39:30,0,0.0,91,3.32,A - Premium,No
1843,351,28708.08,81.79,183.0,2018-04-01 01:49:43,2018-07-01 20:44:39,7,1.994,92,3.82,A - Premium,Yes
1844,248,9053.36,36.51,103.17,2018-04-01 09:30:30,2018-07-01 22:42:45,0,0.0,92,2.7,B - High Value,No
1845,281,23904.43,85.07,204.25,2018-04-01 06:39:12,2018-07-01 18:22:40,0,0.0,92,3.05,A - Premium,No
1846,327,4677.78,14.31,37.41,2018-04-01 09:10:06,2018-07-01 16:18:43,0,0.0,92,3.55,C - Mid Value,No
1847,131,7542.69,57.58,123.18,2018-04-01 15:13:25,2018-07-01 13:09:48,1,0.763,91,1.44,B - High Value,Yes
1848,339,31083.34,91.69,213.27,2018-04-02 08:55:15,2018-07-01 12:46:22,0,0.0,91,3.73,A - Premium,No
1849,203,15694.62,77.31,189.68,2018-04-01 04:46:36,2018-07-01 16:55:52,3,1.478,92,2.21,A - Premium,Yes
1850,58,1168.54,20.15,44.18,2018-04-05 12:14:00,2018-06-28 10:05:19,0,0.0,84,0.69,D - Low Value,No
1851,284,23008.47,81.02,188.67,2018-04-01 02:56:28,2018-07-01 14:14:52,3,1.056,92,3.09,A - Premium,Yes
1852,206,15517.9,75.33,197.48,2018-04-01 07:38:55,2018-07-01 17:52:14,0,0.0,92,2.24,A - Premium,No
1853,227,20058.63,88.36,193.26,2018-04-01 06:13:12,2018-07-01 20:30:39,1,0.441,92,2.47,A - Premium,Yes
1854,302,4571.73,15.14,35.1,2018-04-01 01:11:03,2018-07-01 05:33:01,0,0.0,92,3.28,C - Mid Value,No
1855,44,2355.73,53.54,106.72,2018-04-03 11:02:50,2018-07-01 11:06:36,1,2.273,90,0.49,D - Low Value,Yes
1856,5,177.93,35.59,48.94,2018-04-22 04:13:43,2018-06-13 17:36:37,0,0.0,53,0.09,D - Low Value,No
1857,142,11406.03,80.32,174.59,2018-04-01 11:30:06,2018-07-01 17:26:53,0,0.0,92,1.54,B - High Value,No
1858,11,468.79,42.62,91.81,2018-04-05 11:01:50,2018-07-01 11:44:14,0,0.0,88,0.12,D - Low Value,No
1859,75,5886.74,78.49,161.67,2018-04-01 04:09:28,2018-07-01 06:33:45,0,0.0,92,0.82,C - Mid Value,No
1860,238,13485.18,56.66,134.32,2018-04-01 08:59:30,2018-07-01 08:27:56,0,0.0,91,2.62,B - High Value,No
1861,140,9395.47,67.11,169.2,2018-04-01 11:16:36,2018-07-01 14:57:15,3,2.143,92,1.52,B - High Value,Yes
1862,1,98.69,98.69,98.69,2018-06-18 17:35:46,2018-06-18 17:35:46,0,0.0,1,1.0,D - Low Value,No
1863,184,18143.11,98.6,265.17,2018-04-01 22:57:55,2018-06-30 03:44:38,2,1.087,90,2.04,A - Premium,Yes
1864,234,9163.42,39.16,95.1,2018-04-01 13:41:02,2018-07-01 20:14:06,0,0.0,92,2.54,B - High Value,No
1865,85,2067.0,24.32,48.56,2018-04-02 06:51:47,2018-07-01 14:25:16,0,0.0,91,0.93,D - Low Value,No
1866,79,7264.36,91.95,206.07,2018-04-01 12:25:11,2018-06-30 14:42:47,2,2.532,91,0.87,B - High Value,Yes
1867,76,6494.61,85.46,182.42,2018-04-01 10:01:50,2018-07-01 09:03:15,0,0.0,91,0.84,C - Mid Value,No
1868,217,9620.91,44.34,124.71,2018-04-01 06:43:59,2018-07-01 13:41:18,2,0.922,92,2.36,B - High Value,Yes
1869,71,6765.03,95.28,225.47,2018-04-03 14:47:24,2018-07-01 13:44:19,1,1.408,89,0.8,C - Mid Value,Yes
1870,65,1839.78,28.3,65.81,2018-04-01 13:35:45,2018-06-30 04:25:49,0,0.0,90,0.72,D - Low Value,No
1871,140,6469.76,46.21,104.37,2018-04-01 12:15:41,2018-07-01 15:31:02,0,0.0,92,1.52,C - Mid Value,No
1872,264,6046.15,22.9,48.21,2018-04-01 08:21:40,2018-07-01 13:32:03,3,1.136,92,2.87,C - Mid Value,Yes
1873,210,1657.34,7.89,20.11,2018-04-03 16:50:34,2018-07-01 14:51:27,0,0.0,89,2.36,D - Low Value,No
1874,362,6163.54,17.03,37.04,2018-04-01 04:04:52,2018-07-01 14:01:19,3,0.829,92,3.93,C - Mid Value,Yes
1875,237,4618.45,19.49,40.29,2018-04-01 13:27:25,2018-07-01 08:01:49,0,0.0,91,2.6,C - Mid Value,No
1876,335,17313.45,51.68,115.83,2018-04-01 06:39:00,2018-07-01 06:07:57,4,1.194,91,3.68,A - Premium,Yes
1877,255,23808.8,93.37,310.39,2018-04-01 01:57:09,2018-07-01 20:05:08,1,0.392,92,2.77,A - Premium,Yes
1878,14,895.82,63.99,107.91,2018-04-11 04:30:50,2018-06-21 11:03:21,0,0.0,72,0.19,D - Low Value,No
1879,12,537.78,44.82,80.21,2018-04-02 11:06:06,2018-07-01 11:45:27,0,0.0,91,0.13,D - Low Value,No
1880,1,13.22,13.22,13.22,2018-04-13 08:44:46,2018-04-13 08:44:46,0,0.0,1,1.0,D - Low Value,No
1881,352,27183.49,77.23,192.42,2018-04-01 08:11:15,2018-07-01 21:23:42,1,0.284,92,3.83,A - Premium,Yes
1882,348,19840.16,57.01,122.23,2018-04-01 03:03:04,2018-07-01 14:58:25,0,0.0,92,3.78,A - Premium,No
1883,339,32229.04,95.07,615.0,2018-04-01 09:22:48,2018-07-01 22:06:48,20,5.9,92,3.68,A - Premium,Yes
1884,286,19352.93,67.67,150.4,2018-04-01 08:56:29,2018-07-01 18:09:04,0,0.0,92,3.11,A - Premium,No
1885,348,9224.18,26.51,56.22,2018-04-01 03:30:38,2018-06-30 21:00:34,0,0.0,91,3.82,B - High Value,No
1886,17,954.16,56.13,119.36,2018-04-03 08:46:51,2018-06-26 04:36:10,0,0.0,84,0.2,D - Low Value,No
1887,94,5298.24,56.36,111.87,2018-04-01 05:53:45,2018-07-01 14:29:58,0,0.0,92,1.02,C - Mid Value,No
1888,44,3060.24,69.55,141.85,2018-04-02 17:25:17,2018-06-30 11:31:40,0,0.0,89,0.49,C - Mid Value,No
1889,256,27174.69,106.15,219.37,2018-04-01 05:31:44,2018-07-01 17:36:48,1,0.391,92,2.78,A - Premium,Yes
1890,141,1720.09,12.2,27.04,2018-04-01 15:37:49,2018-07-01 15:46:37,1,0.709,92,1.53,D - Low Value,Yes
1891,97,2163.58,22.3,48.18,2018-04-02 10:28:28,2018-07-01 19:16:53,0,0.0,91,1.07,D - Low Value,No
1892,78,7190.44,92.19,250.09,2018-04-03 09:04:16,2018-07-01 02:41:39,1,1.282,89,0.88,B - High Value,Yes
1893,299,16434.6,54.97,122.84,2018-04-02 09:34:37,2018-07-01 14:50:39,1,0.334,91,3.29,A - Premium,Yes
1894,334,7022.69,21.03,47.67,2018-04-01 02:16:55,2018-07-01 23:55:02,0,0.0,92,3.63,C - Mid Value,No
1895,84,6297.19,74.97,148.74,2018-04-01 07:17:25,2018-07-01 09:30:45,1,1.19,92,0.91,C - Mid Value,Yes
1896,44,2058.76,46.79,93.82,2018-04-04 15:36:36,2018-06-29 17:14:42,0,0.0,87,0.51,D - Low Value,No
1897,234,2910.71,12.44,31.21,2018-04-01 06:01:57,2018-07-01 09:52:07,0,0.0,92,2.54,C - Mid Value,No
1898,249,8520.25,34.22,90.55,2018-04-01 02:36:49,2018-06-30 13:13:54,2,0.803,91,2.74,B - High Value,Yes
1899,111,1065.07,9.6,25.72,2018-04-02 12:36:08,2018-07-01 10:28:52,1,0.901,90,1.23,D - Low Value,Yes
1900,31,2266.66,73.12,151.24,2018-04-02 15:44:02,2018-06-29 17:52:06,0,0.0,89,0.35,D - Low Value,No
1901,36,3104.84,86.25,171.43,2018-04-03 02:55:07,2018-07-01 16:28:07,0,0.0,90,0.4,C - Mid Value,No
1902,210,4234.19,20.16,42.5,2018-04-01 03:29:54,2018-07-01 18:22:23,0,0.0,92,2.28,C - Mid Value,No
1903,53,2250.32,42.46,84.64,2018-04-01 17:14:20,2018-06-26 10:54:59,0,0.0,86,0.62,D - Low Value,No
1904,216,2897.05,13.41,103.0,2018-04-01 10:33:09,2018-07-01 20:03:26,7,3.241,92,2.35,C - Mid Value,Yes
1905,246,16417.06,66.74,139.28,2018-04-01 07:27:02,2018-07-01 20:00:27,2,0.813,92,2.67,A - Premium,Yes
1906,378,20235.42,53.53,107.25,2018-04-01 04:09:51,2018-07-01 14:19:47,0,0.0,92,4.11,A - Premium,No
1907,8,942.74,117.84,193.96,2018-04-03 08:55:57,2018-06-29 07:11:21,0,0.0,87,0.09,D - Low Value,No
1908,175,4641.43,26.52,59.27,2018-04-01 14:06:08,2018-07-01 13:16:07,0,0.0,91,1.92,C - Mid Value,No
1909,314,24699.6,78.66,181.61,2018-04-01 12:29:47,2018-07-01 15:25:46,3,0.955,92,3.41,A - Premium,Yes
1910,35,2783.71,79.53,144.03,2018-04-08 04:59:45,2018-06-28 13:26:30,0,0.0,82,0.43,D - Low Value,No
1911,290,13828.24,47.68,118.33,2018-04-01 06:43:44,2018-07-01 15:15:26,2,0.69,92,3.15,B - High Value,Yes
1912,153,6666.63,43.57,85.16,2018-04-03 01:56:32,2018-07-01 14:07:46,0,0.0,90,1.7,C - Mid Value,No
1913,150,14513.81,96.76,247.72,2018-04-01 02:15:07,2018-06-30 09:21:39,1,0.667,91,1.65,A - Premium,Yes
1914,186,8269.81,44.46,101.93,2018-04-01 12:31:45,2018-07-01 18:52:34,0,0.0,92,2.02,B - High Value,No
1915,43,2907.19,67.61,127.88,2018-04-06 16:12:53,2018-06-29 15:33:30,0,0.0,84,0.51,C - Mid Value,No
1916,71,1148.04,16.17,39.76,2018-04-03 10:02:11,2018-06-29 23:15:33,0,0.0,88,0.81,D - Low Value,No
1917,35,1038.07,29.66,65.56,2018-04-05 14:27:25,2018-06-28 08:07:49,0,0.0,84,0.42,D - Low Value,No
1918,303,27549.4,90.92,736.9,2018-04-01 06:51:29,2018-06-30 13:12:21,17,5.611,91,3.33,A - Premium,Yes
1919,169,1878.24,11.11,25.6,2018-04-01 13:48:59,2018-07-01 18:00:43,2,1.183,92,1.84,D - Low Value,Yes
1920,27,1058.73,39.21,76.37,2018-04-08 14:24:55,2018-06-28 16:43:44,0,0.0,82,0.33,D - Low Value,No
1921,222,2652.65,11.95,28.46,2018-04-01 11:34:15,2018-07-01 04:30:40,1,0.45,91,2.44,D - Low Value,Yes
1922,83,1570.9,18.93,40.19,2018-04-01 14:20:07,2018-06-30 11:34:43,0,0.0,90,0.92,D - Low Value,No
1923,4,197.05,49.26,77.39,2018-04-26 03:16:27,2018-06-28 12:37:13,0,0.0,64,0.06,D - Low Value,No
1924,341,24299.19,71.26,200.92,2018-04-01 19:02:43,2018-07-01 17:45:52,0,0.0,91,3.75,A - Premium,No
1925,25,932.65,37.31,77.56,2018-04-02 02:13:38,2018-06-24 07:28:51,0,0.0,84,0.3,D - Low Value,No
1926,122,5867.12,48.09,100.55,2018-04-02 10:25:34,2018-06-30 13:29:45,0,0.0,90,1.36,C - Mid Value,No
1927,4,84.53,21.13,26.24,2018-04-06 04:07:20,2018-06-11 22:12:10,0,0.0,67,0.06,D - Low Value,No
1928,36,777.72,21.6,39.66,2018-04-01 09:34:14,2018-07-01 12:07:52,0,0.0,92,0.39,D - Low Value,No
1929,208,3529.01,16.97,36.84,2018-04-01 11:27:40,2018-06-30 13:19:37,0,0.0,91,2.29,C - Mid Value,No
1930,179,11239.82,62.79,146.08,2018-04-01 11:01:27,2018-07-01 11:51:54,0,0.0,92,1.95,B - High Value,No
1931,331,23636.55,71.41,151.64,2018-04-01 04:36:42,2018-07-01 15:32:00,0,0.0,92,3.6,A - Premium,No
1932,352,16090.63,45.71,101.59,2018-04-01 04:41:32,2018-07-01 17:43:44,1,0.284,92,3.83,A - Premium,Yes
1933,38,331.06,8.71,19.78,2018-04-03 07:00:15,2018-06-26 19:34:23,2,5.263,85,0.45,D - Low Value,Yes
1934,226,11872.44,52.53,118.48,2018-04-01 06:43:48,2018-07-01 13:59:36,2,0.885,92,2.46,B - High Value,Yes
1935,83,490.09,5.9,12.06,2018-04-01 02:28:41,2018-07-01 22:34:56,0,0.0,92,0.9,D - Low Value,No
1937,151,12390.2,82.05,172.79,2018-04-01 09:48:26,2018-07-01 18:17:58,1,0.662,92,1.64,B - High Value,Yes
1938,161,13619.12,84.59,193.21,2018-04-01 14:28:55,2018-07-01 19:28:11,3,1.863,92,1.75,B - High Value,Yes
1939,333,7368.24,22.13,58.15,2018-04-01 07:37:36,2018-07-01 15:04:55,1,0.3,92,3.62,B - High Value,Yes
1940,9,736.39,81.82,127.5,2018-04-08 09:45:10,2018-06-24 14:32:47,0,0.0,78,0.12,D - Low Value,No
1941,337,20625.66,61.2,474.55,2018-04-01 09:11:46,2018-07-01 17:29:24,21,6.231,92,3.66,A - Premium,Yes
1942,1,136.62,136.62,136.62,2018-05-03 11:08:55,2018-05-03 11:08:55,0,0.0,1,1.0,D - Low Value,No
1943,68,3178.8,46.75,98.09,2018-04-03 04:05:02,2018-06-25 04:22:49,2,2.941,84,0.81,C - Mid Value,Yes
1944,268,2255.65,8.42,19.43,2018-04-01 04:36:18,2018-06-30 16:50:26,8,2.985,91,2.95,D - Low Value,Yes
1945,149,7033.6,47.21,111.41,2018-04-03 11:38:56,2018-07-01 15:47:13,0,0.0,90,1.66,C - Mid Value,No
1946,14,662.05,47.29,99.02,2018-04-06 19:26:39,2018-06-20 11:26:58,0,0.0,75,0.19,D - Low Value,No
1947,132,6796.64,51.49,111.64,2018-04-03 07:20:52,2018-07-01 14:43:59,0,0.0,90,1.47,C - Mid Value,No
1948,301,26806.36,89.06,748.5,2018-04-01 00:18:01,2018-07-01 17:06:00,12,3.987,92,3.27,A - Premium,Yes
1949,236,7658.48,32.45,83.13,2018-04-01 09:57:12,2018-07-01 13:30:30,4,1.695,92,2.57,B - High Value,Yes
1950,251,5228.59,20.83,45.94,2018-04-01 13:34:23,2018-07-01 15:25:21,1,0.398,92,2.73,C - Mid Value,Yes
1951,235,20960.53,89.19,218.81,2018-04-01 12:20:09,2018-07-01 09:11:43,0,0.0,91,2.58,A - Premium,No
1952,230,3243.54,14.1,35.73,2018-04-01 15:31:48,2018-07-01 22:45:25,9,3.913,92,2.5,C - Mid Value,Yes
1953,380,30885.56,81.28,203.01,2018-04-01 02:25:12,2018-07-01 23:22:19,0,0.0,92,4.13,A - Premium,No
1954,197,4781.18,24.27,53.36,2018-04-01 07:41:04,2018-06-30 20:05:36,0,0.0,91,2.16,C - Mid Value,No
1955,245,3164.55,12.92,28.13,2018-04-01 08:13:33,2018-06-30 16:46:14,4,1.633,91,2.69,C - Mid Value,Yes
1956,170,10751.62,63.24,131.22,2018-04-02 05:56:30,2018-07-01 19:15:22,3,1.765,91,1.87,B - High Value,Yes
1957,193,19461.93,100.84,204.59,2018-04-02 08:00:55,2018-07-01 08:35:40,0,0.0,91,2.12,A - Premium,No
1958,324,27685.26,85.45,196.93,2018-04-01 01:47:05,2018-07-01 22:41:30,2,0.617,92,3.52,A - Premium,Yes
1959,49,4493.49,91.7,202.85,2018-04-03 07:23:32,2018-07-01 17:29:37,0,0.0,90,0.54,C - Mid Value,No
1960,203,4341.56,21.39,41.92,2018-04-01 04:41:52,2018-07-01 18:25:24,0,0.0,92,2.21,C - Mid Value,No
1961,223,12619.09,56.59,148.23,2018-04-01 08:19:06,2018-07-01 17:43:55,2,0.897,92,2.42,B - High Value,Yes
1962,157,3486.65,22.21,48.27,2018-04-01 17:50:31,2018-07-01 15:48:24,0,0.0,91,1.73,C - Mid Value,No
1963,204,1269.74,6.22,15.49,2018-04-01 11:18:11,2018-07-01 20:08:19,0,0.0,92,2.22,D - Low Value,No
1964,195,18964.47,97.25,221.35,2018-04-01 02:06:28,2018-07-01 13:29:52,1,0.513,92,2.12,A - Premium,Yes
1965,305,8634.61,28.31,68.23,2018-04-01 06:24:31,2018-07-01 00:55:07,3,0.984,91,3.35,B - High Value,Yes
1966,213,14522.25,68.18,186.84,2018-04-01 10:30:38,2018-07-01 20:37:51,1,0.469,92,2.32,A - Premium,Yes
1967,120,4810.06,40.08,93.75,2018-04-01 14:11:03,2018-07-01 05:25:32,0,0.0,91,1.32,C - Mid Value,No
1968,190,15702.79,82.65,162.22,2018-04-01 07:52:04,2018-06-30 16:11:55,3,1.579,91,2.09,A - Premium,Yes
1969,16,278.96,17.43,30.97,2018-04-03 13:18:43,2018-06-25 06:37:26,0,0.0,83,0.19,D - Low Value,No
1970,145,842.96,5.81,13.26,2018-04-01 08:11:32,2018-07-01 13:07:43,1,0.69,92,1.58,D - Low Value,Yes
1971,36,1330.39,36.96,76.96,2018-04-05 19:02:41,2018-06-30 17:28:55,1,2.778,86,0.42,D - Low Value,Yes
1972,277,18065.04,65.22,175.09,2018-04-01 05:56:08,2018-07-01 10:45:24,0,0.0,92,3.01,A - Premium,No
1973,169,9897.28,58.56,137.36,2018-04-01 07:31:10,2018-07-01 16:02:48,6,3.55,92,1.84,B - High Value,Yes
1974,285,12057.59,42.31,104.0,2018-04-01 01:24:23,2018-07-01 17:18:33,4,1.404,92,3.1,B - High Value,Yes
1975,197,2151.27,10.92,26.92,2018-04-01 05:18:08,2018-07-01 16:29:36,0,0.0,92,2.14,D - Low Value,No
1976,1,90.18,90.18,90.18,2018-05-19 12:16:35,2018-05-19 12:16:35,0,0.0,1,1.0,D - Low Value,No
1977,196,4282.55,21.85,45.9,2018-04-01 15:50:38,2018-07-01 10:42:25,1,0.51,91,2.15,C - Mid Value,Yes
1978,305,26538.22,87.01,186.08,2018-04-01 07:44:10,2018-07-01 22:42:59,0,0.0,92,3.32,A - Premium,No
1979,153,13372.67,87.4,234.98,2018-04-01 08:30:00,2018-06-29 03:31:24,1,0.654,89,1.72,B - High Value,Yes
1980,29,507.49,17.5,35.03,2018-04-03 12:27:05,2018-06-22 13:38:48,0,0.0,81,0.36,D - Low Value,No
1981,122,10945.91,89.72,195.82,2018-04-03 17:54:26,2018-07-01 14:43:50,0,0.0,89,1.37,B - High Value,No
1982,17,1364.46,80.26,135.92,2018-04-02 00:25:10,2018-07-01 17:38:45,1,5.882,91,0.19,D - Low Value,Yes
1983,15,1385.39,92.36,149.96,2018-04-13 13:00:47,2018-06-27 16:39:09,0,0.0,76,0.2,D - Low Value,No
1984,2,59.12,29.56,41.15,2018-04-23 04:54:00,2018-05-21 14:07:22,0,0.0,29,0.07,D - Low Value,No
1985,254,10388.62,40.9,98.54,2018-04-02 13:13:05,2018-07-01 16:02:10,0,0.0,91,2.79,B - High Value,No
1986,359,5262.44,14.66,33.3,2018-04-01 07:14:19,2018-07-01 17:53:02,0,0.0,92,3.9,C - Mid Value,No
1987,281,18313.54,65.17,153.41,2018-04-01 17:39:03,2018-07-01 15:09:55,3,1.068,91,3.09,A - Premium,Yes
1988,293,4302.73,14.69,35.69,2018-04-01 03:58:06,2018-07-01 03:17:42,6,2.048,91,3.22,C - Mid Value,Yes
1989,205,3331.34,16.25,35.64,2018-04-01 14:05:07,2018-07-01 19:18:44,0,0.0,92,2.23,C - Mid Value,No
1990,31,395.95,12.77,36.42,2018-04-04 06:28:15,2018-06-27 06:16:25,0,0.0,84,0.37,D - Low Value,No
1991,194,18730.78,96.55,200.23,2018-04-01 04:50:22,2018-07-01 15:19:00,2,1.031,92,2.11,A - Premium,Yes
1992,161,2398.92,14.9,32.85,2018-04-01 10:45:33,2018-07-01 09:30:36,1,0.621,91,1.77,D - Low Value,Yes
1993,61,642.93,10.54,19.53,2018-04-03 09:08:40,2018-07-01 12:29:02,0,0.0,90,0.68,D - Low Value,No
1994,279,6922.2,24.81,57.95,2018-04-01 11:09:06,2018-07-01 16:11:21,0,0.0,92,3.03,C - Mid Value,No
1995,243,8316.96,34.23,84.38,2018-04-01 07:36:59,2018-07-01 09:58:20,1,0.412,92,2.64,B - High Value,Yes
1996,214,10572.43,49.4,128.05,2018-04-01 22:29:52,2018-07-01 10:27:08,1,0.467,91,2.35,B - High Value,Yes
1997,67,3670.53,54.78,137.93,2018-04-01 14:28:12,2018-07-01 15:41:40,2,2.985,92,0.73,C - Mid Value,Yes
1998,336,23773.22,70.75,164.95,2018-04-01 07:58:55,2018-06-30 09:02:40,2,0.595,91,3.69,A - Premium,Yes
1999,297,17201.59,57.92,136.59,2018-04-01 06:16:36,2018-07-01 16:23:02,2,0.673,92,3.23,A - Premium,Yes
2000,90,6743.9,74.93,161.75,2018-04-01 00:17:44,2018-07-01 12:24:10,2,2.222,92,0.98,C - Mid Value,Yes
2001,36,1326.83,36.86,65.85,2018-04-03 08:14:17,2018-06-28 19:10:10,0,0.0,87,0.41,D - Low Value,No
2002,194,1541.01,7.94,17.38,2018-04-01 13:30:28,2018-07-01 13:31:03,0,0.0,92,2.11,D - Low Value,No
2003,164,12411.45,75.68,215.38,2018-04-01 16:44:10,2018-07-01 12:18:39,0,0.0,91,1.8,B - High Value,No
2004,172,10416.54,60.56,121.3,2018-04-01 07:50:44,2018-07-01 19:40:26,2,1.163,92,1.87,B - High Value,Yes
2005,242,22737.75,93.96,217.28,2018-04-01 15:42:29,2018-07-01 21:26:12,0,0.0,92,2.63,A - Premium,No
2006,360,13621.09,37.84,86.8,2018-04-01 02:34:51,2018-07-01 15:18:55,0,0.0,92,3.91,B - High Value,No
2007,60,3408.77,56.81,123.97,2018-04-01 19:37:59,2018-06-30 20:50:21,2,3.333,91,0.66,C - Mid Value,Yes
2008,199,10798.44,54.26,110.09,2018-04-01 07:12:44,2018-07-01 16:23:11,1,0.503,92,2.16,B - High Value,Yes
2009,342,30367.75,88.79,219.03,2018-04-01 10:06:56,2018-07-01 12:46:29,0,0.0,92,3.72,A - Premium,No
2010,23,2090.97,90.91,175.7,2018-04-04 04:27:06,2018-06-24 22:15:32,0,0.0,82,0.28,D - Low Value,No
2011,79,5712.05,72.3,148.3,2018-04-01 13:48:35,2018-07-01 09:10:46,0,0.0,91,0.87,C - Mid Value,No
2012,183,8094.62,44.23,112.45,2018-04-02 23:07:08,2018-06-30 13:48:29,0,0.0,89,2.06,B - High Value,No
2013,206,15468.95,75.09,189.21,2018-04-01 09:05:15,2018-07-01 17:55:38,2,0.971,92,2.24,A - Premium,Yes
2014,63,2179.87,34.6,71.78,2018-04-04 17:44:01,2018-06-28 18:04:16,0,0.0,86,0.73,D - Low Value,No
2015,140,6714.77,47.96,107.43,2018-04-01 06:21:15,2018-07-01 12:21:14,1,0.714,92,1.52,C - Mid Value,Yes
2016,60,1301.63,21.69,45.25,2018-04-01 05:10:34,2018-07-01 09:16:07,1,1.667,92,0.65,D - Low Value,Yes
2017,187,4369.49,23.37,59.21,2018-04-02 09:48:28,2018-07-01 15:25:13,1,0.535,91,2.05,C - Mid Value,Yes
2018,311,20895.53,67.19,167.86,2018-04-01 11:12:24,2018-07-01 23:16:14,1,0.322,92,3.38,A - Premium,Yes
2019,226,4801.46,21.25,46.52,2018-04-01 02:36:47,2018-07-01 14:56:08,1,0.442,92,2.46,C - Mid Value,Yes
2020,322,2486.7,7.72,17.19,2018-04-01 07:02:17,2018-07-01 20:11:03,0,0.0,92,3.5,D - Low Value,No
2021,290,22131.19,76.31,182.57,2018-04-01 12:35:28,2018-07-01 14:03:15,2,0.69,92,3.15,A - Premium,Yes
2022,126,965.74,7.66,18.07,2018-04-02 12:41:39,2018-07-01 20:01:41,0,0.0,91,1.38,D - Low Value,No
2023,63,2444.86,38.81,68.49,2018-04-02 09:42:10,2018-06-29 14:52:44,1,1.587,89,0.71,D - Low Value,Yes
2024,332,22723.71,68.44,150.39,2018-04-01 10:52:49,2018-07-01 18:22:58,2,0.602,92,3.61,A - Premium,Yes
2025,280,22936.38,81.92,196.18,2018-04-01 10:50:50,2018-07-01 13:08:24,0,0.0,92,3.04,A - Premium,No
2026,94,4150.66,44.16,85.7,2018-04-02 11:45:12,2018-07-01 22:56:12,1,1.064,91,1.03,C - Mid Value,Yes
2027,146,9733.31,66.67,155.99,2018-04-01 09:25:53,2018-07-01 18:50:01,0,0.0,92,1.59,B - High Value,No
2028,284,8642.95,30.43,78.03,2018-04-01 05:40:04,2018-07-01 10:00:27,0,0.0,92,3.09,B - High Value,No
2029,105,6787.52,64.64,148.08,2018-04-03 18:23:48,2018-07-01 06:20:09,0,0.0,89,1.18,C - Mid Value,No
2030,279,10924.2,39.15,83.46,2018-04-01 03:49:08,2018-07-01 19:24:04,0,0.0,92,3.03,B - High Value,No
2031,103,6745.1,65.49,149.41,2018-04-01 14:14:09,2018-07-01 05:40:45,1,0.971,91,1.13,C - Mid Value,Yes
2032,199,19206.42,96.51,744.85,2018-04-01 08:28:58,2018-07-01 12:50:27,8,4.02,92,2.16,A - Premium,Yes
2033,139,6820.19,49.07,135.91,2018-04-01 00:36:39,2018-06-29 17:01:06,0,0.0,90,1.54,C - Mid Value,No
2034,271,10385.7,38.32,88.4,2018-04-01 08:21:23,2018-07-01 07:37:18,3,1.107,91,2.98,B - High Value,Yes
2035,252,19550.83,77.58,164.87,2018-04-01 07:40:18,2018-07-01 07:48:34,0,0.0,92,2.74,A - Premium,No
2036,19,1032.17,54.32,99.81,2018-04-01 09:46:12,2018-07-01 08:38:03,0,0.0,91,0.21,D - Low Value,No
2037,243,1544.86,6.36,19.83,2018-04-01 06:14:12,2018-06-30 04:16:25,2,0.823,90,2.7,D - Low Value,Yes
2038,55,5313.77,96.61,225.42,2018-04-01 22:24:34,2018-07-01 18:34:14,1,1.818,91,0.6,C - Mid Value,Yes
2039,121,1125.23,9.3,19.58,2018-04-01 01:38:20,2018-07-01 12:32:39,0,0.0,92,1.32,D - Low Value,No
2040,352,26804.25,76.15,182.83,2018-04-01 12:43:16,2018-07-01 20:08:01,1,0.284,92,3.83,A - Premium,Yes
2041,201,11907.03,59.24,127.34,2018-04-01 15:04:01,2018-07-01 15:10:37,1,0.498,92,2.18,B - High Value,Yes
2042,105,4057.82,38.65,287.45,2018-04-01 15:13:09,2018-07-01 07:29:19,9,8.571,91,1.15,C - Mid Value,Yes
2043,107,6990.53,65.33,167.84,2018-04-05 03:57:28,2018-07-01 12:08:36,3,2.804,88,1.22,C - Mid Value,Yes
2044,338,17050.43,50.45,121.5,2018-04-01 03:51:53,2018-07-01 14:28:18,0,0.0,92,3.67,A - Premium,No
2045,134,8032.81,59.95,142.2,2018-04-01 05:18:47,2018-06-30 11:54:23,2,1.493,91,1.47,B - High Value,Yes
2046,126,6433.95,51.06,106.58,2018-04-01 06:29:18,2018-07-01 16:42:35,5,3.968,92,1.37,C - Mid Value,Yes
2047,191,11495.44,60.19,142.23,2018-04-01 08:40:30,2018-06-30 16:02:20,0,0.0,91,2.1,B - High Value,No
2048,120,8747.95,72.9,151.86,2018-04-01 12:59:32,2018-07-01 17:56:24,0,0.0,92,1.3,B - High Value,No
2049,275,4818.79,17.52,40.58,2018-04-01 13:46:15,2018-07-01 12:30:24,0,0.0,91,3.02,C - Mid Value,No
2050,76,4602.35,60.56,134.72,2018-04-02 10:57:04,2018-07-01 19:44:56,0,0.0,91,0.84,C - Mid Value,No
2051,6,590.16,98.36,142.99,2018-04-13 14:55:23,2018-06-15 06:30:30,0,0.0,63,0.1,D - Low Value,No
2052,287,1556.6,5.42,11.68,2018-04-01 09:52:52,2018-07-01 03:42:45,0,0.0,91,3.15,D - Low Value,No
2053,234,16064.99,68.65,200.32,2018-04-01 08:52:45,2018-07-01 04:34:01,2,0.855,91,2.57,A - Premium,Yes
2054,102,5170.38,50.69,114.19,2018-04-01 07:38:25,2018-06-29 17:50:08,0,0.0,90,1.13,C - Mid Value,No
2055,354,13048.62,36.86,92.54,2018-04-01 12:42:37,2018-07-01 18:21:58,4,1.13,92,3.85,B - High Value,Yes
2056,69,6424.51,93.11,186.84,2018-04-01 13:16:14,2018-07-01 12:37:48,0,0.0,91,0.76,C - Mid Value,No
2057,224,4410.5,19.69,51.05,2018-04-01 08:12:40,2018-07-01 06:31:43,0,0.0,91,2.46,C - Mid Value,No
2058,85,6584.2,77.46,155.89,2018-04-01 06:48:11,2018-06-27 11:34:27,0,0.0,88,0.97,C - Mid Value,No
2059,221,13331.16,60.32,130.53,2018-04-01 09:12:49,2018-07-01 12:32:20,1,0.452,92,2.4,B - High Value,Yes
2060,178,7754.85,43.57,106.16,2018-04-01 11:42:02,2018-07-01 14:17:17,3,1.685,92,1.93,B - High Value,Yes
2061,7,605.46,86.49,118.48,2018-04-07 08:20:24,2018-06-27 06:20:32,0,0.0,81,0.09,D - Low Value,No
2062,78,7163.51,91.84,195.83,2018-04-02 06:50:59,2018-06-30 17:38:38,0,0.0,90,0.87,B - High Value,No
2063,76,3081.51,40.55,97.62,2018-04-02 02:21:58,2018-06-30 14:51:19,0,0.0,90,0.84,C - Mid Value,No
2064,163,15329.54,94.05,562.1,2018-04-01 09:32:27,2018-07-01 17:44:36,5,3.067,92,1.77,A - Premium,Yes
2065,29,1189.5,41.02,85.57,2018-04-01 05:34:01,2018-06-24 20:54:45,0,0.0,85,0.34,D - Low Value,No
2066,237,10999.85,46.41,105.11,2018-04-01 15:44:17,2018-07-01 15:34:33,0,0.0,91,2.6,B - High Value,No
2067,34,1772.57,52.13,103.11,2018-04-03 13:06:54,2018-06-30 16:13:11,0,0.0,89,0.38,D - Low Value,No
2068,134,1129.12,8.43,19.76,2018-04-01 08:10:27,2018-06-30 17:04:51,1,0.746,91,1.47,D - Low Value,Yes
2069,59,4335.44,73.48,152.89,2018-04-01 17:01:25,2018-07-01 10:23:26,1,1.695,91,0.65,C - Mid Value,Yes
2070,174,1190.54,6.84,15.24,2018-04-01 09:21:10,2018-07-01 17:59:48,0,0.0,92,1.89,D - Low Value,No
2071,303,21067.02,69.53,157.39,2018-04-01 16:12:21,2018-07-01 21:55:01,1,0.33,92,3.29,A - Premium,Yes
2072,21,1907.46,90.83,176.01,2018-04-08 21:49:06,2018-07-01 01:27:00,0,0.0,84,0.25,D - Low Value,No
2073,33,1309.02,39.67,74.07,2018-04-12 22:05:27,2018-07-01 22:21:10,1,3.03,81,0.41,D - Low Value,Yes
2074,149,7072.73,47.47,107.96,2018-04-01 11:29:04,2018-06-30 13:36:13,3,2.013,91,1.64,C - Mid Value,Yes
2075,134,7106.87,53.04,113.08,2018-04-01 15:29:21,2018-07-01 12:22:07,0,0.0,91,1.47,C - Mid Value,No
2076,82,7086.76,86.42,181.61,2018-04-02 05:50:58,2018-07-01 15:54:51,0,0.0,91,0.9,C - Mid Value,No
2077,187,1456.24,7.79,18.91,2018-04-01 07:00:47,2018-07-01 12:45:49,1,0.535,92,2.03,D - Low Value,Yes
2078,134,11689.56,87.24,203.74,2018-04-01 07:58:42,2018-07-01 19:37:14,0,0.0,92,1.46,B - High Value,No
2079,134,6718.04,50.13,115.65,2018-04-01 07:05:12,2018-07-01 21:17:55,1,0.746,92,1.46,C - Mid Value,Yes
2080,252,25056.15,99.43,617.25,2018-04-01 05:15:02,2018-07-01 16:25:15,13,5.159,92,2.74,A - Premium,Yes
2081,277,16761.7,60.51,146.51,2018-04-01 01:54:52,2018-07-01 18:03:39,0,0.0,92,3.01,A - Premium,No
2082,173,7310.5,42.26,94.57,2018-04-01 11:27:32,2018-06-30 11:02:34,2,1.156,90,1.92,B - High Value,Yes
2084,222,10390.52,46.8,102.88,2018-04-02 08:43:37,2018-07-01 21:17:18,1,0.45,91,2.44,B - High Value,Yes
2085,121,7981.37,65.96,142.84,2018-04-02 15:48:15,2018-07-01 04:24:17,1,0.826,90,1.34,B - High Value,Yes
2086,124,5733.16,46.24,96.26,2018-04-01 03:02:55,2018-07-01 21:14:49,0,0.0,92,1.35,C - Mid Value,No
2087,145,6844.48,47.2,103.25,2018-04-02 03:46:11,2018-07-01 14:05:57,0,0.0,91,1.59,C - Mid Value,No
2088,311,5756.51,18.51,38.54,2018-04-01 14:16:54,2018-07-01 14:30:00,0,0.0,92,3.38,C - Mid Value,No
2089,266,5416.1,20.36,44.49,2018-04-01 10:49:18,2018-07-01 10:10:03,0,0.0,91,2.92,C - Mid Value,No
2090,254,12413.19,48.87,115.04,2018-04-01 08:12:31,2018-06-30 16:35:01,2,0.787,91,2.79,B - High Value,Yes
2091,95,1059.72,11.15,24.11,2018-04-01 14:47:39,2018-06-30 11:29:56,0,0.0,90,1.06,D - Low Value,No
2092,332,19134.3,57.63,150.73,2018-04-01 04:35:43,2018-07-01 13:30:20,0,0.0,92,3.61,A - Premium,No
2093,5,337.76,67.55,85.46,2018-04-16 06:51:51,2018-05-29 14:26:55,0,0.0,44,0.11,D - Low Value,No
2094,67,767.98,11.46,24.94,2018-04-04 10:14:53,2018-07-01 06:11:27,0,0.0,88,0.76,D - Low Value,No
2095,198,10028.86,50.65,138.62,2018-04-01 08:53:08,2018-07-01 18:28:18,0,0.0,92,2.15,B - High Value,No
2096,246,7494.46,30.47,77.07,2018-04-01 10:24:04,2018-07-01 09:12:44,2,0.813,91,2.7,B - High Value,Yes
2097,239,20934.79,87.59,216.62,2018-04-01 07:07:46,2018-07-01 09:09:09,0,0.0,92,2.6,A - Premium,No
2098,30,1700.17,56.67,102.5,2018-04-06 14:31:36,2018-06-29 15:18:16,0,0.0,85,0.35,D - Low Value,No
2099,278,2680.5,9.64,21.0,2018-04-01 14:08:14,2018-06-30 06:22:55,0,0.0,90,3.09,D - Low Value,No
2100,247,10534.89,42.65,104.75,2018-04-01 10:35:38,2018-06-30 23:17:37,5,2.024,91,2.71,B - High Value,Yes
2101,270,14620.09,54.15,130.6,2018-04-01 04:49:53,2018-07-01 12:49:06,0,0.0,92,2.93,A - Premium,No
2102,172,7986.65,46.43,110.5,2018-04-01 10:07:40,2018-07-01 14:25:27,0,0.0,92,1.87,B - High Value,No
2103,87,6516.79,74.91,162.62,2018-04-01 17:14:12,2018-07-01 16:28:45,0,0.0,91,0.96,C - Mid Value,No
2104,204,3310.49,16.23,41.04,2018-04-01 08:02:04,2018-07-01 08:02:32,0,0.0,92,2.22,C - Mid Value,No
2105,9,284.95,31.66,70.65,2018-04-01 09:41:08,2018-06-27 12:55:13,0,0.0,88,0.1,D - Low Value,No
2106,268,17708.69,66.08,161.68,2018-04-01 05:34:50,2018-07-01 11:28:42,0,0.0,92,2.91,A - Premium,No
2107,117,4455.98,38.09,87.24,2018-04-01 06:11:10,2018-06-30 12:05:14,3,2.564,91,1.29,C - Mid Value,Yes
2108,328,14757.38,44.99,104.76,2018-04-01 04:52:03,2018-07-01 06:56:39,6,1.829,92,3.57,A - Premium,Yes
2109,257,13605.34,52.94,121.07,2018-04-01 00:52:16,2018-07-01 22:26:23,6,2.335,92,2.79,B - High Value,Yes
2110,333,28095.56,84.37,702.85,2018-04-01 03:43:11,2018-07-01 17:15:22,19,5.706,92,3.62,A - Premium,Yes
2111,296,4940.31,16.69,40.39,2018-04-01 13:09:33,2018-07-01 23:17:15,6,2.027,92,3.22,C - Mid Value,Yes
2112,357,29011.98,81.27,496.9,2018-04-01 23:30:04,2018-07-01 18:45:11,16,4.482,91,3.92,A - Premium,Yes
2113,119,1259.43,10.58,24.18,2018-04-01 08:24:53,2018-07-01 17:27:36,0,0.0,92,1.29,D - Low Value,No
2114,370,23169.32,62.62,151.85,2018-04-01 08:01:28,2018-07-01 16:14:22,1,0.27,92,4.02,A - Premium,Yes
2115,294,17969.22,61.12,148.09,2018-04-01 15:34:31,2018-07-01 15:46:39,0,0.0,92,3.2,A - Premium,No
2116,202,11857.38,58.7,143.82,2018-04-01 19:54:45,2018-07-01 14:48:27,0,0.0,91,2.22,B - High Value,No
2117,204,18563.91,91.0,182.35,2018-04-01 03:34:33,2018-07-01 19:06:30,3,1.471,92,2.22,A - Premium,Yes
2118,232,9137.17,39.38,89.74,2018-04-01 06:52:51,2018-07-01 10:25:48,1,0.431,92,2.52,B - High Value,Yes
2119,187,1243.47,6.65,14.78,2018-04-01 05:37:26,2018-07-01 22:05:27,3,1.604,92,2.03,D - Low Value,Yes
2120,104,4867.61,46.8,90.25,2018-04-01 17:24:59,2018-06-29 15:11:46,0,0.0,89,1.17,C - Mid Value,No
2121,156,11660.86,74.75,162.58,2018-04-01 02:22:32,2018-07-01 23:15:36,1,0.641,92,1.7,B - High Value,Yes
2122,222,12841.27,57.84,126.86,2018-04-01 09:12:53,2018-07-01 11:44:30,1,0.45,92,2.41,B - High Value,Yes
2123,271,5852.82,21.6,52.7,2018-04-01 12:19:11,2018-07-01 12:51:26,2,0.738,92,2.95,C - Mid Value,Yes
2124,42,2741.66,65.28,134.32,2018-04-01 11:41:40,2018-06-28 11:03:52,0,0.0,88,0.48,D - Low Value,No
2125,174,12895.18,74.11,165.38,2018-04-01 14:55:05,2018-07-01 12:43:08,1,0.575,91,1.91,B - High Value,Yes
2126,270,15886.06,58.84,146.63,2018-04-01 07:05:40,2018-07-01 22:46:38,2,0.741,92,2.93,A - Premium,Yes
2127,56,2209.68,39.46,83.16,2018-04-03 19:01:59,2018-06-30 12:58:28,1,1.786,88,0.64,D - Low Value,Yes
2128,227,7270.72,32.03,86.84,2018-04-01 10:22:46,2018-07-01 17:31:47,3,1.322,92,2.47,B - High Value,Yes
2129,182,3029.85,16.65,36.06,2018-04-01 07:09:20,2018-07-01 15:58:23,0,0.0,92,1.98,C - Mid Value,No
2130,291,15349.21,52.75,128.93,2018-04-01 11:41:19,2018-07-01 12:10:13,3,1.031,92,3.16,A - Premium,Yes
2131,305,5338.23,17.5,43.9,2018-04-01 08:30:52,2018-07-01 21:38:04,0,0.0,92,3.32,C - Mid Value,No
2132,59,647.09,10.97,48.9,2018-04-01 15:02:40,2018-06-28 13:10:41,4,6.78,88,0.67,D - Low Value,Yes
2133,201,18098.53,90.04,182.62,2018-04-02 10:47:30,2018-07-01 14:05:09,0,0.0,91,2.21,A - Premium,No
2134,262,18261.21,69.7,164.23,2018-04-01 12:19:20,2018-07-01 18:59:02,0,0.0,92,2.85,A - Premium,No
2135,184,14162.2,76.97,172.9,2018-04-01 10:53:33,2018-07-01 08:38:19,0,0.0,91,2.02,B - High Value,No
2136,84,4463.65,53.14,111.05,2018-04-04 15:44:50,2018-06-28 18:43:11,2,2.381,86,0.98,C - Mid Value,Yes
2137,84,2732.5,32.53,65.49,2018-04-02 14:36:31,2018-07-01 12:10:13,0,0.0,90,0.93,D - Low Value,No
2138,159,12142.15,76.37,195.46,2018-04-02 03:01:26,2018-07-01 15:06:54,1,0.629,91,1.75,B - High Value,Yes
2139,176,8911.01,50.63,100.98,2018-04-01 02:42:04,2018-07-01 19:00:57,1,0.568,92,1.91,B - High Value,Yes
2140,174,4861.49,27.94,67.72,2018-04-01 06:03:15,2018-07-01 11:33:45,0,0.0,92,1.89,C - Mid Value,No
2141,288,17851.86,61.99,160.65,2018-04-01 04:35:40,2018-07-01 14:23:42,1,0.347,92,3.13,A - Premium,Yes
2142,1,67.7,67.7,67.7,2018-05-23 08:25:26,2018-05-23 08:25:26,0,0.0,1,1.0,D - Low Value,No
2143,271,21853.99,80.64,175.33,2018-04-01 10:17:49,2018-07-01 12:17:46,1,0.369,92,2.95,A - Premium,Yes
2144,158,15350.82,97.16,226.3,2018-04-01 11:15:53,2018-07-01 05:56:15,1,0.633,91,1.74,A - Premium,Yes
2145,111,5408.46,48.72,112.54,2018-04-02 05:55:31,2018-06-30 13:36:04,1,0.901,90,1.23,C - Mid Value,Yes
2146,235,24100.98,102.56,226.99,2018-04-01 05:19:43,2018-07-01 19:39:57,4,1.702,92,2.55,A - Premium,Yes
2147,53,3898.8,73.56,144.92,2018-04-01 15:27:12,2018-06-29 12:16:28,0,0.0,89,0.6,C - Mid Value,No
2148,228,1527.09,6.7,15.88,2018-04-01 04:08:53,2018-07-01 20:33:37,0,0.0,92,2.48,D - Low Value,No
2149,215,3998.88,18.6,45.53,2018-04-01 03:31:34,2018-07-01 14:21:56,0,0.0,92,2.34,C - Mid Value,No
2150,144,10461.54,72.65,145.22,2018-04-01 04:28:43,2018-07-01 07:51:22,1,0.694,92,1.57,B - High Value,Yes
2151,65,2364.04,36.37,72.52,2018-04-05 16:39:58,2018-07-01 12:08:21,0,0.0,87,0.75,D - Low Value,No
2152,343,19162.58,55.87,139.66,2018-04-01 02:20:26,2018-07-01 21:00:02,2,0.583,92,3.73,A - Premium,Yes
2153,232,13279.81,57.24,135.15,2018-04-01 03:11:07,2018-07-01 23:59:27,0,0.0,92,2.52,B - High Value,No
2154,334,6200.69,18.56,42.4,2018-04-01 08:14:11,2018-07-01 18:14:04,0,0.0,92,3.63,C - Mid Value,No
2156,290,2778.0,9.58,23.85,2018-04-01 08:35:36,2018-07-01 12:03:58,2,0.69,92,3.15,D - Low Value,Yes
2157,128,7227.8,56.47,112.63,2018-04-01 05:08:30,2018-07-01 18:35:28,0,0.0,92,1.39,B - High Value,No
2158,55,2709.2,49.26,128.03,2018-04-01 15:02:06,2018-06-30 15:40:34,0,0.0,91,0.6,D - Low Value,No
2159,101,9756.31,96.6,182.3,2018-04-01 15:56:45,2018-06-29 19:40:47,1,0.99,90,1.12,B - High Value,Yes
2160,229,18565.11,81.07,205.38,2018-04-01 11:45:51,2018-07-01 11:50:44,2,0.873,92,2.49,A - Premium,Yes
2161,243,12040.33,49.55,109.94,2018-04-01 03:34:09,2018-07-01 18:16:03,0,0.0,92,2.64,B - High Value,No
2162,15,933.16,62.21,113.74,2018-04-02 11:14:54,2018-06-15 16:56:28,0,0.0,75,0.2,D - Low Value,No
2163,75,2893.77,38.58,85.14,2018-04-03 07:55:55,2018-07-01 12:10:13,0,0.0,90,0.83,C - Mid Value,No
2164,229,17846.83,77.93,224.88,2018-04-01 02:28:06,2018-07-01 18:34:49,5,2.183,92,2.49,A - Premium,Yes
2165,296,16838.56,56.89,125.89,2018-04-01 07:36:14,2018-07-01 22:33:43,0,0.0,92,3.22,A - Premium,No
2166,263,7630.59,29.01,71.73,2018-04-01 01:15:59,2018-07-01 18:26:31,0,0.0,92,2.86,B - High Value,No
2167,271,25479.98,94.02,224.52,2018-04-02 15:00:12,2018-07-01 08:36:29,2,0.738,90,3.01,A - Premium,Yes
2168,156,14478.18,92.81,186.19,2018-04-02 21:16:12,2018-07-01 15:59:14,2,1.282,90,1.73,A - Premium,Yes
2169,238,16968.82,71.3,185.84,2018-04-01 10:18:42,2018-06-30 12:51:51,5,2.101,91,2.62,A - Premium,Yes
2170,35,3613.46,103.24,192.9,2018-04-01 07:00:14,2018-06-28 10:40:30,0,0.0,89,0.39,C - Mid Value,No
2171,5,28.41,5.68,9.32,2018-05-08 13:21:30,2018-06-17 11:37:37,0,0.0,40,0.12,D - Low Value,No
2172,57,3787.26,66.44,191.85,2018-04-03 14:09:25,2018-06-28 06:24:35,1,1.754,86,0.66,C - Mid Value,Yes
2173,163,3131.75,19.21,41.5,2018-04-01 13:09:03,2018-07-01 08:42:24,1,0.613,91,1.79,C - Mid Value,Yes
2174,318,7621.39,23.97,59.23,2018-04-02 06:44:04,2018-07-01 17:40:09,4,1.258,91,3.49,B - High Value,Yes
2175,199,18803.3,94.49,850.95,2018-04-01 13:15:51,2018-07-01 17:21:45,8,4.02,92,2.16,A - Premium,Yes
2176,48,269.29,5.61,11.87,2018-04-01 10:32:15,2018-06-29 03:03:02,0,0.0,89,0.54,D - Low Value,No
2177,320,23764.3,74.26,161.41,2018-04-01 15:46:49,2018-07-01 15:35:29,5,1.562,91,3.52,A - Premium,Yes
2178,20,1279.29,63.96,133.49,2018-04-01 17:41:40,2018-07-01 13:50:57,0,0.0,91,0.22,D - Low Value,No
2179,77,7509.77,97.53,199.61,2018-04-02 13:02:41,2018-07-01 05:58:14,0,0.0,90,0.86,B - High Value,No
2180,55,2940.29,53.46,93.82,2018-04-03 10:09:25,2018-07-01 11:16:24,1,1.818,90,0.61,C - Mid Value,Yes
2181,51,4806.83,94.25,220.66,2018-04-02 10:33:33,2018-07-01 10:50:32,2,3.922,91,0.56,C - Mid Value,Yes
2182,9,323.39,35.93,56.66,2018-04-03 15:24:34,2018-06-19 18:42:43,0,0.0,78,0.12,D - Low Value,No
2183,257,21966.48,85.47,188.76,2018-04-01 12:35:02,2018-07-01 20:48:19,5,1.946,92,2.79,A - Premium,Yes
2184,222,18357.62,82.69,188.4,2018-04-02 06:55:16,2018-07-01 18:12:28,0,0.0,91,2.44,A - Premium,No
2185,220,2931.05,13.32,31.42,2018-04-01 09:53:07,2018-07-01 22:03:27,0,0.0,92,2.39,C - Mid Value,No
2186,52,650.93,12.52,27.53,2018-04-05 00:22:12,2018-06-30 20:22:55,0,0.0,87,0.6,D - Low Value,No
2187,100,2229.42,22.29,47.42,2018-04-01 15:33:42,2018-06-30 21:10:26,2,2.0,91,1.1,D - Low Value,Yes
2188,190,17503.1,92.12,248.08,2018-04-01 08:34:18,2018-07-01 18:54:50,3,1.579,92,2.07,A - Premium,Yes
2189,319,23334.6,73.15,166.38,2018-04-01 06:19:42,2018-07-01 19:38:21,0,0.0,92,3.47,A - Premium,No
2190,305,29889.87,98.0,230.49,2018-04-01 06:15:57,2018-07-01 13:45:07,3,0.984,92,3.32,A - Premium,Yes
2191,102,4824.59,47.3,182.8,2018-04-01 04:44:14,2018-07-01 12:37:02,5,4.902,92,1.11,C - Mid Value,Yes
2192,54,2576.07,47.71,250.65,2018-04-02 12:30:10,2018-06-27 18:41:23,4,7.407,87,0.62,D - Low Value,Yes
2193,286,7521.14,26.3,70.84,2018-04-01 09:13:49,2018-07-01 20:48:18,2,0.699,92,3.11,B - High Value,Yes
2194,259,22629.09,87.37,200.58,2018-04-01 15:18:53,2018-07-01 12:19:16,5,1.931,91,2.85,A - Premium,Yes
2195,26,1156.77,44.49,84.69,2018-04-04 15:41:51,2018-07-01 14:50:41,0,0.0,88,0.3,D - Low Value,No
2196,160,3617.14,22.61,59.49,2018-04-01 10:38:03,2018-07-01 10:47:36,0,0.0,92,1.74,C - Mid Value,No
2197,291,3870.81,13.3,37.44,2018-04-01 05:14:23,2018-07-01 23:55:15,0,0.0,92,3.16,C - Mid Value,No
2198,57,4538.85,79.63,154.79,2018-04-06 04:16:38,2018-06-30 06:08:22,1,1.754,86,0.66,C - Mid Value,Yes
2199,21,1399.7,66.65,116.97,2018-04-09 17:13:58,2018-06-30 08:39:09,0,0.0,82,0.26,D - Low Value,No
2200,329,11268.1,34.25,85.49,2018-04-01 08:11:01,2018-07-01 18:43:21,0,0.0,92,3.58,B - High Value,No
2201,6,349.86,58.31,80.19,2018-04-06 02:39:13,2018-06-23 09:10:41,0,0.0,79,0.08,D - Low Value,No
2202,255,13196.5,51.75,112.63,2018-04-01 07:07:26,2018-07-01 13:59:54,0,0.0,92,2.77,B - High Value,No
2203,158,14068.8,89.04,270.29,2018-04-02 07:26:37,2018-07-01 07:08:53,2,1.266,90,1.76,B - High Value,Yes
2204,139,11194.93,80.54,154.42,2018-04-02 02:49:13,2018-07-01 16:50:47,1,0.719,91,1.53,B - High Value,Yes
2205,245,7981.42,32.58,65.58,2018-04-01 03:37:28,2018-07-01 15:24:41,0,0.0,92,2.66,B - High Value,No
2206,122,8426.89,69.07,162.4,2018-04-01 09:35:43,2018-07-01 13:43:23,0,0.0,92,1.33,B - High Value,No
2207,222,8982.01,40.46,90.86,2018-04-03 18:52:55,2018-07-01 16:36:19,1,0.45,89,2.49,B - High Value,Yes
2208,27,1779.39,65.9,139.87,2018-04-05 13:38:17,2018-06-29 16:05:16,0,0.0,86,0.31,D - Low Value,No
2209,200,11341.1,56.71,147.45,2018-04-01 07:20:48,2018-07-01 09:30:20,0,0.0,92,2.17,B - High Value,No
2210,295,3177.15,10.77,26.25,2018-04-01 15:57:59,2018-07-01 22:08:56,1,0.339,92,3.21,C - Mid Value,Yes
2211,281,27941.22,99.43,226.39,2018-04-02 07:28:48,2018-07-01 06:23:08,3,1.068,90,3.12,A - Premium,Yes
2212,101,1108.0,10.97,31.08,2018-04-01 07:39:46,2018-07-01 11:52:03,0,0.0,92,1.1,D - Low Value,No
2213,235,17420.69,74.13,162.18,2018-04-01 09:29:39,2018-07-01 17:14:39,1,0.426,92,2.55,A - Premium,Yes
2214,208,6225.3,29.93,68.05,2018-04-01 08:23:25,2018-07-01 17:33:00,2,0.962,92,2.26,C - Mid Value,Yes
2215,336,6719.86,20.0,50.8,2018-04-01 05:07:27,2018-07-01 19:42:36,5,1.488,92,3.65,C - Mid Value,Yes
2216,162,1672.26,10.32,25.59,2018-04-03 08:18:01,2018-07-01 13:47:04,0,0.0,90,1.8,D - Low Value,No
2217,341,9276.78,27.2,66.14,2018-04-01 03:17:29,2018-06-30 18:36:58,4,1.173,91,3.75,B - High Value,Yes
2218,209,3163.5,15.14,34.09,2018-04-02 06:39:30,2018-07-01 15:30:25,1,0.478,91,2.3,C - Mid Value,Yes
2219,268,12814.07,47.81,113.9,2018-04-01 10:48:39,2018-07-01 09:34:54,2,0.746,91,2.95,B - High Value,Yes
2220,257,19856.97,77.26,190.68,2018-04-01 06:50:57,2018-07-01 03:04:06,0,0.0,91,2.82,A - Premium,No
2221,97,1329.2,13.7,34.92,2018-04-01 06:41:59,2018-07-01 12:22:10,0,0.0,92,1.05,D - Low Value,No
2222,294,20649.39,70.24,172.13,2018-04-01 09:28:13,2018-07-01 17:42:29,0,0.0,92,3.2,A - Premium,No
2223,32,2134.53,66.7,143.07,2018-04-08 10:52:31,2018-07-01 18:28:54,0,0.0,85,0.38,D - Low Value,No
2224,152,11797.11,77.61,180.79,2018-04-02 08:24:05,2018-07-01 15:20:24,0,0.0,91,1.67,B - High Value,No
2225,51,4712.61,92.4,199.38,2018-04-01 08:57:53,2018-06-29 22:30:07,0,0.0,90,0.57,C - Mid Value,No
2226,51,4220.65,82.76,185.54,2018-04-01 17:42:44,2018-06-27 05:14:14,0,0.0,87,0.59,C - Mid Value,No
2227,152,11540.44,75.92,161.15,2018-04-01 08:23:58,2018-07-01 03:15:55,1,0.658,91,1.67,B - High Value,Yes
2228,97,4725.66,48.72,119.67,2018-04-01 06:41:14,2018-07-01 21:20:47,0,0.0,92,1.05,C - Mid Value,No
2229,269,15296.98,56.87,126.4,2018-04-01 09:55:53,2018-07-01 16:50:18,0,0.0,92,2.92,A - Premium,No
2230,76,4494.94,59.14,123.09,2018-04-01 08:45:22,2018-06-28 18:23:11,0,0.0,89,0.85,C - Mid Value,No
2231,44,1997.18,45.39,99.16,2018-04-05 10:09:09,2018-06-30 10:16:09,1,2.273,87,0.51,D - Low Value,Yes
2232,208,20427.76,98.21,229.93,2018-04-01 08:55:45,2018-07-01 20:05:12,3,1.442,92,2.26,A - Premium,Yes
2233,320,7078.17,22.12,51.22,2018-04-01 13:52:38,2018-07-01 17:22:16,2,0.625,92,3.48,C - Mid Value,Yes
2234,268,28676.0,107.0,265.24,2018-04-01 03:21:47,2018-07-01 17:46:19,1,0.373,92,2.91,A - Premium,Yes
2235,113,4606.28,40.76,89.01,2018-04-01 02:24:12,2018-07-01 01:46:58,0,0.0,91,1.24,C - Mid Value,No
2236,79,2823.97,35.75,71.37,2018-04-01 14:30:15,2018-07-01 08:00:34,1,1.266,91,0.87,C - Mid Value,Yes
2237,348,33778.02,97.06,207.51,2018-04-01 18:33:38,2018-07-01 19:07:29,2,0.575,92,3.78,A - Premium,Yes
2238,104,2134.93,20.53,51.91,2018-04-01 07:35:05,2018-07-01 11:13:27,0,0.0,92,1.13,D - Low Value,No
2239,86,8655.81,100.65,203.8,2018-04-01 17:16:45,2018-06-30 12:05:38,0,0.0,90,0.96,B - High Value,No
2240,150,6262.85,41.75,358.9,2018-04-01 09:54:21,2018-07-01 07:30:24,6,4.0,91,1.65,C - Mid Value,Yes
2241,249,12616.06,50.67,440.1,2018-04-01 09:03:47,2018-06-30 21:31:15,18,7.229,91,2.74,B - High Value,Yes
2242,358,25461.67,71.12,167.4,2018-04-01 11:56:33,2018-07-01 19:16:46,1,0.279,92,3.89,A - Premium,Yes
2243,334,6666.3,19.96,42.92,2018-04-01 07:37:30,2018-07-01 13:46:11,3,0.898,92,3.63,C - Mid Value,Yes
2244,35,486.76,13.91,28.73,2018-04-02 16:13:29,2018-06-29 13:58:24,1,2.857,88,0.4,D - Low Value,Yes
2245,61,4796.0,78.62,160.33,2018-04-02 10:12:33,2018-07-01 07:28:44,2,3.279,90,0.68,C - Mid Value,Yes
2246,187,3115.41,16.66,31.39,2018-04-01 16:35:23,2018-06-30 07:47:28,0,0.0,90,2.08,C - Mid Value,No
2247,153,11130.29,72.75,157.19,2018-04-01 11:10:21,2018-07-01 20:21:59,0,0.0,92,1.66,B - High Value,No
2248,172,7348.33,42.72,105.64,2018-04-01 03:27:35,2018-07-01 18:08:15,1,0.581,92,1.87,B - High Value,Yes
2249,354,34475.23,97.39,659.65,2018-04-01 05:37:54,2018-07-01 07:51:52,20,5.65,92,3.85,A - Premium,Yes
2250,52,3999.39,76.91,153.2,2018-04-01 05:29:19,2018-07-01 17:13:55,2,3.846,92,0.57,C - Mid Value,Yes
2251,242,4942.33,20.42,52.24,2018-04-01 11:09:16,2018-07-01 10:37:15,0,0.0,91,2.66,C - Mid Value,No
2252,252,13110.45,52.03,149.74,2018-04-01 07:58:26,2018-07-01 12:55:50,2,0.794,92,2.74,B - High Value,Yes
2253,181,4620.26,25.53,59.5,2018-04-03 05:59:19,2018-06-30 18:10:17,3,1.657,89,2.03,C - Mid Value,Yes
2254,213,5726.83,26.89,61.64,2018-04-01 12:26:04,2018-07-01 23:22:29,0,0.0,92,2.32,C - Mid Value,No
2255,319,23909.31,74.95,166.83,2018-04-01 02:40:36,2018-07-01 20:40:04,3,0.94,92,3.47,A - Premium,Yes
2256,19,1632.47,85.92,196.33,2018-04-01 11:41:28,2018-06-19 11:19:02,0,0.0,79,0.24,D - Low Value,No
2257,65,2085.74,32.09,56.95,2018-04-01 14:20:23,2018-07-01 12:39:18,1,1.538,91,0.71,D - Low Value,Yes
2258,177,2696.92,15.24,37.58,2018-04-01 09:15:42,2018-07-01 12:16:22,1,0.565,92,1.92,D - Low Value,Yes
2259,243,6421.66,26.43,62.67,2018-04-01 05:06:38,2018-07-01 23:16:18,6,2.469,92,2.64,C - Mid Value,Yes
2260,180,8050.41,44.72,107.63,2018-04-02 06:03:47,2018-07-01 20:41:35,0,0.0,91,1.98,B - High Value,No
2261,104,10436.38,100.35,197.96,2018-04-01 14:03:52,2018-07-01 13:41:21,1,0.962,91,1.14,B - High Value,Yes
2262,300,24578.02,81.93,205.11,2018-04-01 06:53:24,2018-07-01 16:35:00,4,1.333,92,3.26,A - Premium,Yes
2263,223,13882.07,62.25,151.64,2018-04-01 05:31:09,2018-07-01 17:01:25,5,2.242,92,2.42,B - High Value,Yes
2264,175,3449.34,19.71,47.63,2018-04-02 06:26:24,2018-07-01 11:42:50,0,0.0,91,1.92,C - Mid Value,No
2265,189,4226.78,22.36,49.93,2018-04-01 11:14:29,2018-07-01 17:03:46,0,0.0,92,2.05,C - Mid Value,No
2266,325,13383.1,41.18,94.59,2018-04-01 09:12:02,2018-07-01 18:36:35,0,0.0,92,3.53,B - High Value,No
2267,323,26397.34,81.73,177.79,2018-04-01 06:30:33,2018-07-01 13:51:09,6,1.858,92,3.51,A - Premium,Yes
2268,73,4113.83,56.35,126.97,2018-04-02 12:03:46,2018-06-28 10:03:12,0,0.0,87,0.84,C - Mid Value,No
2269,36,1356.14,37.67,75.75,2018-04-02 10:56:39,2018-07-01 15:33:55,0,0.0,91,0.4,D - Low Value,No
2270,238,16556.82,69.57,158.52,2018-04-01 07:44:57,2018-07-01 11:28:10,1,0.42,92,2.59,A - Premium,Yes
2271,94,4161.87,44.28,96.66,2018-04-01 10:38:29,2018-06-30 09:18:39,0,0.0,90,1.04,C - Mid Value,No
2272,153,2238.47,14.63,28.97,2018-04-01 09:01:12,2018-07-01 22:08:15,0,0.0,92,1.66,D - Low Value,No
2273,191,5675.74,29.72,70.86,2018-04-02 01:16:26,2018-07-01 17:54:24,1,0.524,91,2.1,C - Mid Value,Yes
2274,143,2362.0,16.52,32.2,2018-04-01 11:26:57,2018-06-30 05:16:54,0,0.0,90,1.59,D - Low Value,No
2275,279,2822.06,10.11,23.88,2018-04-01 04:27:13,2018-07-01 17:10:28,6,2.151,92,3.03,C - Mid Value,Yes
2276,274,1614.87,5.89,14.97,2018-04-01 09:14:21,2018-07-01 11:58:52,0,0.0,92,2.98,D - Low Value,No
2277,26,442.73,17.03,33.18,2018-04-03 15:32:35,2018-06-27 20:58:13,0,0.0,86,0.3,D - Low Value,No
2278,46,983.84,21.39,43.16,2018-04-04 08:45:43,2018-06-28 12:54:44,0,0.0,86,0.53,D - Low Value,No
2279,23,1220.69,53.07,94.38,2018-04-01 11:49:03,2018-06-30 05:22:00,0,0.0,90,0.26,D - Low Value,No
2280,239,6091.8,25.49,62.4,2018-04-01 16:33:15,2018-07-01 20:39:49,0,0.0,92,2.6,C - Mid Value,No
2281,320,23101.71,72.19,165.51,2018-04-01 08:09:47,2018-07-01 12:41:24,2,0.625,92,3.48,A - Premium,Yes
2282,175,11753.71,67.16,157.4,2018-04-01 05:04:57,2018-07-01 18:15:25,1,0.571,92,1.9,B - High Value,Yes
2283,331,10859.27,32.81,83.3,2018-04-01 08:06:51,2018-07-01 11:33:53,6,1.813,92,3.6,B - High Value,Yes
2284,5,477.51,95.5,125.32,2018-04-04 15:50:51,2018-05-29 10:48:00,0,0.0,55,0.09,D - Low Value,No
2285,323,30099.34,93.19,236.04,2018-04-01 06:08:15,2018-07-01 17:29:25,6,1.858,92,3.51,A - Premium,Yes
2286,111,2621.14,23.61,62.28,2018-04-01 08:22:13,2018-07-01 08:17:01,0,0.0,91,1.22,D - Low Value,No
2287,82,5630.5,68.66,160.46,2018-04-02 13:09:40,2018-06-30 02:57:50,0,0.0,89,0.92,C - Mid Value,No
2288,43,277.88,6.46,11.58,2018-04-01 16:00:48,2018-07-01 10:41:12,2,4.651,91,0.47,D - Low Value,Yes
2289,73,5202.73,71.27,160.5,2018-04-01 04:30:06,2018-07-01 16:49:46,0,0.0,92,0.79,C - Mid Value,No
2290,116,2234.62,19.26,41.32,2018-04-01 08:07:25,2018-07-01 10:20:02,0,0.0,92,1.26,D - Low Value,No
2291,336,8519.87,25.36,75.54,2018-04-01 15:19:54,2018-07-01 23:22:26,0,0.0,92,3.65,B - High Value,No
2292,275,26124.93,95.0,285.44,2018-04-01 08:03:26,2018-07-01 13:06:48,1,0.364,92,2.99,A - Premium,Yes
2293,174,3888.19,22.35,48.94,2018-04-01 10:01:29,2018-06-30 19:55:55,0,0.0,91,1.91,C - Mid Value,No
2294,263,27842.32,105.86,258.8,2018-04-01 07:44:29,2018-06-30 15:27:38,6,2.281,91,2.89,A - Premium,Yes
2295,204,18173.4,89.09,203.47,2018-04-01 14:53:12,2018-07-01 18:39:16,3,1.471,92,2.22,A - Premium,Yes
2296,136,10891.86,80.09,176.51,2018-04-02 06:36:02,2018-07-01 23:48:40,0,0.0,91,1.49,B - High Value,No
2297,111,2636.9,23.76,60.76,2018-04-01 10:31:31,2018-07-01 16:58:05,0,0.0,92,1.21,D - Low Value,No
2298,119,4650.18,39.08,77.7,2018-04-01 17:03:08,2018-07-01 11:52:27,1,0.84,91,1.31,C - Mid Value,Yes
2299,109,796.94,7.31,15.28,2018-04-01 06:54:37,2018-07-01 21:42:07,1,0.917,92,1.18,D - Low Value,Yes
2300,191,9945.26,52.07,132.43,2018-04-02 08:53:50,2018-07-01 11:20:27,0,0.0,91,2.1,B - High Value,No
2301,56,1662.81,29.69,58.43,2018-04-02 17:37:01,2018-07-01 14:43:50,0,0.0,90,0.62,D - Low Value,No
2302,61,6106.67,100.11,200.53,2018-04-03 12:14:22,2018-06-29 16:34:10,0,0.0,88,0.69,C - Mid Value,No
2303,196,12573.51,64.15,162.46,2018-04-01 10:18:44,2018-07-01 14:06:25,0,0.0,92,2.13,B - High Value,No
2304,92,8674.77,94.29,259.18,2018-04-02 14:12:23,2018-07-01 11:14:12,2,2.174,90,1.02,B - High Value,Yes
2305,298,22376.7,75.09,169.04,2018-04-01 12:04:30,2018-07-01 11:52:42,2,0.671,91,3.27,A - Premium,Yes
2306,277,15638.44,56.46,140.21,2018-04-01 05:54:25,2018-07-01 18:05:19,1,0.361,92,3.01,A - Premium,Yes
2307,2,100.62,50.31,52.22,2018-04-19 07:04:35,2018-05-26 13:30:34,0,0.0,38,0.05,D - Low Value,No
2308,245,1870.34,7.63,16.83,2018-04-02 02:47:47,2018-07-01 15:55:43,4,1.633,91,2.69,D - Low Value,Yes
2309,172,16371.47,95.18,215.16,2018-04-02 09:30:16,2018-07-01 11:29:31,0,0.0,91,1.89,A - Premium,No
2310,54,3293.69,60.99,128.84,2018-04-05 10:56:06,2018-07-01 17:44:15,0,0.0,88,0.61,C - Mid Value,No
2311,249,2800.55,11.25,32.0,2018-04-01 12:28:48,2018-07-01 14:43:48,1,0.402,92,2.71,C - Mid Value,Yes
2312,355,6224.05,17.53,38.94,2018-04-01 13:11:03,2018-07-01 17:04:18,0,0.0,92,3.86,C - Mid Value,No
2313,200,5025.06,25.13,55.39,2018-04-01 08:31:56,2018-06-30 21:32:34,3,1.5,91,2.2,C - Mid Value,Yes
2314,130,10885.03,83.73,693.0,2018-04-01 12:51:47,2018-07-01 13:38:33,4,3.077,92,1.41,B - High Value,Yes
2315,137,13390.89,97.74,221.11,2018-04-01 02:48:29,2018-07-01 16:03:51,1,0.73,92,1.49,B - High Value,Yes
2316,172,12862.48,74.78,168.21,2018-04-01 12:17:05,2018-07-01 18:41:08,5,2.907,92,1.87,B - High Value,Yes
2317,345,26562.19,76.99,202.08,2018-04-01 12:33:31,2018-07-01 17:48:30,2,0.58,92,3.75,A - Premium,Yes
2318,335,24898.49,74.32,190.15,2018-04-01 08:59:57,2018-07-01 14:56:24,6,1.791,92,3.64,A - Premium,Yes
2319,59,2686.2,45.53,83.96,2018-04-07 08:48:13,2018-07-01 06:49:36,0,0.0,85,0.69,D - Low Value,No
2320,25,2393.59,95.74,167.96,2018-04-03 12:34:54,2018-06-25 15:03:01,0,0.0,84,0.3,D - Low Value,No
2321,325,27873.75,85.77,207.83,2018-04-01 04:24:19,2018-07-01 12:56:03,2,0.615,92,3.53,A - Premium,Yes
2322,259,26710.61,103.13,263.22,2018-04-01 10:24:38,2018-07-01 18:39:09,4,1.544,92,2.82,A - Premium,Yes
2323,333,30379.46,91.23,219.56,2018-04-01 00:26:37,2018-07-01 19:12:38,6,1.802,92,3.62,A - Premium,Yes
2324,130,1195.2,9.19,23.24,2018-04-01 15:50:34,2018-06-30 17:21:56,0,0.0,91,1.43,D - Low Value,No
2325,260,5739.42,22.07,49.93,2018-04-01 07:19:12,2018-07-01 22:15:59,3,1.154,92,2.83,C - Mid Value,Yes
2326,308,28307.03,91.91,206.4,2018-04-01 02:22:12,2018-07-01 13:59:34,0,0.0,92,3.35,A - Premium,No
2327,71,4365.87,61.49,133.73,2018-04-01 09:37:42,2018-07-01 13:32:32,0,0.0,92,0.77,C - Mid Value,No
2328,318,27240.93,85.66,238.46,2018-04-01 12:43:38,2018-07-01 16:36:24,3,0.943,92,3.46,A - Premium,Yes
2329,290,13242.97,45.67,103.09,2018-04-01 06:58:27,2018-07-01 11:23:03,0,0.0,92,3.15,B - High Value,No
2330,90,7344.52,81.61,172.88,2018-04-01 06:13:02,2018-06-30 15:16:11,0,0.0,91,0.99,B - High Value,No
2331,249,11749.43,47.19,102.09,2018-04-01 09:50:05,2018-07-01 22:20:33,0,0.0,92,2.71,B - High Value,No
2332,11,167.47,15.22,28.42,2018-04-09 10:28:44,2018-06-15 02:31:20,0,0.0,67,0.16,D - Low Value,No
2333,295,12974.09,43.98,342.25,2018-04-01 03:35:52,2018-07-01 13:02:21,13,4.407,92,3.21,B - High Value,Yes
2334,186,10517.63,56.55,109.81,2018-04-01 06:26:15,2018-07-01 10:58:27,0,0.0,92,2.02,B - High Value,No
2335,148,7150.87,48.32,107.13,2018-04-01 08:23:04,2018-07-01 19:38:11,0,0.0,92,1.61,B - High Value,No
2336,170,13278.87,78.11,173.26,2018-04-01 02:32:52,2018-07-01 15:59:15,0,0.0,92,1.85,B - High Value,No
2337,353,3832.79,10.86,24.01,2018-04-01 02:33:55,2018-07-01 14:27:44,1,0.283,92,3.84,C - Mid Value,Yes
2338,223,22295.85,99.98,207.59,2018-04-01 06:47:09,2018-07-01 08:44:07,0,0.0,92,2.42,A - Premium,No
2339,57,575.68,10.1,23.73,2018-04-03 06:21:14,2018-07-01 12:33:14,0,0.0,90,0.63,D - Low Value,No
2340,271,23999.3,88.56,203.29,2018-04-01 06:04:53,2018-06-30 19:22:54,1,0.369,91,2.98,A - Premium,Yes
2341,339,23947.78,70.64,152.47,2018-04-01 08:43:50,2018-07-01 18:13:05,4,1.18,92,3.68,A - Premium,Yes
2342,212,9872.03,46.57,105.67,2018-04-01 01:22:16,2018-07-01 13:57:00,0,0.0,92,2.3,B - High Value,No
2343,194,10011.55,51.61,102.48,2018-04-01 16:37:03,2018-07-01 19:59:47,0,0.0,92,2.11,B - High Value,No
2344,8,411.34,51.42,68.14,2018-04-02 10:42:18,2018-06-30 12:07:07,0,0.0,90,0.09,D - Low Value,No
2345,63,5280.34,83.81,181.9,2018-04-01 05:39:23,2018-06-29 14:49:56,0,0.0,90,0.7,C - Mid Value,No
2346,49,2176.94,44.43,91.76,2018-04-05 10:06:12,2018-06-29 13:11:25,0,0.0,86,0.57,D - Low Value,No
2347,163,2435.42,14.94,31.17,2018-04-01 06:56:43,2018-07-01 18:37:16,1,0.613,92,1.77,D - Low Value,Yes
2348,186,3327.54,17.89,39.12,2018-04-01 06:57:53,2018-07-01 15:16:01,2,1.075,92,2.02,C - Mid Value,Yes
2349,108,1569.67,14.53,38.63,2018-04-01 07:38:35,2018-07-01 12:56:03,0,0.0,92,1.17,D - Low Value,No
2350,180,15490.71,86.06,219.98,2018-04-01 05:39:13,2018-07-01 22:55:27,0,0.0,92,1.96,A - Premium,No
2351,291,27974.36,96.13,192.72,2018-04-01 12:45:25,2018-07-01 22:11:15,1,0.344,92,3.16,A - Premium,Yes
2352,208,5379.96,25.87,58.21,2018-04-01 01:59:53,2018-06-30 14:04:00,0,0.0,91,2.29,C - Mid Value,No
2353,144,1805.67,12.54,25.36,2018-04-01 03:00:53,2018-07-01 18:58:06,2,1.389,92,1.57,D - Low Value,Yes
2354,250,7142.95,28.57,65.54,2018-04-01 15:00:52,2018-07-01 16:51:03,3,1.2,92,2.72,C - Mid Value,Yes
2355,351,6506.49,18.54,38.64,2018-04-01 05:56:47,2018-07-01 16:29:03,0,0.0,92,3.82,C - Mid Value,No
2356,144,8509.93,59.1,126.51,2018-04-01 07:17:31,2018-07-01 09:17:29,1,0.694,92,1.57,B - High Value,Yes
2357,42,302.8,7.21,16.63,2018-04-02 06:13:41,2018-07-01 17:21:50,0,0.0,91,0.46,D - Low Value,No
2358,54,2720.52,50.38,103.44,2018-04-01 18:00:19,2018-06-28 11:50:58,2,3.704,88,0.61,D - Low Value,Yes
2359,198,16662.36,84.15,188.26,2018-04-01 11:54:03,2018-07-01 15:59:40,0,0.0,92,2.15,A - Premium,No
2360,206,11201.03,54.37,117.97,2018-04-01 13:57:29,2018-07-01 12:49:26,0,0.0,91,2.26,B - High Value,No
2361,141,1267.31,8.99,21.74,2018-04-01 07:14:48,2018-07-01 10:00:09,0,0.0,92,1.53,D - Low Value,No
2362,14,479.92,34.28,65.74,2018-04-01 12:57:53,2018-06-30 09:16:33,0,0.0,90,0.16,D - Low Value,No
2363,48,2499.11,52.06,97.84,2018-04-01 14:46:36,2018-07-01 15:33:10,0,0.0,92,0.52,D - Low Value,No
2364,129,9123.85,70.73,158.78,2018-04-01 15:32:52,2018-07-01 10:40:25,0,0.0,91,1.42,B - High Value,No
2365,98,8939.1,91.22,196.42,2018-04-01 03:38:31,2018-07-01 16:40:27,0,0.0,92,1.07,B - High Value,No
2366,182,10023.93,55.08,134.52,2018-04-01 20:11:16,2018-07-01 16:49:09,1,0.549,91,2.0,B - High Value,Yes
2367,352,4058.47,11.53,30.26,2018-04-01 11:32:03,2018-07-01 17:32:31,2,0.568,92,3.83,C - Mid Value,Yes
2368,9,468.62,52.07,90.81,2018-04-07 12:09:27,2018-06-25 01:31:25,0,0.0,79,0.11,D - Low Value,No
2369,100,9417.87,94.18,182.7,2018-04-02 19:59:14,2018-07-01 12:00:52,0,0.0,90,1.11,B - High Value,No
2370,134,8639.25,64.47,156.65,2018-04-01 14:28:01,2018-07-01 11:52:24,0,0.0,91,1.47,B - High Value,No
2371,162,11128.0,68.69,142.09,2018-04-01 06:01:10,2018-07-01 20:50:10,0,0.0,92,1.76,B - High Value,No
2372,172,8334.74,48.46,111.77,2018-04-02 14:10:30,2018-07-01 18:51:28,1,0.581,91,1.89,B - High Value,Yes
2373,225,12438.22,55.28,119.64,2018-04-01 00:50:33,2018-06-30 08:19:38,3,1.333,91,2.47,B - High Value,Yes
2374,5,170.12,34.02,53.73,2018-04-02 13:18:57,2018-06-02 11:35:51,0,0.0,61,0.08,D - Low Value,No
2375,161,2317.81,14.4,31.64,2018-04-01 08:15:14,2018-07-01 07:18:32,0,0.0,91,1.77,D - Low Value,No
2376,178,5106.93,28.69,65.01,2018-04-02 10:09:05,2018-07-01 10:11:24,0,0.0,91,1.96,C - Mid Value,No
2377,76,3992.32,52.53,102.27,2018-04-01 07:35:22,2018-06-29 17:12:58,0,0.0,90,0.84,C - Mid Value,No
2378,146,958.13,6.56,14.92,2018-04-02 03:19:34,2018-07-01 11:26:33,1,0.685,91,1.6,D - Low Value,Yes
2379,126,12121.07,96.2,193.96,2018-04-01 16:07:20,2018-06-30 12:11:07,0,0.0,90,1.4,B - High Value,No
2380,133,9112.0,68.51,157.87,2018-04-01 09:54:45,2018-07-01 07:54:06,0,0.0,91,1.46,B - High Value,No
2381,41,1192.91,29.1,55.91,2018-04-01 13:25:31,2018-06-30 17:49:05,0,0.0,91,0.45,D - Low Value,No
2382,272,13712.05,50.41,119.18,2018-04-01 03:30:28,2018-07-01 11:25:28,0,0.0,92,2.96,B - High Value,No
2383,323,14639.91,45.32,104.92,2018-04-01 03:09:32,2018-07-01 22:54:40,2,0.619,92,3.51,A - Premium,Yes
2384,260,24542.47,94.39,222.86,2018-04-01 06:23:53,2018-07-01 15:10:32,3,1.154,92,2.83,A - Premium,Yes
2385,332,8955.05,26.97,57.54,2018-04-01 09:21:28,2018-07-01 10:18:39,1,0.301,92,3.61,B - High Value,Yes
2386,74,561.95,7.59,15.16,2018-04-03 15:14:56,2018-07-01 08:48:03,0,0.0,89,0.83,D - Low Value,No
2387,133,12210.43,91.81,194.99,2018-04-01 01:31:16,2018-07-01 10:00:12,0,0.0,92,1.45,B - High Value,No
2388,127,5144.81,40.51,88.67,2018-04-01 13:12:02,2018-06-30 15:30:48,0,0.0,91,1.4,C - Mid Value,No
2389,286,6400.86,22.38,51.38,2018-04-01 00:27:02,2018-07-01 09:08:38,0,0.0,92,3.11,C - Mid Value,No
2390,79,5195.36,65.76,140.0,2018-04-01 04:10:24,2018-07-01 18:34:38,0,0.0,92,0.86,C - Mid Value,No
2391,297,17608.16,59.29,139.31,2018-04-01 01:49:29,2018-07-01 11:31:25,4,1.347,92,3.23,A - Premium,Yes
2392,146,4816.18,32.99,85.75,2018-04-01 06:29:16,2018-07-01 13:55:07,0,0.0,92,1.59,C - Mid Value,No
2393,344,2618.56,7.61,18.32,2018-04-01 05:05:01,2018-07-01 12:21:19,0,0.0,92,3.74,D - Low Value,No
2394,166,10610.5,63.92,140.93,2018-04-02 06:07:36,2018-07-01 23:44:40,0,0.0,91,1.82,B - High Value,No
2395,161,14707.31,91.35,210.66,2018-04-01 08:56:07,2018-07-01 21:53:25,6,3.727,92,1.75,A - Premium,Yes
2396,329,10174.09,30.92,76.38,2018-04-01 12:39:52,2018-06-30 18:50:44,2,0.608,91,3.62,B - High Value,Yes
2397,258,2586.24,10.02,21.85,2018-04-01 10:04:50,2018-07-01 19:32:51,1,0.388,92,2.8,D - Low Value,Yes
2398,49,4379.29,89.37,199.81,2018-04-01 16:34:00,2018-06-30 14:24:07,0,0.0,90,0.54,C - Mid Value,No
2399,43,3892.08,90.51,181.31,2018-04-02 07:30:29,2018-06-29 12:22:53,2,4.651,89,0.48,C - Mid Value,Yes
2400,158,5308.69,33.6,76.58,2018-04-01 11:35:26,2018-06-30 06:41:30,0,0.0,90,1.76,C - Mid Value,No
2401,205,13039.67,63.61,146.14,2018-04-01 10:19:27,2018-07-01 12:56:30,1,0.488,92,2.23,B - High Value,Yes
2402,33,1125.1,34.09,71.12,2018-04-02 12:45:56,2018-06-30 21:33:39,0,0.0,90,0.37,D - Low Value,No
2403,311,11796.18,37.93,89.26,2018-04-01 07:07:14,2018-07-01 17:43:25,0,0.0,92,3.38,B - High Value,No
2404,381,7140.7,18.74,43.01,2018-04-01 04:00:52,2018-07-01 12:24:59,6,1.575,92,4.14,C - Mid Value,Yes
2405,194,15035.67,77.5,168.4,2018-04-01 09:36:12,2018-07-01 09:12:33,2,1.031,91,2.13,A - Premium,Yes
2406,206,5873.19,28.51,63.44,2018-04-01 03:57:12,2018-07-01 07:41:49,0,0.0,92,2.24,C - Mid Value,No
2407,66,7359.2,111.5,761.8,2018-04-01 06:17:21,2018-06-30 10:49:54,3,4.545,91,0.73,B - High Value,Yes
2408,54,5792.06,107.26,211.63,2018-04-04 12:41:18,2018-07-01 11:52:12,0,0.0,88,0.61,C - Mid Value,No
2409,267,10218.36,38.27,94.61,2018-04-01 14:10:53,2018-07-01 21:59:25,0,0.0,92,2.9,B - High Value,No
2410,96,5672.68,59.09,130.39,2018-04-02 07:53:30,2018-07-01 20:59:44,0,0.0,91,1.05,C - Mid Value,No
2411,189,8605.08,45.53,108.26,2018-04-01 09:28:29,2018-07-01 20:09:41,0,0.0,92,2.05,B - High Value,No
2412,80,7855.86,98.2,231.09,2018-04-01 13:32:39,2018-07-01 13:11:09,1,1.25,91,0.88,B - High Value,Yes
2413,185,9790.97,52.92,118.54,2018-04-01 10:23:08,2018-07-01 16:01:32,2,1.081,92,2.01,B - High Value,Yes
2414,184,3881.67,21.1,46.23,2018-04-01 19:18:44,2018-07-01 00:27:26,0,0.0,91,2.02,C - Mid Value,No
2415,204,3781.51,18.54,42.87,2018-04-01 06:27:14,2018-07-01 16:40:21,0,0.0,92,2.22,C - Mid Value,No
2416,280,20942.28,74.79,191.96,2018-04-01 12:45:13,2018-07-01 19:20:20,0,0.0,92,3.04,A - Premium,No
2417,128,2153.88,16.83,123.1,2018-04-01 18:24:04,2018-07-01 05:03:13,9,7.031,91,1.41,D - Low Value,Yes
2418,177,1825.41,10.31,23.72,2018-04-01 02:46:43,2018-07-01 08:25:10,0,0.0,92,1.92,D - Low Value,No
2419,3,326.94,108.98,120.92,2018-05-21 03:50:03,2018-06-09 19:37:48,0,0.0,20,0.15,D - Low Value,No
2420,263,14462.08,54.99,124.21,2018-04-01 14:43:17,2018-07-01 06:24:12,0,0.0,91,2.89,A - Premium,No
2421,314,29719.42,94.65,215.65,2018-04-01 13:24:11,2018-07-01 14:52:43,0,0.0,92,3.41,A - Premium,No
2422,250,12539.38,50.16,118.18,2018-04-01 13:02:29,2018-07-01 23:08:54,2,0.8,92,2.72,B - High Value,Yes
2423,156,1351.63,8.66,18.76,2018-04-01 08:49:03,2018-06-30 16:34:02,1,0.641,91,1.71,D - Low Value,Yes
2424,366,6879.9,18.8,41.23,2018-04-01 16:35:04,2018-07-01 15:53:58,7,1.913,91,4.02,C - Mid Value,Yes
2425,277,25815.13,93.2,235.73,2018-04-01 04:06:37,2018-07-01 15:00:43,3,1.083,92,3.01,A - Premium,Yes
2426,18,1545.45,85.86,151.13,2018-04-06 17:12:34,2018-06-23 07:53:17,0,0.0,78,0.23,D - Low Value,No
2427,86,8270.5,96.17,193.23,2018-04-02 08:10:08,2018-07-01 16:35:12,0,0.0,91,0.95,B - High Value,No
2428,114,11323.79,99.33,217.54,2018-04-01 17:38:59,2018-07-01 07:26:50,3,2.632,91,1.25,B - High Value,Yes
2429,240,7642.35,31.84,61.61,2018-04-01 12:23:43,2018-07-01 20:15:56,3,1.25,92,2.61,B - High Value,Yes
2430,198,13029.61,65.81,144.31,2018-04-01 13:39:34,2018-07-01 10:52:46,1,0.505,91,2.18,B - High Value,Yes
2431,180,7289.75,40.5,88.04,2018-04-01 01:42:17,2018-07-01 10:16:19,1,0.556,92,1.96,B - High Value,Yes
2432,56,2934.15,52.4,102.8,2018-04-02 07:49:27,2018-07-01 15:54:00,0,0.0,91,0.62,C - Mid Value,No
2433,97,5526.4,56.97,131.6,2018-04-01 09:43:07,2018-06-28 12:11:17,0,0.0,89,1.09,C - Mid Value,No
2434,128,11886.37,92.86,181.8,2018-04-01 10:17:51,2018-07-01 14:01:34,2,1.562,92,1.39,B - High Value,Yes
2435,53,3140.42,59.25,119.2,2018-04-03 12:44:07,2018-06-28 06:55:18,0,0.0,86,0.62,C - Mid Value,No
2436,29,2159.66,74.47,137.87,2018-04-13 04:41:37,2018-06-28 16:03:04,0,0.0,77,0.38,D - Low Value,No
2437,249,22537.6,90.51,208.03,2018-04-01 05:34:40,2018-07-01 20:34:46,0,0.0,92,2.71,A - Premium,No
2438,333,29715.09,89.23,203.26,2018-04-01 05:53:13,2018-07-01 12:19:19,0,0.0,92,3.62,A - Premium,No
2439,274,5579.87,20.36,129.85,2018-04-01 16:32:23,2018-07-01 10:48:55,15,5.474,91,3.01,C - Mid Value,Yes
2440,325,10759.73,33.11,69.65,2018-04-01 09:27:20,2018-07-01 17:03:37,3,0.923,92,3.53,B - High Value,Yes
2441,195,19264.13,98.79,219.73,2018-04-01 16:03:09,2018-07-01 14:47:14,0,0.0,91,2.14,A - Premium,No
2442,233,9869.76,42.36,90.47,2018-04-01 13:40:41,2018-06-30 17:29:32,0,0.0,91,2.56,B - High Value,No
2443,178,16312.75,91.64,221.1,2018-04-01 11:26:59,2018-07-01 12:59:05,2,1.124,92,1.93,A - Premium,Yes
2444,181,3456.46,19.1,41.83,2018-04-01 13:15:04,2018-07-01 17:50:38,0,0.0,92,1.97,C - Mid Value,No
2445,298,20812.27,69.84,148.45,2018-04-01 03:33:26,2018-07-01 18:11:27,0,0.0,92,3.24,A - Premium,No
2446,356,7671.09,21.55,48.38,2018-04-01 17:41:03,2018-07-01 19:50:55,1,0.281,92,3.87,B - High Value,Yes
2447,26,927.61,35.68,88.85,2018-04-09 12:48:12,2018-06-24 07:12:26,0,0.0,76,0.34,D - Low Value,No
2448,354,16666.77,47.08,129.79,2018-04-01 10:41:18,2018-07-01 20:36:49,1,0.282,92,3.85,A - Premium,Yes
2449,67,4847.04,72.34,167.3,2018-04-01 15:24:49,2018-06-28 08:24:50,2,2.985,88,0.76,C - Mid Value,Yes
2450,71,5804.81,81.76,169.84,2018-04-02 11:03:47,2018-06-30 12:56:42,0,0.0,90,0.79,C - Mid Value,No
2451,333,14410.79,43.28,112.83,2018-04-01 10:11:24,2018-07-01 03:54:47,1,0.3,91,3.66,A - Premium,Yes
2452,214,2364.82,11.05,26.91,2018-04-01 05:33:11,2018-07-01 16:51:06,1,0.467,92,2.33,D - Low Value,Yes
2453,7,547.5,78.21,94.15,2018-04-04 13:14:55,2018-06-25 10:02:40,0,0.0,82,0.09,D - Low Value,No
2454,251,1886.09,7.51,16.18,2018-04-01 08:46:39,2018-07-01 11:46:58,0,0.0,92,2.73,D - Low Value,No
2455,215,12838.37,59.71,142.24,2018-04-02 06:09:48,2018-07-01 06:49:03,3,1.395,91,2.36,B - High Value,Yes
2456,204,12679.56,62.15,147.23,2018-04-01 14:05:13,2018-06-30 13:20:31,2,0.98,90,2.27,B - High Value,Yes
2457,314,31729.25,101.05,230.24,2018-04-01 12:16:54,2018-07-01 22:01:15,3,0.955,92,3.41,A - Premium,Yes
2458,5,142.4,28.48,39.35,2018-04-16 10:43:09,2018-06-22 12:21:59,0,0.0,68,0.07,D - Low Value,No
2459,282,14940.24,52.98,128.46,2018-04-01 15:27:47,2018-07-01 20:37:26,0,0.0,92,3.07,A - Premium,No
2460,20,2011.7,100.58,246.75,2018-04-02 14:00:00,2018-06-30 03:44:14,1,5.0,89,0.22,D - Low Value,Yes
2461,74,4356.79,58.88,123.07,2018-04-01 09:39:30,2018-06-30 07:20:48,1,1.351,90,0.82,C - Mid Value,Yes
2462,319,26984.77,84.59,205.5,2018-04-01 09:00:27,2018-07-01 14:20:17,1,0.313,92,3.47,A - Premium,Yes
2463,92,4518.87,49.12,102.11,2018-04-01 04:46:29,2018-07-01 14:47:19,1,1.087,92,1.0,C - Mid Value,Yes
2464,278,19889.02,71.54,168.16,2018-04-01 12:57:28,2018-06-30 23:09:55,0,0.0,91,3.05,A - Premium,No
2465,312,5880.88,18.85,46.77,2018-04-01 05:27:00,2018-07-01 17:39:21,1,0.321,92,3.39,C - Mid Value,Yes
2466,59,4947.36,83.85,393.7,2018-04-01 07:50:21,2018-07-01 19:12:55,3,5.085,92,0.64,C - Mid Value,Yes
2467,86,7465.96,86.81,176.68,2018-04-02 07:23:46,2018-07-01 09:30:56,2,2.326,91,0.95,B - High Value,Yes
2468,15,1259.52,83.97,182.9,2018-04-07 16:51:03,2018-07-01 17:37:17,0,0.0,86,0.17,D - Low Value,No
2469,196,16705.61,85.23,212.3,2018-04-01 06:14:31,2018-07-01 16:00:31,3,1.531,92,2.13,A - Premium,Yes
2470,375,26866.15,71.64,166.53,2018-04-01 14:22:32,2018-07-01 12:39:21,2,0.533,91,4.12,A - Premium,Yes
2471,170,9876.97,58.1,120.32,2018-04-02 19:11:10,2018-07-01 19:06:04,0,0.0,90,1.89,B - High Value,No
2472,123,5624.64,45.73,107.19,2018-04-02 05:08:12,2018-07-01 19:24:54,1,0.813,91,1.35,C - Mid Value,Yes
2473,180,20483.22,113.8,824.5,2018-04-01 08:02:45,2018-07-01 12:33:28,11,6.111,92,1.96,A - Premium,Yes
2474,43,4135.66,96.18,157.43,2018-04-02 08:19:02,2018-07-01 07:59:32,1,2.326,90,0.48,C - Mid Value,Yes
2475,350,20671.21,59.06,150.22,2018-04-01 16:26:33,2018-07-01 23:19:50,2,0.571,92,3.8,A - Premium,Yes
2476,224,6918.97,30.89,69.39,2018-04-01 11:31:37,2018-06-30 23:47:04,0,0.0,91,2.46,C - Mid Value,No
2477,69,2401.25,34.8,82.68,2018-04-01 02:53:06,2018-07-01 19:03:24,0,0.0,92,0.75,D - Low Value,No
2478,45,894.13,19.87,57.2,2018-04-03 12:58:38,2018-06-30 09:18:02,1,2.222,88,0.51,D - Low Value,Yes
2479,98,9222.43,94.11,195.83,2018-04-03 00:06:54,2018-07-01 12:42:31,1,1.02,90,1.09,B - High Value,Yes
2480,166,4353.72,26.23,56.96,2018-04-01 14:20:59,2018-07-01 16:53:57,1,0.602,92,1.8,C - Mid Value,Yes
2481,138,7636.42,55.34,147.72,2018-04-01 07:14:01,2018-06-30 22:36:32,0,0.0,91,1.52,B - High Value,No
2482,176,5127.78,29.14,68.22,2018-04-01 04:52:05,2018-07-01 15:47:23,2,1.136,92,1.91,C - Mid Value,Yes
2483,50,2156.86,43.14,85.16,2018-04-01 14:18:16,2018-07-01 09:28:07,0,0.0,91,0.55,D - Low Value,No
2484,62,1190.16,19.2,37.11,2018-04-01 18:01:45,2018-07-01 12:05:25,1,1.613,91,0.68,D - Low Value,Yes
2485,45,4199.48,93.32,169.85,2018-04-02 13:11:40,2018-06-30 15:21:41,0,0.0,90,0.5,C - Mid Value,No
2486,281,4820.24,17.15,45.12,2018-04-01 17:39:23,2018-07-01 18:21:48,2,0.712,92,3.05,C - Mid Value,Yes
2487,90,1976.92,21.97,44.4,2018-04-01 12:10:34,2018-07-01 17:45:14,1,1.111,92,0.98,D - Low Value,Yes
2488,53,2588.86,48.85,110.85,2018-04-06 09:16:49,2018-06-30 12:00:11,1,1.887,86,0.62,D - Low Value,Yes
2489,17,1814.51,106.74,195.6,2018-04-03 16:42:10,2018-07-01 15:38:25,0,0.0,89,0.19,D - Low Value,No
2490,134,9540.94,71.2,139.23,2018-04-01 14:38:44,2018-06-30 15:18:49,0,0.0,91,1.47,B - High Value,No
2491,121,4603.95,38.05,89.41,2018-04-01 08:06:02,2018-07-01 17:29:22,0,0.0,92,1.32,C - Mid Value,No
2492,308,13805.28,44.82,110.43,2018-04-01 05:22:15,2018-07-01 14:24:20,0,0.0,92,3.35,B - High Value,No
2493,321,18074.88,56.31,147.99,2018-04-01 09:02:45,2018-07-01 16:23:22,4,1.246,92,3.49,A - Premium,Yes
2494,317,24561.48,77.48,179.31,2018-04-01 06:42:44,2018-07-01 16:39:24,1,0.315,92,3.45,A - Premium,Yes
2495,348,19445.91,55.88,142.6,2018-04-01 12:33:32,2018-07-01 13:14:38,4,1.149,92,3.78,A - Premium,Yes
2496,281,27530.56,97.97,214.74,2018-04-01 05:27:15,2018-07-01 14:32:47,4,1.423,92,3.05,A - Premium,Yes
2497,74,5648.43,76.33,152.48,2018-04-02 00:10:55,2018-06-30 17:35:44,2,2.703,90,0.82,C - Mid Value,Yes
2498,200,14829.77,74.15,175.11,2018-04-01 13:51:51,2018-06-30 15:03:53,1,0.5,91,2.2,A - Premium,Yes
2499,264,1949.77,7.39,16.58,2018-04-01 11:43:31,2018-07-01 15:39:13,3,1.136,92,2.87,D - Low Value,Yes
2500,9,423.61,47.07,92.26,2018-04-09 15:09:00,2018-07-01 13:33:38,0,0.0,83,0.11,D - Low Value,No
2501,129,6553.51,50.8,92.18,2018-04-01 08:02:35,2018-07-01 12:53:05,0,0.0,92,1.4,C - Mid Value,No
2502,1,53.76,53.76,53.76,2018-05-06 14:31:31,2018-05-06 14:31:31,0,0.0,1,1.0,D - Low Value,No
2503,111,9911.14,89.29,206.75,2018-04-02 09:44:16,2018-07-01 15:40:30,5,4.505,91,1.22,B - High Value,Yes
2504,102,8496.15,83.3,183.22,2018-04-01 06:35:33,2018-07-01 17:30:50,0,0.0,92,1.11,B - High Value,No
2505,302,6076.04,20.12,44.82,2018-04-01 09:45:27,2018-07-01 18:37:36,0,0.0,92,3.28,C - Mid Value,No
2506,164,14398.95,87.8,211.28,2018-04-01 18:34:26,2018-06-30 21:33:57,1,0.61,91,1.8,A - Premium,Yes
2507,146,13324.82,91.27,235.37,2018-04-01 03:36:02,2018-07-01 13:13:08,4,2.74,92,1.59,B - High Value,Yes
2508,290,10161.57,35.04,99.04,2018-04-01 05:08:53,2018-07-01 18:14:02,3,1.034,92,3.15,B - High Value,Yes
2509,292,24894.34,85.25,199.27,2018-04-01 10:15:54,2018-07-01 22:06:43,0,0.0,92,3.17,A - Premium,No
2510,337,26815.62,79.57,189.17,2018-04-01 18:00:26,2018-07-01 15:36:43,1,0.297,91,3.7,A - Premium,Yes
2511,264,2344.21,8.88,23.32,2018-04-01 10:39:46,2018-07-01 19:07:55,0,0.0,92,2.87,D - Low Value,No
2512,158,5439.47,34.43,83.0,2018-04-01 08:54:28,2018-06-30 12:42:24,0,0.0,91,1.74,C - Mid Value,No
2513,287,27297.72,95.11,238.26,2018-04-01 09:37:21,2018-07-01 19:44:57,4,1.394,92,3.12,A - Premium,Yes
2514,230,9427.23,40.99,90.35,2018-04-01 04:15:24,2018-07-01 21:02:35,1,0.435,92,2.5,B - High Value,Yes
2515,199,17827.23,89.58,225.86,2018-04-01 06:03:55,2018-07-01 10:06:40,1,0.503,92,2.16,A - Premium,Yes
2516,183,8031.29,43.89,113.28,2018-04-01 10:23:17,2018-07-01 09:44:13,3,1.639,91,2.01,B - High Value,Yes
2517,96,968.17,10.09,25.54,2018-04-01 10:19:41,2018-07-01 16:07:34,0,0.0,92,1.04,D - Low Value,No
2518,148,5838.17,39.45,90.53,2018-04-02 12:57:28,2018-07-01 11:23:21,2,1.351,90,1.64,C - Mid Value,Yes
2519,78,1653.82,21.2,45.12,2018-04-01 10:58:31,2018-07-01 12:08:38,0,0.0,92,0.85,D - Low Value,No
2520,99,3863.25,39.02,88.19,2018-04-03 08:03:30,2018-07-01 19:49:22,0,0.0,90,1.1,C - Mid Value,No
2521,70,5264.25,75.2,176.15,2018-04-01 11:50:23,2018-07-01 20:14:35,1,1.429,92,0.76,C - Mid Value,Yes
2522,295,14197.62,48.13,110.72,2018-04-01 03:00:20,2018-07-01 19:31:06,1,0.339,92,3.21,B - High Value,Yes
2523,54,5881.97,108.93,228.13,2018-04-01 14:33:11,2018-07-01 09:20:00,1,1.852,91,0.59,C - Mid Value,Yes
2524,326,5730.16,17.58,38.25,2018-04-01 05:21:04,2018-07-01 10:51:41,1,0.307,92,3.54,C - Mid Value,Yes
2525,52,3095.3,59.53,149.73,2018-04-02 21:29:58,2018-06-30 18:57:51,0,0.0,89,0.58,C - Mid Value,No
2526,13,844.84,64.99,116.48,2018-04-14 12:40:13,2018-06-29 15:17:48,0,0.0,77,0.17,D - Low Value,No
2527,292,9401.18,32.2,80.16,2018-04-01 04:38:12,2018-07-01 16:29:46,1,0.342,92,3.17,B - High Value,Yes
2528,59,739.92,12.54,24.09,2018-04-02 08:35:13,2018-07-01 08:04:25,0,0.0,90,0.66,D - Low Value,No
2529,75,2033.19,27.11,55.78,2018-04-03 13:10:38,2018-07-01 10:06:34,1,1.333,89,0.84,D - Low Value,Yes
2530,275,27541.58,100.15,269.38,2018-04-01 08:46:34,2018-07-01 17:00:55,2,0.727,92,2.99,A - Premium,Yes
2531,304,22932.78,75.44,184.31,2018-04-01 07:38:24,2018-07-01 15:39:24,3,0.987,92,3.3,A - Premium,Yes
2532,100,7047.21,70.47,153.66,2018-04-02 07:08:43,2018-07-01 15:42:03,0,0.0,91,1.1,C - Mid Value,No
2533,82,6657.83,81.19,179.46,2018-04-02 08:25:26,2018-06-30 12:10:00,0,0.0,90,0.91,C - Mid Value,No
2534,140,12364.23,88.32,223.54,2018-04-02 11:24:32,2018-07-01 13:29:41,2,1.429,91,1.54,B - High Value,Yes
2535,250,17772.62,71.09,170.22,2018-04-01 12:09:47,2018-07-01 19:46:10,0,0.0,92,2.72,A - Premium,No
2536,113,1133.42,10.03,24.08,2018-04-03 10:25:12,2018-07-01 12:42:51,0,0.0,90,1.26,D - Low Value,No
2537,95,7353.84,77.41,170.92,2018-04-02 21:04:12,2018-07-01 13:28:29,0,0.0,90,1.06,B - High Value,No
2538,170,16922.09,99.54,210.89,2018-04-01 09:59:15,2018-07-01 18:20:02,0,0.0,92,1.85,A - Premium,No
2539,274,12303.96,44.9,105.58,2018-04-01 11:44:11,2018-07-01 10:50:37,2,0.73,91,3.01,B - High Value,Yes
2540,39,3619.25,92.8,188.67,2018-04-05 18:20:03,2018-06-27 11:17:25,0,0.0,83,0.47,C - Mid Value,No
2541,66,4473.14,67.77,356.95,2018-04-01 10:47:36,2018-07-01 22:48:27,4,6.061,92,0.72,C - Mid Value,Yes
2542,112,7688.99,68.65,149.51,2018-04-01 19:52:02,2018-07-01 16:19:27,0,0.0,91,1.23,B - High Value,No
2543,172,1318.44,7.67,17.51,2018-04-03 09:30:35,2018-07-01 03:17:54,1,0.581,89,1.93,D - Low Value,Yes
2544,275,10338.01,37.59,277.15,2018-04-01 13:24:35,2018-07-01 10:32:32,15,5.455,91,3.02,B - High Value,Yes
2545,6,568.41,94.74,134.34,2018-04-02 12:08:45,2018-06-14 17:08:08,0,0.0,74,0.08,D - Low Value,No
2546,311,19560.07,62.89,149.11,2018-04-01 07:20:05,2018-07-01 18:23:01,1,0.322,92,3.38,A - Premium,Yes
2547,126,5888.61,46.74,112.16,2018-04-01 07:27:06,2018-06-29 17:50:07,0,0.0,90,1.4,C - Mid Value,No
2548,55,3095.55,56.28,129.65,2018-04-03 17:10:24,2018-07-01 17:01:21,0,0.0,89,0.62,C - Mid Value,No
2549,355,14664.06,41.31,97.96,2018-04-01 05:10:44,2018-07-01 15:48:04,2,0.563,92,3.86,A - Premium,Yes
2550,108,4684.49,43.37,86.49,2018-04-01 14:14:21,2018-07-01 10:03:51,0,0.0,91,1.19,C - Mid Value,No
2551,248,7273.16,29.33,60.05,2018-04-01 03:02:52,2018-07-01 06:38:52,0,0.0,92,2.7,B - High Value,No
2552,311,20694.84,66.54,490.7,2018-04-01 14:38:24,2018-07-01 10:55:29,14,4.502,91,3.42,A - Premium,Yes
2553,214,5823.85,27.21,60.99,2018-04-01 05:07:16,2018-07-01 13:10:53,0,0.0,92,2.33,C - Mid Value,No
2554,109,3532.4,32.41,71.3,2018-04-01 14:09:18,2018-07-01 18:43:48,0,0.0,92,1.18,C - Mid Value,No
2555,334,13169.25,39.43,96.15,2018-04-01 02:46:27,2018-07-01 14:11:04,2,0.599,92,3.63,B - High Value,Yes
2556,254,2985.46,11.75,25.99,2018-04-01 13:20:12,2018-07-01 07:08:43,0,0.0,91,2.79,C - Mid Value,No
2557,335,2908.43,8.68,20.32,2018-04-01 02:43:04,2018-07-01 16:11:16,0,0.0,92,3.64,C - Mid Value,No
2558,279,25044.04,89.76,201.86,2018-04-01 02:45:37,2018-07-01 11:38:36,1,0.358,92,3.03,A - Premium,Yes
2559,255,24019.14,94.19,213.47,2018-04-01 13:03:33,2018-07-01 22:57:36,2,0.784,92,2.77,A - Premium,Yes
2560,212,11668.78,55.04,129.11,2018-04-01 13:26:08,2018-06-30 14:57:31,1,0.472,91,2.33,B - High Value,Yes
2561,160,2187.21,13.67,34.27,2018-04-01 16:16:37,2018-06-30 15:16:39,0,0.0,90,1.78,D - Low Value,No
2562,339,23202.39,68.44,162.63,2018-04-01 06:58:02,2018-07-01 12:19:17,1,0.295,92,3.68,A - Premium,Yes
2563,19,870.29,45.8,94.21,2018-04-02 09:07:13,2018-06-30 16:07:38,0,0.0,90,0.21,D - Low Value,No
2564,200,4374.78,21.87,49.59,2018-04-01 07:02:01,2018-06-30 17:48:31,2,1.0,91,2.2,C - Mid Value,Yes
2565,20,1768.4,88.42,140.37,2018-04-12 15:32:46,2018-06-30 09:18:22,0,0.0,79,0.25,D - Low Value,No
2566,102,9363.63,91.8,218.21,2018-04-01 12:55:27,2018-07-01 10:16:59,0,0.0,91,1.12,B - High Value,No
2567,303,22916.57,75.63,190.31,2018-04-01 08:58:12,2018-07-01 16:07:30,0,0.0,92,3.29,A - Premium,No
2568,29,1461.71,50.4,80.21,2018-04-02 10:06:43,2018-06-30 05:00:37,0,0.0,89,0.33,D - Low Value,No
2569,45,1815.24,40.34,86.45,2018-04-01 16:43:44,2018-06-30 09:53:16,0,0.0,90,0.5,D - Low Value,No
2570,124,6440.6,51.94,110.99,2018-04-01 01:37:16,2018-07-01 09:19:53,1,0.806,92,1.35,C - Mid Value,Yes
2571,136,12737.47,93.66,206.51,2018-04-01 09:37:42,2018-07-01 08:56:54,0,0.0,91,1.49,B - High Value,No
2572,66,2772.17,42.0,80.72,2018-04-03 09:03:42,2018-06-29 09:15:53,1,1.515,88,0.75,D - Low Value,Yes
2573,172,6326.37,36.78,85.66,2018-04-01 03:19:27,2018-07-01 19:32:37,1,0.581,92,1.87,C - Mid Value,Yes
2574,136,3620.7,26.62,58.89,2018-04-01 13:51:18,2018-07-01 16:15:33,1,0.735,92,1.48,C - Mid Value,Yes
2575,197,15141.37,76.86,171.94,2018-04-01 05:16:53,2018-07-01 05:29:53,2,1.015,92,2.14,A - Premium,Yes
2576,90,733.65,8.15,15.85,2018-04-01 14:35:02,2018-06-30 13:06:24,1,1.111,90,1.0,D - Low Value,Yes
2577,290,17296.98,59.64,131.4,2018-04-01 07:47:52,2018-07-01 15:19:47,2,0.69,92,3.15,A - Premium,Yes
2578,211,18873.21,89.45,207.03,2018-04-01 09:09:30,2018-07-01 11:39:40,0,0.0,92,2.29,A - Premium,No
2579,125,5369.93,42.96,83.33,2018-04-02 11:29:36,2018-07-01 21:56:51,0,0.0,91,1.37,C - Mid Value,No
2580,398,25081.2,63.02,144.64,2018-04-01 06:10:44,2018-07-01 17:02:34,0,0.0,92,4.33,A - Premium,No
2581,244,22367.96,91.67,229.71,2018-04-01 03:52:38,2018-07-01 13:10:56,3,1.23,92,2.65,A - Premium,Yes
2582,300,5272.55,17.58,39.61,2018-04-01 07:40:10,2018-07-01 17:57:16,5,1.667,92,3.26,C - Mid Value,Yes
2583,267,26256.78,98.34,212.16,2018-04-01 10:11:11,2018-07-01 01:25:03,0,0.0,91,2.93,A - Premium,No
2584,30,2635.78,87.86,423.15,2018-04-03 07:40:57,2018-07-01 07:31:51,2,6.667,89,0.34,D - Low Value,Yes
2585,24,1771.7,73.82,132.91,2018-04-12 01:34:46,2018-07-01 19:02:19,0,0.0,81,0.3,D - Low Value,No
2586,171,2518.73,14.73,109.9,2018-04-02 20:27:12,2018-07-01 18:16:55,8,4.678,90,1.9,D - Low Value,Yes
2587,328,30074.92,91.69,205.62,2018-04-02 00:02:23,2018-07-01 14:14:29,3,0.915,91,3.6,A - Premium,Yes
2588,79,4902.45,62.06,149.13,2018-04-02 01:05:01,2018-07-01 12:26:04,0,0.0,91,0.87,C - Mid Value,No
2589,155,1816.26,11.72,23.65,2018-04-01 12:13:41,2018-07-01 10:34:48,1,0.645,91,1.7,D - Low Value,Yes
2590,171,9885.3,57.81,131.22,2018-04-01 12:13:44,2018-07-01 19:21:14,0,0.0,92,1.86,B - High Value,No
2591,344,10067.95,29.27,71.95,2018-04-01 14:42:24,2018-07-01 16:21:00,0,0.0,92,3.74,B - High Value,No
2592,249,12974.8,52.11,121.06,2018-04-01 07:49:02,2018-07-01 08:21:38,3,1.205,92,2.71,B - High Value,Yes
2593,241,7821.4,32.45,92.48,2018-04-01 04:56:20,2018-06-30 19:47:30,0,0.0,91,2.65,B - High Value,No
2594,166,13028.98,78.49,157.74,2018-04-01 00:44:14,2018-07-01 12:03:40,2,1.205,92,1.8,B - High Value,Yes
2595,39,2874.85,73.71,164.62,2018-04-04 11:05:32,2018-06-28 13:08:03,0,0.0,86,0.45,C - Mid Value,No
2596,233,10618.47,45.57,111.49,2018-04-03 04:59:52,2018-07-01 15:41:48,0,0.0,90,2.59,B - High Value,No
2597,126,4253.65,33.76,84.13,2018-04-01 09:15:18,2018-06-30 10:42:13,0,0.0,91,1.38,C - Mid Value,No
2598,24,1010.1,42.09,77.08,2018-04-04 15:18:16,2018-06-30 13:31:30,0,0.0,87,0.28,D - Low Value,No
2599,374,16410.56,43.88,115.93,2018-04-01 04:56:54,2018-07-01 16:22:41,6,1.604,92,4.07,A - Premium,Yes
2600,17,1015.53,59.74,108.21,2018-04-08 07:11:13,2018-06-27 14:19:18,0,0.0,81,0.21,D - Low Value,No
2601,281,15294.5,54.43,122.85,2018-04-01 06:45:54,2018-06-30 20:35:12,1,0.356,91,3.09,A - Premium,Yes
2602,248,5559.19,22.42,53.05,2018-04-01 06:53:19,2018-07-01 10:41:04,2,0.806,92,2.7,C - Mid Value,Yes
2603,166,1547.17,9.32,20.85,2018-04-01 14:02:11,2018-07-01 19:31:28,1,0.602,92,1.8,D - Low Value,Yes
2604,239,20251.35,84.73,205.06,2018-04-01 10:29:05,2018-07-01 16:24:09,0,0.0,92,2.6,A - Premium,No
2605,273,14096.73,51.64,129.68,2018-04-01 00:29:47,2018-07-01 12:56:20,0,0.0,92,2.97,B - High Value,No
2606,127,2955.04,23.27,48.2,2018-04-02 04:45:21,2018-07-01 08:25:27,0,0.0,91,1.4,C - Mid Value,No
2607,221,14278.54,64.61,146.42,2018-04-01 05:34:42,2018-07-01 22:59:29,3,1.357,92,2.4,A - Premium,Yes
2608,224,11234.74,50.16,288.4,2018-04-01 01:49:51,2018-07-01 15:22:17,8,3.571,92,2.43,B - High Value,Yes
2609,46,526.83,11.45,28.38,2018-04-07 07:27:00,2018-06-29 14:41:19,0,0.0,84,0.55,D - Low Value,No
2610,325,16556.67,50.94,131.91,2018-04-01 06:31:00,2018-07-01 16:05:50,1,0.308,92,3.53,A - Premium,Yes
2611,215,7074.45,32.9,75.55,2018-04-01 04:47:46,2018-07-01 16:25:08,0,0.0,92,2.34,C - Mid Value,No
2612,263,14589.72,55.47,126.47,2018-04-01 10:12:42,2018-07-01 13:13:31,1,0.38,92,2.86,A - Premium,Yes
2613,155,17974.33,115.96,619.6,2018-04-01 09:37:00,2018-07-01 11:23:52,8,5.161,92,1.68,A - Premium,Yes
2614,55,2086.22,37.93,74.23,2018-04-01 17:11:39,2018-07-01 06:32:28,1,1.818,91,0.6,D - Low Value,Yes
2615,143,15722.79,109.95,255.53,2018-04-02 06:30:42,2018-06-30 18:37:37,2,1.399,90,1.59,A - Premium,Yes
2616,13,491.18,37.78,63.7,2018-04-02 10:57:27,2018-06-12 13:10:24,1,7.692,72,0.18,D - Low Value,Yes
2617,179,18235.66,101.88,218.51,2018-04-01 07:36:15,2018-07-01 20:32:38,0,0.0,92,1.95,A - Premium,No
2618,65,4086.86,62.87,172.48,2018-04-04 04:36:59,2018-06-30 16:28:00,0,0.0,88,0.74,C - Mid Value,No
2619,115,1873.45,16.29,36.52,2018-04-02 12:23:55,2018-06-29 20:20:04,1,0.87,89,1.29,D - Low Value,Yes
2620,266,16334.19,61.41,140.63,2018-04-01 03:10:16,2018-07-01 23:55:19,0,0.0,92,2.89,A - Premium,No
2621,29,357.13,12.31,29.01,2018-04-04 09:59:12,2018-06-30 15:03:27,1,3.448,88,0.33,D - Low Value,Yes
2622,296,11587.31,39.15,88.07,2018-04-01 10:17:46,2018-07-01 07:41:05,3,1.014,91,3.25,B - High Value,Yes
2623,76,7087.82,93.26,174.31,2018-04-01 08:22:31,2018-07-01 12:45:47,0,0.0,92,0.83,C - Mid Value,No
2624,216,17777.27,82.3,201.78,2018-04-01 14:34:48,2018-07-01 19:49:36,1,0.463,92,2.35,A - Premium,Yes
2625,19,1173.89,61.78,95.64,2018-04-05 19:14:40,2018-07-01 15:58:46,1,5.263,87,0.22,D - Low Value,Yes
2626,280,9013.52,32.19,77.08,2018-04-01 08:36:20,2018-07-01 05:18:37,2,0.714,91,3.08,B - High Value,Yes
2627,25,394.05,15.76,25.05,2018-04-04 05:28:27,2018-06-27 17:30:38,0,0.0,85,0.29,D - Low Value,No
2628,139,3693.56,26.57,59.89,2018-04-01 09:27:44,2018-07-01 17:52:58,2,1.439,92,1.51,C - Mid Value,Yes
2629,252,2007.96,7.97,17.17,2018-04-01 07:28:27,2018-07-01 18:31:46,1,0.397,92,2.74,D - Low Value,Yes
2630,302,18972.88,62.82,145.66,2018-04-01 14:19:04,2018-07-01 19:48:23,2,0.662,92,3.28,A - Premium,Yes
2631,273,12657.09,46.36,112.95,2018-04-01 08:44:13,2018-07-01 22:34:02,2,0.733,92,2.97,B - High Value,Yes
2632,165,2800.12,16.97,40.54,2018-04-01 14:50:25,2018-06-30 11:23:02,0,0.0,90,1.83,C - Mid Value,No
2633,266,3275.54,12.31,34.25,2018-04-01 14:19:16,2018-07-01 07:21:26,0,0.0,91,2.92,C - Mid Value,No
2634,12,359.44,29.95,60.48,2018-04-02 09:56:24,2018-07-01 12:03:32,0,0.0,91,0.13,D - Low Value,No
2635,257,12215.57,47.53,111.98,2018-04-01 05:26:35,2018-07-01 14:56:59,0,0.0,92,2.79,B - High Value,No
2636,83,6746.2,81.28,180.75,2018-04-02 15:48:00,2018-06-30 17:54:21,0,0.0,90,0.92,C - Mid Value,No
2637,41,593.37,14.47,40.59,2018-04-02 05:13:54,2018-06-30 20:46:49,1,2.439,90,0.46,D - Low Value,Yes
2638,286,26572.05,92.91,208.92,2018-04-01 08:53:49,2018-07-01 15:32:53,0,0.0,92,3.11,A - Premium,No
2639,157,2281.49,14.53,39.67,2018-04-01 19:57:46,2018-07-01 10:10:36,0,0.0,91,1.73,D - Low Value,No
2640,109,8194.04,75.17,152.56,2018-04-01 13:23:27,2018-07-01 14:38:02,0,0.0,92,1.18,B - High Value,No
2641,98,2744.09,28.0,65.08,2018-04-01 14:58:13,2018-07-01 08:07:40,0,0.0,91,1.08,D - Low Value,No
2642,40,2529.74,63.24,149.62,2018-04-08 12:22:42,2018-06-27 14:59:28,0,0.0,81,0.49,D - Low Value,No
2643,56,3881.46,69.31,149.34,2018-04-02 12:44:12,2018-07-01 06:14:14,0,0.0,90,0.62,C - Mid Value,No
2644,309,24971.29,80.81,209.79,2018-04-01 02:34:50,2018-07-01 17:26:57,2,0.647,92,3.36,A - Premium,Yes
2645,176,7390.66,41.99,101.06,2018-04-02 11:31:37,2018-07-01 09:40:22,3,1.705,90,1.96,B - High Value,Yes
2646,136,11820.31,86.91,186.09,2018-04-02 02:56:04,2018-06-30 12:25:20,1,0.735,90,1.51,B - High Value,Yes
2647,113,7938.76,70.25,165.92,2018-04-03 13:36:53,2018-07-01 09:15:00,1,0.885,89,1.27,B - High Value,Yes
2648,189,3148.28,16.66,36.6,2018-04-01 10:36:19,2018-07-01 13:46:44,3,1.587,92,2.05,C - Mid Value,Yes
2649,105,9566.88,91.11,193.36,2018-04-01 08:05:43,2018-07-01 17:32:46,0,0.0,92,1.14,B - High Value,No
2650,37,3317.0,89.65,173.89,2018-04-01 09:26:13,2018-06-28 09:15:18,1,2.703,88,0.42,C - Mid Value,Yes
2651,228,6721.41,29.48,69.22,2018-04-01 12:29:47,2018-07-01 12:33:00,0,0.0,92,2.48,C - Mid Value,No
2652,101,2206.32,21.84,49.79,2018-04-04 14:51:45,2018-07-01 19:51:44,1,0.99,89,1.13,D - Low Value,Yes
2653,353,30590.98,86.66,582.95,2018-04-01 13:50:41,2018-07-01 18:00:58,21,5.949,92,3.84,A - Premium,Yes
2654,130,15901.84,122.32,774.6,2018-04-01 11:11:17,2018-07-01 19:40:18,9,6.923,92,1.41,A - Premium,Yes
2655,108,7762.94,71.88,180.56,2018-04-02 08:28:35,2018-07-01 07:38:29,1,0.926,90,1.2,B - High Value,Yes
2656,301,7273.63,24.16,168.4,2018-04-02 12:18:29,2018-07-01 18:25:17,13,4.319,91,3.31,B - High Value,Yes
2657,338,8746.17,25.88,62.57,2018-04-01 08:53:42,2018-07-01 19:21:05,7,2.071,92,3.67,B - High Value,Yes
2658,172,8268.35,48.07,100.82,2018-04-01 08:14:49,2018-06-30 15:33:04,2,1.163,91,1.89,B - High Value,Yes
2659,14,1200.0,85.71,156.54,2018-04-04 10:33:28,2018-06-21 05:15:40,0,0.0,78,0.18,D - Low Value,No
2660,109,10728.8,98.43,200.7,2018-04-01 12:55:36,2018-07-01 16:11:30,0,0.0,92,1.18,B - High Value,No
2661,65,4891.44,75.25,147.98,2018-04-06 03:39:51,2018-06-29 07:03:26,1,1.538,85,0.76,C - Mid Value,Yes
2662,85,2432.53,28.62,68.36,2018-04-01 12:54:12,2018-06-30 09:49:06,0,0.0,90,0.94,D - Low Value,No
2663,230,15787.43,68.64,212.26,2018-04-01 09:53:28,2018-07-01 14:21:37,3,1.304,92,2.5,A - Premium,Yes
2664,145,8443.22,58.23,131.91,2018-04-01 06:46:40,2018-07-01 13:08:06,0,0.0,92,1.58,B - High Value,No
2665,94,6158.45,65.52,132.06,2018-04-01 17:51:44,2018-06-30 23:55:07,1,1.064,91,1.03,C - Mid Value,Yes
2666,259,2843.24,10.98,28.66,2018-04-01 07:16:33,2018-07-01 20:43:51,1,0.386,92,2.82,C - Mid Value,Yes
2667,201,15036.97,74.81,166.15,2018-04-01 03:29:33,2018-07-01 21:56:27,0,0.0,92,2.18,A - Premium,No
2668,204,9772.16,47.9,117.25,2018-04-01 12:24:42,2018-07-01 14:34:19,0,0.0,92,2.22,B - High Value,No
2669,175,4766.89,27.24,57.66,2018-04-01 10:44:06,2018-07-01 22:24:28,0,0.0,92,1.9,C - Mid Value,No
2670,260,14543.82,55.94,131.07,2018-04-01 05:31:01,2018-07-01 14:43:11,0,0.0,92,2.83,A - Premium,No
2671,233,1775.15,7.62,18.32,2018-04-01 05:33:40,2018-07-01 20:59:43,2,0.858,92,2.53,D - Low Value,Yes
2672,99,1191.49,12.04,68.55,2018-04-01 14:52:16,2018-06-30 07:04:44,4,4.04,90,1.1,D - Low Value,Yes
2673,336,7611.24,22.65,64.97,2018-04-01 09:22:02,2018-07-01 17:36:59,5,1.488,92,3.65,B - High Value,Yes
2674,205,2350.35,11.47,24.49,2018-04-01 19:41:40,2018-07-01 10:29:41,1,0.488,91,2.25,D - Low Value,Yes
2675,33,1160.74,35.17,64.65,2018-04-04 03:06:07,2018-06-29 10:57:58,0,0.0,87,0.38,D - Low Value,No
2676,92,4799.59,52.17,119.72,2018-04-01 03:44:10,2018-07-01 12:26:02,0,0.0,92,1.0,C - Mid Value,No
2677,253,17271.87,68.27,141.87,2018-04-01 09:02:40,2018-07-01 15:29:03,0,0.0,92,2.75,A - Premium,No
2678,96,7097.84,73.94,176.06,2018-04-04 13:24:24,2018-06-30 12:44:36,0,0.0,87,1.1,C - Mid Value,No
2679,158,2197.98,13.91,117.35,2018-04-01 09:31:53,2018-07-01 10:47:14,10,6.329,92,1.72,D - Low Value,Yes
2680,374,12467.49,33.34,84.64,2018-04-02 02:04:40,2018-07-01 20:07:39,0,0.0,91,4.11,B - High Value,No
2681,132,12113.1,91.77,205.95,2018-04-01 07:37:42,2018-07-01 14:13:20,0,0.0,92,1.43,B - High Value,No
2682,270,10998.24,40.73,94.68,2018-04-01 04:25:58,2018-07-01 04:32:49,0,0.0,92,2.93,B - High Value,No
2683,241,6217.56,25.8,59.54,2018-04-01 09:24:01,2018-07-01 20:09:31,1,0.415,92,2.62,C - Mid Value,Yes
2684,318,10245.51,32.22,80.91,2018-04-01 13:17:34,2018-07-01 15:44:53,2,0.629,92,3.46,B - High Value,Yes
2685,183,8833.12,48.27,106.31,2018-04-01 03:32:39,2018-07-01 23:24:07,1,0.546,92,1.99,B - High Value,Yes
2686,87,1666.42,19.15,41.5,2018-04-02 11:01:59,2018-07-01 01:16:37,2,2.299,90,0.97,D - Low Value,Yes
2687,48,3231.27,67.32,159.52,2018-04-04 15:40:41,2018-06-28 14:57:33,0,0.0,85,0.56,C - Mid Value,No
2688,283,2275.89,8.04,60.95,2018-04-01 05:50:17,2018-07-01 08:48:35,18,6.36,92,3.08,D - Low Value,Yes
2689,183,4444.0,24.28,63.04,2018-04-01 16:08:16,2018-07-01 21:01:27,0,0.0,92,1.99,C - Mid Value,No
2690,121,3679.58,30.41,75.53,2018-04-01 03:49:41,2018-06-29 11:08:51,0,0.0,90,1.34,C - Mid Value,No
2691,102,9095.05,89.17,234.04,2018-04-01 14:36:24,2018-07-01 19:37:37,5,4.902,92,1.11,B - High Value,Yes
2692,68,6884.44,101.24,262.0,2018-04-01 11:01:08,2018-06-30 06:21:37,1,1.471,90,0.76,C - Mid Value,Yes
2693,125,10165.7,81.33,178.5,2018-04-02 16:51:15,2018-06-29 19:34:20,1,0.8,89,1.4,B - High Value,Yes
2694,239,14224.24,59.52,119.85,2018-04-01 07:21:23,2018-07-01 13:40:17,0,0.0,92,2.6,B - High Value,No
2695,276,22422.47,81.24,196.19,2018-04-01 13:46:28,2018-07-01 11:03:41,0,0.0,91,3.03,A - Premium,No
2696,205,17221.41,84.01,189.07,2018-04-01 06:13:43,2018-07-01 21:46:24,0,0.0,92,2.23,A - Premium,No
2697,112,4963.97,44.32,93.73,2018-04-01 02:52:51,2018-07-01 20:23:10,0,0.0,92,1.22,C - Mid Value,No
2698,9,801.91,89.1,160.68,2018-04-02 17:01:20,2018-06-28 01:22:16,0,0.0,87,0.1,D - Low Value,No
2699,262,23061.48,88.02,203.97,2018-04-01 11:41:17,2018-07-01 18:03:45,0,0.0,92,2.85,A - Premium,No
2700,238,16090.54,67.61,153.4,2018-04-01 10:11:27,2018-07-01 13:58:29,0,0.0,92,2.59,A - Premium,No
2701,191,12421.27,65.03,162.38,2018-04-01 02:07:46,2018-07-01 16:04:56,1,0.524,92,2.08,B - High Value,Yes
2702,155,6801.01,43.88,99.3,2018-04-01 12:29:48,2018-07-01 19:58:17,2,1.29,92,1.68,C - Mid Value,Yes
2703,170,1061.11,6.24,13.08,2018-04-01 05:11:15,2018-06-30 15:34:10,0,0.0,91,1.87,D - Low Value,No
2704,137,4002.3,29.21,173.4,2018-04-01 11:36:40,2018-06-30 11:36:52,8,5.839,91,1.51,C - Mid Value,Yes
2705,18,1204.28,66.9,115.23,2018-04-01 14:00:40,2018-06-28 20:28:30,0,0.0,89,0.2,D - Low Value,No
2706,226,21449.92,94.91,202.2,2018-04-01 17:10:33,2018-07-01 13:03:36,0,0.0,91,2.48,A - Premium,No
2707,235,7975.64,33.94,73.35,2018-04-01 04:49:03,2018-07-01 08:11:36,2,0.851,92,2.55,B - High Value,Yes
2708,171,15889.89,92.92,210.68,2018-04-01 07:35:29,2018-07-01 19:22:35,0,0.0,92,1.86,A - Premium,No
2709,245,13332.04,54.42,122.03,2018-04-01 18:23:28,2018-07-01 12:16:36,0,0.0,91,2.69,B - High Value,No
2710,31,1932.28,62.33,112.48,2018-04-02 18:03:52,2018-07-01 12:04:37,0,0.0,90,0.34,D - Low Value,No
2711,345,19483.03,56.47,138.46,2018-04-01 10:24:53,2018-07-01 16:04:13,0,0.0,92,3.75,A - Premium,No
2712,16,799.36,49.96,81.92,2018-04-02 06:59:01,2018-07-01 13:40:39,0,0.0,91,0.18,D - Low Value,No
2713,311,2512.07,8.08,19.92,2018-04-02 04:02:35,2018-07-01 15:12:29,2,0.643,91,3.42,D - Low Value,Yes
2714,286,16113.84,56.34,133.28,2018-04-01 13:31:17,2018-07-01 14:55:40,4,1.399,92,3.11,A - Premium,Yes
2715,226,3472.54,15.37,36.6,2018-04-02 13:06:18,2018-07-01 12:12:29,1,0.442,90,2.51,C - Mid Value,Yes
2716,106,1367.63,12.9,25.88,2018-04-01 01:43:25,2018-07-01 13:56:39,0,0.0,92,1.15,D - Low Value,No
2717,147,11791.99,80.22,161.96,2018-04-01 04:49:11,2018-07-01 11:24:41,0,0.0,92,1.6,B - High Value,No
2718,329,15118.26,45.95,103.41,2018-04-01 15:58:57,2018-07-01 19:06:52,1,0.304,92,3.58,A - Premium,Yes
2719,205,6743.17,32.89,67.69,2018-04-01 11:09:06,2018-07-01 16:36:20,0,0.0,92,2.23,C - Mid Value,No
2720,56,2090.34,37.33,89.64,2018-04-01 13:39:43,2018-07-01 21:26:59,1,1.786,92,0.61,D - Low Value,Yes
2721,243,2266.0,9.33,23.3,2018-04-01 09:10:51,2018-07-01 14:36:38,2,0.823,92,2.64,D - Low Value,Yes
2722,187,18282.06,97.77,233.85,2018-04-01 03:42:16,2018-07-01 12:35:26,1,0.535,92,2.03,A - Premium,Yes
2723,64,1256.48,19.63,92.65,2018-04-01 10:51:29,2018-06-30 05:21:32,4,6.25,90,0.71,D - Low Value,Yes
2724,31,1428.7,46.09,87.95,2018-04-01 18:05:48,2018-06-24 16:28:53,0,0.0,84,0.37,D - Low Value,No
2725,107,6964.57,65.09,139.05,2018-04-02 10:54:15,2018-07-01 17:47:06,1,0.935,91,1.18,C - Mid Value,Yes
2726,183,4449.79,24.32,45.88,2018-04-01 03:51:45,2018-07-01 08:05:06,0,0.0,92,1.99,C - Mid Value,No
2727,259,13544.61,52.3,121.4,2018-04-01 06:16:15,2018-07-01 23:45:06,0,0.0,92,2.82,B - High Value,No
2728,43,467.7,10.88,20.2,2018-04-04 10:47:19,2018-07-01 12:16:08,0,0.0,89,0.48,D - Low Value,No
2729,230,13050.48,56.74,135.58,2018-04-02 04:43:03,2018-07-01 15:09:48,0,0.0,91,2.53,B - High Value,No
2730,239,21607.17,90.41,229.17,2018-04-01 02:44:04,2018-07-01 22:04:47,1,0.418,92,2.6,A - Premium,Yes
2731,107,2627.66,24.56,57.83,2018-04-02 03:50:07,2018-07-01 18:28:10,2,1.869,91,1.18,D - Low Value,Yes
2732,186,5634.28,30.29,69.61,2018-04-01 12:23:12,2018-07-01 15:47:59,0,0.0,92,2.02,C - Mid Value,No
2733,103,756.01,7.34,19.6,2018-04-01 16:22:54,2018-06-30 06:15:33,0,0.0,90,1.14,D - Low Value,No
2734,52,903.29,17.37,35.71,2018-04-03 11:12:36,2018-07-01 13:05:07,0,0.0,90,0.58,D - Low Value,No
2735,36,2668.93,74.14,125.48,2018-04-05 00:05:02,2018-06-27 17:47:26,0,0.0,84,0.43,D - Low Value,No
2736,113,2592.65,22.94,54.02,2018-04-01 14:38:01,2018-07-01 22:31:29,1,0.885,92,1.23,D - Low Value,Yes
2737,331,26017.7,78.6,196.06,2018-04-01 10:12:16,2018-07-01 16:37:04,0,0.0,92,3.6,A - Premium,No
2738,234,9944.69,42.5,101.39,2018-04-01 09:00:48,2018-07-01 09:47:27,1,0.427,92,2.54,B - High Value,Yes
2739,296,24942.17,84.26,178.51,2018-04-01 13:41:03,2018-07-01 12:39:39,0,0.0,91,3.25,A - Premium,No
2740,139,6775.82,48.75,133.48,2018-04-01 06:50:13,2018-07-01 14:32:40,2,1.439,92,1.51,C - Mid Value,Yes
2741,246,20446.46,83.12,193.93,2018-04-01 09:16:57,2018-06-30 18:16:57,0,0.0,91,2.7,A - Premium,No
2742,296,27748.76,93.75,237.5,2018-04-01 16:38:57,2018-07-01 21:28:34,5,1.689,92,3.22,A - Premium,Yes
2743,188,17394.42,92.52,197.66,2018-04-01 08:12:18,2018-07-01 13:52:21,0,0.0,92,2.04,A - Premium,No
2744,25,1854.21,74.17,124.02,2018-04-05 11:00:42,2018-06-28 10:29:22,0,0.0,84,0.3,D - Low Value,No
2745,23,1160.09,50.44,81.62,2018-04-02 15:51:51,2018-06-24 18:30:08,0,0.0,84,0.27,D - Low Value,No
2746,64,6432.65,100.51,220.94,2018-04-03 03:48:48,2018-06-30 10:52:02,1,1.562,89,0.72,C - Mid Value,Yes
2747,73,3586.8,49.13,123.04,2018-04-02 11:29:13,2018-07-01 17:24:38,0,0.0,91,0.8,C - Mid Value,No
2748,56,1968.56,35.15,60.8,2018-04-01 17:24:51,2018-07-01 15:16:44,0,0.0,91,0.62,D - Low Value,No
2749,156,13805.11,88.49,187.32,2018-04-02 16:20:27,2018-07-01 17:50:21,0,0.0,91,1.71,B - High Value,No
2750,61,2505.1,41.07,87.4,2018-04-01 13:57:45,2018-06-29 11:34:37,1,1.639,89,0.69,D - Low Value,Yes
2751,237,19881.73,83.89,196.39,2018-04-01 16:06:28,2018-07-01 19:12:29,0,0.0,92,2.58,A - Premium,No
2752,296,27696.13,93.57,237.15,2018-04-01 13:28:58,2018-07-01 09:49:18,1,0.338,91,3.25,A - Premium,Yes
2753,279,14694.92,52.67,118.29,2018-04-01 01:34:25,2018-07-01 15:59:10,2,0.717,92,3.03,A - Premium,Yes
2754,159,13975.88,87.9,216.76,2018-04-01 02:51:27,2018-06-30 06:02:11,1,0.629,91,1.75,B - High Value,Yes
2755,254,4414.76,17.38,38.29,2018-04-01 06:05:28,2018-07-01 14:28:30,1,0.394,92,2.76,C - Mid Value,Yes
2756,148,14418.08,97.42,218.11,2018-04-01 16:20:09,2018-06-30 11:16:16,0,0.0,90,1.64,A - Premium,No
2757,107,9351.67,87.4,175.94,2018-04-01 13:13:47,2018-07-01 15:38:22,0,0.0,92,1.16,B - High Value,No
2758,84,3839.23,45.71,92.01,2018-04-01 06:24:07,2018-06-28 21:38:16,0,0.0,89,0.94,C - Mid Value,No
2759,219,1790.79,8.18,20.84,2018-04-01 05:55:00,2018-07-01 19:14:13,1,0.457,92,2.38,D - Low Value,Yes
2760,310,8866.16,28.6,62.35,2018-04-01 06:15:50,2018-07-01 18:10:00,2,0.645,92,3.37,B - High Value,Yes
2761,326,32385.27,99.34,224.35,2018-04-01 05:01:45,2018-07-01 16:15:41,1,0.307,92,3.54,A - Premium,Yes
2762,214,16503.23,77.12,530.85,2018-04-01 03:15:24,2018-07-01 16:01:27,16,7.477,92,2.33,A - Premium,Yes
2763,93,1359.48,14.62,100.85,2018-04-04 18:47:26,2018-07-01 18:08:57,5,5.376,88,1.06,D - Low Value,Yes
2764,62,1734.76,27.98,180.0,2018-04-02 14:31:32,2018-07-01 16:23:35,5,8.065,91,0.68,D - Low Value,Yes
2765,352,22674.92,64.42,159.12,2018-04-01 12:57:15,2018-07-01 10:29:41,0,0.0,91,3.87,A - Premium,No
2766,62,2000.61,32.27,63.15,2018-04-01 16:57:26,2018-07-01 11:40:56,0,0.0,91,0.68,D - Low Value,No
2767,340,5383.65,15.83,42.66,2018-04-01 08:48:06,2018-07-01 09:46:19,3,0.882,92,3.7,C - Mid Value,Yes
2768,252,25647.67,101.78,241.52,2018-04-01 04:32:07,2018-07-01 11:01:36,5,1.984,92,2.74,A - Premium,Yes
2769,163,14511.73,89.03,187.29,2018-04-01 10:11:55,2018-07-01 09:52:19,2,1.227,91,1.79,A - Premium,Yes
2770,52,1765.74,33.96,78.97,2018-04-03 11:52:13,2018-06-30 06:45:07,0,0.0,88,0.59,D - Low Value,No
2771,263,22671.29,86.2,207.97,2018-04-01 19:53:14,2018-07-01 08:08:15,0,0.0,91,2.89,A - Premium,No
2772,171,16591.36,97.03,197.59,2018-04-01 03:52:57,2018-07-01 04:13:19,1,0.585,92,1.86,A - Premium,Yes
2773,230,19706.93,85.68,201.92,2018-04-01 09:57:05,2018-07-01 16:14:35,0,0.0,92,2.5,A - Premium,No
2774,8,87.56,10.94,18.87,2018-04-04 21:14:20,2018-06-19 06:55:58,0,0.0,76,0.11,D - Low Value,No
2775,125,10251.73,82.01,196.47,2018-04-03 03:01:19,2018-07-01 11:09:44,1,0.8,90,1.39,B - High Value,Yes
2776,87,5013.6,57.63,121.96,2018-04-02 20:03:06,2018-07-01 16:01:17,0,0.0,90,0.97,C - Mid Value,No
2777,86,500.63,5.82,13.32,2018-04-02 04:50:19,2018-06-30 09:47:07,1,1.163,90,0.96,D - Low Value,Yes
2778,98,8557.31,87.32,183.4,2018-04-01 05:15:47,2018-06-29 06:17:26,0,0.0,90,1.09,B - High Value,No
2779,239,5254.11,21.98,51.02,2018-04-01 08:09:01,2018-07-01 15:11:33,1,0.418,92,2.6,C - Mid Value,Yes
2780,350,33402.79,95.44,598.3,2018-04-01 05:00:25,2018-07-01 16:04:10,14,4.0,92,3.8,A - Premium,Yes
2781,273,23709.38,86.85,202.78,2018-04-01 08:03:14,2018-07-01 17:27:07,4,1.465,92,2.97,A - Premium,Yes
2782,301,8885.76,29.52,73.31,2018-04-01 10:06:27,2018-07-01 14:40:55,0,0.0,92,3.27,B - High Value,No
2783,157,8004.16,50.98,110.27,2018-04-02 12:21:14,2018-07-01 12:58:38,2,1.274,91,1.73,B - High Value,Yes
2784,99,10028.08,101.29,232.66,2018-04-01 12:30:13,2018-06-28 17:39:16,1,1.01,89,1.11,B - High Value,Yes
2785,241,19931.99,82.71,176.07,2018-04-01 06:52:41,2018-07-01 16:21:27,0,0.0,92,2.62,A - Premium,No
2786,179,12976.62,72.5,168.0,2018-04-01 08:08:50,2018-07-01 18:24:39,1,0.559,92,1.95,B - High Value,Yes
2787,63,3210.76,50.96,131.95,2018-04-06 11:59:02,2018-06-29 19:50:06,0,0.0,85,0.74,C - Mid Value,No
2788,119,9136.39,76.78,166.32,2018-04-01 13:41:33,2018-06-30 18:40:35,2,1.681,91,1.31,B - High Value,Yes
2789,18,1220.1,67.78,135.84,2018-04-07 05:34:35,2018-06-27 11:16:33,0,0.0,82,0.22,D - Low Value,No
2790,296,23044.37,77.85,157.52,2018-04-01 10:29:26,2018-07-01 20:12:11,1,0.338,92,3.22,A - Premium,Yes
2791,317,9156.78,28.89,63.19,2018-04-01 09:07:20,2018-07-01 14:56:29,0,0.0,92,3.45,B - High Value,No
2792,60,3550.02,59.17,130.23,2018-04-01 08:33:17,2018-07-01 01:11:40,0,0.0,91,0.66,C - Mid Value,No
2793,106,8832.77,83.33,220.74,2018-04-03 13:44:23,2018-07-01 12:31:17,1,0.943,89,1.19,B - High Value,Yes
2794,120,11033.4,91.94,688.3,2018-04-01 19:05:03,2018-07-01 16:32:38,5,4.167,91,1.32,B - High Value,Yes
2795,114,6949.31,60.96,164.01,2018-04-02 20:01:14,2018-07-01 14:54:58,0,0.0,90,1.27,C - Mid Value,No
2796,289,30112.32,104.19,242.45,2018-04-01 07:06:45,2018-07-01 13:12:16,4,1.384,92,3.14,A - Premium,Yes
2797,56,3931.98,70.21,148.51,2018-04-02 04:58:35,2018-07-01 16:22:51,2,3.571,91,0.62,C - Mid Value,Yes
2798,83,4384.08,52.82,114.07,2018-04-01 00:48:13,2018-06-30 12:49:40,0,0.0,91,0.91,C - Mid Value,No
2799,27,1447.6,53.61,86.18,2018-04-01 17:24:33,2018-06-23 15:46:43,0,0.0,83,0.33,D - Low Value,No
2800,273,27147.54,99.44,239.94,2018-04-01 05:24:56,2018-07-01 10:15:27,1,0.366,92,2.97,A - Premium,Yes
2801,343,5214.87,15.2,36.46,2018-04-01 12:19:33,2018-07-01 21:14:48,2,0.583,92,3.73,C - Mid Value,Yes
2802,207,10027.43,48.44,121.94,2018-04-01 11:53:07,2018-07-01 05:46:45,0,0.0,91,2.27,B - High Value,No
2803,212,14683.8,69.26,148.12,2018-04-01 00:11:30,2018-07-01 09:22:08,1,0.472,92,2.3,A - Premium,Yes
2804,184,17889.85,97.23,240.07,2018-04-01 08:18:29,2018-07-01 07:15:56,3,1.63,91,2.02,A - Premium,Yes
2805,318,31843.16,100.14,219.15,2018-04-01 07:10:37,2018-07-01 21:03:07,0,0.0,92,3.46,A - Premium,No
2806,333,11142.98,33.46,69.79,2018-04-01 02:26:41,2018-07-01 18:55:33,2,0.601,92,3.62,B - High Value,Yes
2807,282,25522.49,90.51,210.15,2018-04-01 10:10:49,2018-07-01 09:43:29,0,0.0,91,3.1,A - Premium,No
2808,266,15785.96,59.35,162.94,2018-04-01 02:54:33,2018-07-01 14:12:00,0,0.0,92,2.89,A - Premium,No
2809,29,1318.85,45.48,80.67,2018-04-01 05:31:39,2018-06-28 12:52:09,0,0.0,89,0.33,D - Low Value,No
2810,19,1782.04,93.79,151.44,2018-04-03 10:23:14,2018-07-01 11:04:58,0,0.0,90,0.21,D - Low Value,No
2811,147,8212.34,55.87,124.69,2018-04-01 02:12:14,2018-07-01 10:05:16,0,0.0,92,1.6,B - High Value,No
2812,105,3982.02,37.92,99.25,2018-04-01 10:07:23,2018-06-30 13:13:44,0,0.0,91,1.15,C - Mid Value,No
2813,183,5086.16,27.79,58.09,2018-04-02 06:19:47,2018-06-30 18:03:28,0,0.0,90,2.03,C - Mid Value,No
2814,95,4214.41,44.36,105.16,2018-04-01 04:52:09,2018-07-01 09:39:24,2,2.105,92,1.03,C - Mid Value,Yes
2815,338,24226.21,71.68,159.77,2018-04-01 06:40:04,2018-07-01 17:03:06,2,0.592,92,3.67,A - Premium,Yes
2816,272,2811.56,10.34,82.65,2018-04-01 04:31:51,2018-07-01 12:22:44,9,3.309,92,2.96,C - Mid Value,Yes
2817,93,10075.76,108.34,220.79,2018-04-01 13:22:29,2018-06-30 11:56:00,1,1.075,90,1.03,B - High Value,Yes
2818,321,12186.79,37.97,105.85,2018-04-01 04:06:24,2018-07-01 07:49:53,1,0.312,92,3.49,B - High Value,Yes
2819,182,17195.75,94.48,246.63,2018-04-01 08:31:29,2018-07-01 15:28:34,1,0.549,92,1.98,A - Premium,Yes
2820,354,23619.29,66.72,137.64,2018-04-01 03:45:34,2018-07-01 16:27:07,2,0.565,92,3.85,A - Premium,Yes
2821,37,3343.37,90.36,186.98,2018-04-01 11:44:16,2018-07-01 09:15:04,0,0.0,91,0.41,C - Mid Value,No
2822,338,35010.36,103.58,235.36,2018-04-01 05:04:41,2018-07-01 17:58:14,8,2.367,92,3.67,A - Premium,Yes
2823,11,531.1,48.28,89.66,2018-04-01 12:29:41,2018-06-13 13:22:14,0,0.0,74,0.15,D - Low Value,No
2824,342,30635.14,89.58,207.44,2018-04-01 07:14:26,2018-07-01 18:05:08,1,0.292,92,3.72,A - Premium,Yes
2825,154,5671.1,36.83,97.39,2018-04-01 09:29:46,2018-07-01 23:13:29,0,0.0,92,1.67,C - Mid Value,No
2826,161,3130.2,19.44,45.44,2018-04-01 10:26:35,2018-06-30 11:28:45,0,0.0,91,1.77,C - Mid Value,No
2827,345,13743.29,39.84,102.09,2018-04-01 08:38:57,2018-07-01 17:25:28,0,0.0,92,3.75,B - High Value,No
2828,39,2367.2,60.7,136.55,2018-04-01 05:46:56,2018-07-01 11:31:39,0,0.0,92,0.42,D - Low Value,No
2829,276,6463.97,23.42,51.0,2018-04-01 09:22:25,2018-07-01 12:11:05,0,0.0,92,3.0,C - Mid Value,No
2830,10,145.03,14.5,29.22,2018-04-21 13:16:40,2018-06-22 12:29:29,0,0.0,62,0.16,D - Low Value,No
2831,62,4106.71,66.24,413.1,2018-04-02 06:14:54,2018-06-30 21:33:43,7,11.29,90,0.69,C - Mid Value,Yes
2832,29,1785.23,61.56,104.17,2018-04-06 00:53:39,2018-07-01 07:59:32,1,3.448,87,0.33,D - Low Value,Yes
2833,339,6385.88,18.84,39.86,2018-04-01 12:01:35,2018-07-01 14:23:55,0,0.0,92,3.68,C - Mid Value,No
2834,356,37235.56,104.59,271.25,2018-04-01 07:44:59,2018-07-01 05:28:17,7,1.966,91,3.91,A - Premium,Yes
2835,29,694.67,23.95,138.55,2018-04-11 09:17:36,2018-06-30 11:50:29,1,3.448,81,0.36,D - Low Value,Yes
2836,244,8690.3,35.62,78.58,2018-04-01 09:49:11,2018-07-01 17:23:41,2,0.82,92,2.65,B - High Value,Yes
2837,138,2424.42,17.57,107.5,2018-04-02 07:42:10,2018-06-30 16:46:55,8,5.797,90,1.53,D - Low Value,Yes
2838,88,7075.02,80.4,165.82,2018-04-03 10:13:54,2018-06-29 12:43:10,0,0.0,88,1.0,C - Mid Value,No
2839,254,20688.73,81.45,212.88,2018-04-01 01:16:52,2018-07-01 17:26:40,0,0.0,92,2.76,A - Premium,No
2840,322,27675.17,85.95,204.71,2018-04-01 08:22:43,2018-07-01 19:29:01,0,0.0,92,3.5,A - Premium,No
2841,173,2431.71,14.06,32.4,2018-04-01 08:15:10,2018-07-01 14:06:49,2,1.156,92,1.88,D - Low Value,Yes
2842,11,1462.59,132.96,401.25,2018-04-07 09:21:30,2018-06-25 05:57:06,1,9.091,79,0.14,D - Low Value,Yes
2843,209,3607.69,17.26,42.0,2018-04-01 04:34:48,2018-06-30 10:01:21,3,1.435,91,2.3,C - Mid Value,Yes
2844,248,12948.93,52.21,358.4,2018-04-01 07:36:58,2018-07-01 10:51:12,14,5.645,92,2.7,B - High Value,Yes
2845,32,1778.77,55.59,110.96,2018-04-01 13:16:24,2018-06-30 06:00:07,0,0.0,90,0.36,D - Low Value,No
2846,18,1297.44,72.08,155.37,2018-04-06 13:30:22,2018-06-30 15:47:17,0,0.0,86,0.21,D - Low Value,No
2847,137,8458.82,61.74,165.99,2018-04-01 06:10:19,2018-07-01 20:23:51,0,0.0,92,1.49,B - High Value,No
2848,130,4355.86,33.51,65.82,2018-04-02 02:56:45,2018-06-30 07:38:21,1,0.769,90,1.44,C - Mid Value,Yes
2849,198,5842.73,29.51,62.57,2018-04-02 06:06:25,2018-07-01 12:36:53,1,0.505,91,2.18,C - Mid Value,Yes
2850,343,21021.1,61.29,147.6,2018-04-01 05:12:47,2018-07-01 23:18:54,4,1.166,92,3.73,A - Premium,Yes
2851,203,1829.17,9.01,19.45,2018-04-01 08:50:04,2018-07-01 17:05:19,1,0.493,92,2.21,D - Low Value,Yes
2852,139,13969.16,100.5,198.82,2018-04-01 12:54:02,2018-06-30 17:38:04,0,0.0,91,1.53,B - High Value,No
2853,135,9899.1,73.33,158.81,2018-04-02 18:19:32,2018-07-01 13:49:21,0,0.0,90,1.5,B - High Value,No
2854,215,15712.07,73.08,170.68,2018-04-01 13:47:27,2018-06-30 19:36:06,0,0.0,91,2.36,A - Premium,No
2855,121,4777.3,39.48,77.66,2018-04-01 07:38:12,2018-06-30 12:13:32,0,0.0,91,1.33,C - Mid Value,No
2856,334,19122.45,57.25,131.95,2018-04-01 11:01:16,2018-07-01 16:02:28,4,1.198,92,3.63,A - Premium,Yes
2857,89,5963.47,67.01,129.47,2018-04-02 07:52:43,2018-07-01 11:30:04,4,4.494,91,0.98,C - Mid Value,Yes
2858,355,11685.97,32.92,85.15,2018-04-01 07:16:31,2018-07-01 21:18:23,7,1.972,92,3.86,B - High Value,Yes
2859,170,12434.31,73.14,156.55,2018-04-01 11:44:22,2018-07-01 11:55:22,4,2.353,92,1.85,B - High Value,Yes
2860,137,1376.55,10.05,22.65,2018-04-02 13:28:05,2018-06-30 10:32:30,0,0.0,89,1.54,D - Low Value,No
2861,186,9546.14,51.32,116.99,2018-04-01 11:12:11,2018-07-01 16:07:57,1,0.538,92,2.02,B - High Value,Yes
2862,60,3224.2,53.74,288.8,2018-04-01 13:13:33,2018-07-01 09:29:31,2,3.333,91,0.66,C - Mid Value,Yes
2863,321,14981.05,46.67,119.46,2018-04-01 05:40:03,2018-06-30 23:00:02,2,0.623,91,3.53,A - Premium,Yes
2864,274,2315.05,8.45,20.2,2018-04-01 12:14:31,2018-07-01 10:11:53,0,0.0,91,3.01,D - Low Value,No
2865,337,34258.94,101.66,224.37,2018-04-01 09:35:03,2018-07-01 13:49:56,5,1.484,92,3.66,A - Premium,Yes
2866,169,2717.95,16.08,37.59,2018-04-01 05:16:08,2018-06-30 14:13:50,0,0.0,91,1.86,D - Low Value,No
2867,111,8792.58,79.21,167.83,2018-04-01 07:01:45,2018-07-01 09:22:48,0,0.0,92,1.21,B - High Value,No
2868,179,6047.24,33.78,69.48,2018-04-01 07:00:21,2018-07-01 13:10:22,0,0.0,92,1.95,C - Mid Value,No
2869,35,2747.63,78.5,150.77,2018-04-03 12:08:44,2018-07-01 09:41:36,0,0.0,89,0.39,D - Low Value,No
2870,48,748.99,15.6,35.82,2018-04-01 13:17:59,2018-06-29 15:02:51,0,0.0,90,0.53,D - Low Value,No
2871,14,1210.47,86.46,129.63,2018-04-01 15:36:36,2018-06-21 04:01:54,2,14.286,81,0.17,D - Low Value,Yes
2872,55,1122.29,20.41,51.43,2018-04-02 10:58:21,2018-06-30 15:54:18,0,0.0,90,0.61,D - Low Value,No
2873,247,16964.29,68.68,165.02,2018-04-01 01:01:51,2018-07-01 14:10:27,0,0.0,92,2.68,A - Premium,No
2874,152,6802.26,44.75,104.69,2018-04-01 00:59:43,2018-07-01 18:37:54,1,0.658,92,1.65,C - Mid Value,Yes
2875,301,10792.32,35.85,84.66,2018-04-01 08:49:23,2018-07-01 18:54:35,0,0.0,92,3.27,B - High Value,No
2876,119,8040.86,67.57,183.52,2018-04-01 07:22:42,2018-07-01 09:33:10,3,2.521,92,1.29,B - High Value,Yes
2877,321,29189.66,90.93,204.55,2018-04-01 04:30:06,2018-07-01 15:25:24,0,0.0,92,3.49,A - Premium,No
2878,271,21947.14,80.99,217.71,2018-04-01 05:52:47,2018-06-30 11:19:46,0,0.0,91,2.98,A - Premium,No
2879,304,3098.28,10.19,24.36,2018-04-01 10:08:52,2018-07-01 14:14:22,1,0.329,92,3.3,C - Mid Value,Yes
2880,173,8302.9,47.99,124.66,2018-04-01 06:18:24,2018-07-01 23:10:41,1,0.578,92,1.88,B - High Value,Yes
2881,289,24311.14,84.12,211.03,2018-04-01 08:09:42,2018-07-01 14:55:02,4,1.384,92,3.14,A - Premium,Yes
2882,223,14467.89,64.88,170.9,2018-04-01 08:56:27,2018-07-01 16:51:24,3,1.345,92,2.42,A - Premium,Yes
2883,237,3744.55,15.8,42.87,2018-04-02 02:58:19,2018-06-30 18:50:23,3,1.266,90,2.63,C - Mid Value,Yes
2884,62,2260.19,36.45,79.16,2018-04-01 09:54:28,2018-06-30 11:55:10,1,1.613,91,0.68,D - Low Value,Yes
2885,306,18316.87,59.86,143.02,2018-04-01 08:10:16,2018-07-01 07:43:52,3,0.98,91,3.36,A - Premium,Yes
2886,334,7020.96,21.02,53.9,2018-04-02 07:41:47,2018-07-01 19:20:01,0,0.0,91,3.67,C - Mid Value,No
2887,167,6248.4,37.42,91.64,2018-04-01 05:16:09,2018-07-01 14:11:31,0,0.0,92,1.82,C - Mid Value,No
2888,324,11965.2,36.93,79.31,2018-04-01 10:14:46,2018-07-01 17:39:10,2,0.617,92,3.52,B - High Value,Yes
2889,126,10268.73,81.5,198.83,2018-04-01 03:06:56,2018-07-01 14:17:47,0,0.0,92,1.37,B - High Value,No
2890,275,18415.05,66.96,169.78,2018-04-01 10:28:05,2018-07-01 11:13:58,0,0.0,92,2.99,A - Premium,No
2891,381,41073.48,107.8,841.0,2018-04-01 07:34:16,2018-07-01 17:28:47,26,6.824,92,4.14,A - Premium,Yes
2892,252,17035.64,67.6,136.32,2018-04-01 10:07:36,2018-07-01 12:40:16,1,0.397,92,2.74,A - Premium,Yes
2893,90,2106.76,23.41,53.22,2018-04-05 04:22:25,2018-06-28 12:10:58,0,0.0,85,1.06,D - Low Value,No
2894,79,5881.44,74.45,138.96,2018-04-01 14:19:48,2018-06-30 14:50:36,0,0.0,91,0.87,C - Mid Value,No
2895,130,4476.7,34.44,62.27,2018-04-01 14:32:53,2018-07-01 19:47:11,1,0.769,92,1.41,C - Mid Value,Yes
2896,42,2784.39,66.3,142.7,2018-04-01 12:12:23,2018-07-01 16:03:01,0,0.0,92,0.46,C - Mid Value,No
2897,175,13595.5,77.69,204.21,2018-04-01 07:34:39,2018-07-01 16:08:38,1,0.571,92,1.9,B - High Value,Yes
2898,128,7533.47,58.86,137.17,2018-04-01 12:43:14,2018-07-01 06:39:39,1,0.781,91,1.41,B - High Value,Yes
2899,311,18311.18,58.88,132.39,2018-04-01 00:22:14,2018-07-01 20:21:34,5,1.608,92,3.38,A - Premium,Yes
2900,210,3291.86,15.68,31.39,2018-04-01 02:50:04,2018-07-01 10:42:44,0,0.0,92,2.28,C - Mid Value,No
2901,355,20608.59,58.05,141.57,2018-04-01 12:38:00,2018-07-01 13:42:01,0,0.0,92,3.86,A - Premium,No
2902,262,21443.01,81.84,226.56,2018-04-01 01:47:28,2018-07-01 13:04:37,5,1.908,92,2.85,A - Premium,Yes
2903,124,14242.39,114.86,790.0,2018-04-01 08:54:52,2018-07-01 19:46:14,5,4.032,92,1.35,A - Premium,Yes
2904,72,2780.1,38.61,85.6,2018-04-03 17:51:06,2018-06-30 11:54:45,0,0.0,88,0.82,D - Low Value,No
2905,35,1533.89,43.83,104.94,2018-04-08 08:38:00,2018-07-01 16:18:59,0,0.0,85,0.41,D - Low Value,No
2906,228,10237.81,44.9,105.03,2018-04-01 05:00:37,2018-07-01 09:04:42,0,0.0,92,2.48,B - High Value,No
2907,47,1431.87,30.47,206.95,2018-04-01 18:47:59,2018-06-25 17:50:04,2,4.255,85,0.55,D - Low Value,Yes
2908,201,6125.36,30.47,76.96,2018-04-01 06:52:23,2018-07-01 11:27:15,1,0.498,92,2.18,C - Mid Value,Yes
2909,69,6026.04,87.33,211.45,2018-04-05 06:45:20,2018-07-01 01:35:59,2,2.899,87,0.79,C - Mid Value,Yes
2910,123,926.88,7.54,16.08,2018-04-01 11:19:12,2018-07-01 12:20:58,2,1.626,92,1.34,D - Low Value,Yes
2911,305,2615.7,8.58,20.66,2018-04-01 03:16:49,2018-07-01 15:37:44,2,0.656,92,3.32,D - Low Value,Yes
2912,341,4562.6,13.38,32.87,2018-04-01 02:58:32,2018-07-01 13:19:07,0,0.0,92,3.71,C - Mid Value,No
2913,70,1552.56,22.18,43.74,2018-04-03 08:14:28,2018-07-01 13:49:10,0,0.0,90,0.78,D - Low Value,No
2914,299,5665.0,18.95,42.88,2018-04-01 11:40:37,2018-07-01 09:58:20,0,0.0,91,3.29,C - Mid Value,No
2915,320,9057.25,28.3,60.79,2018-04-01 07:55:29,2018-07-01 20:11:02,0,0.0,92,3.48,B - High Value,No
2916,311,7410.67,23.83,51.88,2018-04-01 00:36:18,2018-07-01 20:07:11,0,0.0,92,3.38,B - High Value,No
2917,102,7030.65,68.93,158.43,2018-04-01 04:01:30,2018-06-29 16:50:35,0,0.0,90,1.13,C - Mid Value,No
2918,60,2939.94,49.0,98.02,2018-04-01 12:29:10,2018-06-30 14:35:29,0,0.0,91,0.66,C - Mid Value,No
2919,100,7667.81,76.68,175.27,2018-04-05 17:52:09,2018-07-01 12:48:00,0,0.0,87,1.15,B - High Value,No
2920,180,18069.66,100.39,191.22,2018-04-01 12:28:24,2018-07-01 14:25:18,0,0.0,92,1.96,A - Premium,No
2921,334,34044.68,101.93,234.75,2018-04-01 05:27:46,2018-07-01 21:07:11,2,0.599,92,3.63,A - Premium,Yes
2922,160,8696.36,54.35,123.87,2018-04-01 07:40:47,2018-07-01 14:01:13,6,3.75,92,1.74,B - High Value,Yes
2923,186,8288.82,44.56,93.19,2018-04-01 06:17:18,2018-07-01 07:49:55,0,0.0,92,2.02,B - High Value,No
2924,212,11298.16,53.29,127.81,2018-04-01 11:41:44,2018-07-01 16:49:20,0,0.0,92,2.3,B - High Value,No
2925,165,6806.13,41.25,104.61,2018-04-01 06:15:23,2018-07-01 10:24:11,0,0.0,92,1.79,C - Mid Value,No
2926,344,15841.6,46.05,114.69,2018-04-01 09:36:27,2018-07-01 13:49:26,4,1.163,92,3.74,A - Premium,Yes
2927,158,3953.22,25.02,50.71,2018-04-02 09:58:32,2018-07-01 16:30:57,0,0.0,91,1.74,C - Mid Value,No
2928,174,3768.33,21.66,48.02,2018-04-01 07:27:47,2018-07-01 17:06:43,0,0.0,92,1.89,C - Mid Value,No
2929,106,7309.3,68.96,164.91,2018-04-01 09:55:02,2018-07-01 17:41:24,1,0.943,92,1.15,B - High Value,Yes
2930,89,2266.36,25.46,53.89,2018-04-02 05:31:32,2018-06-30 09:26:35,0,0.0,90,0.99,D - Low Value,No
2931,171,2597.65,15.19,34.53,2018-04-01 04:04:59,2018-07-01 18:58:10,0,0.0,92,1.86,D - Low Value,No
2932,382,29470.61,77.15,177.4,2018-04-01 03:15:55,2018-07-01 21:59:13,0,0.0,92,4.15,A - Premium,No
2933,40,2479.71,61.99,123.08,2018-04-02 09:56:56,2018-06-30 16:27:46,0,0.0,90,0.44,D - Low Value,No
2934,35,709.71,20.28,40.54,2018-04-02 03:17:09,2018-07-01 14:17:55,0,0.0,91,0.38,D - Low Value,No
2935,59,1764.94,29.91,73.44,2018-04-03 06:54:05,2018-07-01 12:17:16,0,0.0,90,0.66,D - Low Value,No
2936,126,3785.99,30.05,87.6,2018-04-01 07:20:24,2018-07-01 12:14:10,0,0.0,92,1.37,C - Mid Value,No
2937,193,5931.93,30.74,69.0,2018-04-01 10:11:23,2018-07-01 05:54:20,0,0.0,91,2.12,C - Mid Value,No
2938,310,12500.73,40.32,289.65,2018-04-01 00:19:22,2018-07-01 18:43:07,25,8.065,92,3.37,B - High Value,Yes
2939,172,6625.37,38.52,86.62,2018-04-01 03:33:48,2018-07-01 14:08:26,4,2.326,92,1.87,C - Mid Value,Yes
2940,244,17761.44,72.79,178.42,2018-04-01 08:40:52,2018-07-01 11:47:14,9,3.689,92,2.65,A - Premium,Yes
2941,265,15700.82,59.25,143.03,2018-04-01 14:42:12,2018-07-01 14:49:47,0,0.0,92,2.88,A - Premium,No
2942,37,1495.7,40.42,80.76,2018-04-05 12:25:00,2018-07-01 07:38:37,1,2.703,87,0.43,D - Low Value,Yes
2943,311,1801.09,5.79,12.6,2018-04-01 11:04:31,2018-07-01 19:31:18,0,0.0,92,3.38,D - Low Value,No
2944,5,200.31,40.06,56.22,2018-05-16 17:33:50,2018-07-01 16:35:39,0,0.0,46,0.11,D - Low Value,No
2945,240,14305.45,59.61,152.15,2018-04-01 04:45:05,2018-07-01 03:03:34,1,0.417,91,2.64,A - Premium,Yes
2946,118,1629.16,13.81,28.71,2018-04-01 02:09:40,2018-07-01 06:59:13,1,0.847,92,1.28,D - Low Value,Yes
2947,19,1733.9,91.26,370.95,2018-04-05 09:13:23,2018-06-28 17:15:56,4,21.053,85,0.22,D - Low Value,Yes
2948,99,9468.64,95.64,207.06,2018-04-02 14:57:56,2018-07-01 22:00:46,0,0.0,91,1.09,B - High Value,No
2949,85,5639.18,66.34,140.86,2018-04-01 09:48:40,2018-07-01 01:57:30,0,0.0,91,0.93,C - Mid Value,No
2950,41,3032.24,73.96,144.4,2018-04-07 14:13:45,2018-06-26 09:18:36,1,2.439,80,0.51,C - Mid Value,Yes
2951,24,1011.26,42.14,76.08,2018-04-09 09:37:33,2018-06-30 14:11:42,0,0.0,83,0.29,D - Low Value,No
2952,179,2904.6,16.23,33.4,2018-04-01 08:53:50,2018-06-30 17:02:48,1,0.559,91,1.97,C - Mid Value,Yes
2953,145,10479.78,72.27,162.98,2018-04-01 02:33:46,2018-07-01 19:51:17,1,0.69,92,1.58,B - High Value,Yes
2954,200,17123.28,85.62,175.66,2018-04-01 07:22:20,2018-07-01 19:22:42,2,1.0,92,2.17,A - Premium,Yes
2955,122,4794.94,39.3,91.78,2018-04-01 00:59:37,2018-07-01 07:59:16,3,2.459,92,1.33,C - Mid Value,Yes
2956,239,5467.93,22.88,52.73,2018-04-01 17:08:17,2018-07-01 15:40:51,0,0.0,91,2.63,C - Mid Value,No
2957,356,29160.85,81.91,189.55,2018-04-01 02:47:53,2018-07-01 16:08:38,0,0.0,92,3.87,A - Premium,No
2958,93,7538.93,81.06,163.88,2018-04-01 06:20:57,2018-07-01 09:52:25,2,2.151,92,1.01,B - High Value,Yes
2959,126,9557.36,75.85,186.05,2018-04-02 11:09:16,2018-06-30 15:16:32,0,0.0,90,1.4,B - High Value,No
2960,156,7327.47,46.97,89.64,2018-04-01 17:49:15,2018-07-01 13:52:30,0,0.0,91,1.71,B - High Value,No
2961,237,10572.97,44.61,104.94,2018-04-01 08:57:51,2018-06-29 00:14:45,2,0.844,89,2.66,B - High Value,Yes
2962,232,1624.16,7.0,17.34,2018-04-01 08:36:29,2018-07-01 13:06:09,0,0.0,92,2.52,D - Low Value,No
2963,206,8314.29,40.36,87.39,2018-04-01 10:33:43,2018-07-01 12:41:20,1,0.485,92,2.24,B - High Value,Yes
2964,119,11658.0,97.97,206.26,2018-04-01 14:34:19,2018-07-01 09:57:16,0,0.0,91,1.31,B - High Value,No
2965,284,19996.69,70.41,375.6,2018-04-01 09:51:07,2018-07-01 18:49:52,18,6.338,92,3.09,A - Premium,Yes
2966,335,18721.55,55.89,132.12,2018-04-01 09:25:52,2018-07-01 19:03:04,2,0.597,92,3.64,A - Premium,Yes
2967,334,30756.94,92.09,260.36,2018-04-01 08:03:22,2018-07-01 19:10:27,1,0.299,92,3.63,A - Premium,Yes
2968,330,12564.31,38.07,89.52,2018-04-01 14:43:14,2018-07-01 21:53:53,0,0.0,92,3.59,B - High Value,No
2969,322,5681.65,17.64,45.78,2018-04-01 10:54:41,2018-07-01 14:55:29,1,0.311,92,3.5,C - Mid Value,Yes
2970,253,7098.8,28.06,66.57,2018-04-01 10:08:59,2018-07-01 21:55:23,0,0.0,92,2.75,C - Mid Value,No
2971,264,15199.85,57.58,135.17,2018-04-01 02:04:29,2018-06-30 16:49:23,0,0.0,91,2.9,A - Premium,No
2972,64,3954.25,61.79,130.43,2018-04-01 03:48:20,2018-07-01 15:49:03,0,0.0,92,0.7,C - Mid Value,No
2973,151,5177.65,34.29,86.04,2018-04-02 08:20:24,2018-07-01 21:03:07,2,1.325,91,1.66,C - Mid Value,Yes
2974,63,2172.49,34.48,71.0,2018-04-01 10:40:28,2018-06-30 05:34:25,0,0.0,90,0.7,D - Low Value,No
2975,133,13332.46,100.24,202.61,2018-04-01 11:56:47,2018-06-28 21:26:52,1,0.752,89,1.49,B - High Value,Yes
2976,116,10166.68,87.64,182.85,2018-04-01 12:09:01,2018-07-01 10:16:36,1,0.862,91,1.27,B - High Value,Yes
2977,258,8699.18,33.72,81.55,2018-04-01 10:36:30,2018-06-30 14:34:13,2,0.775,91,2.84,B - High Value,Yes
2978,110,5002.02,45.47,95.48,2018-04-02 01:35:06,2018-07-01 14:31:08,0,0.0,91,1.21,C - Mid Value,No
2979,115,11173.12,97.16,225.6,2018-04-03 06:59:05,2018-07-01 21:04:58,2,1.739,90,1.28,B - High Value,Yes
2980,96,1260.87,13.13,34.85,2018-04-03 06:24:49,2018-06-30 12:10:20,1,1.042,89,1.08,D - Low Value,Yes
2981,348,15534.32,44.64,97.65,2018-04-01 05:54:55,2018-07-01 10:15:48,0,0.0,92,3.78,A - Premium,No
2982,82,4650.72,56.72,408.7,2018-04-01 09:58:14,2018-07-01 18:14:41,4,4.878,92,0.89,C - Mid Value,Yes
2983,117,11404.49,97.47,230.34,2018-04-01 09:03:25,2018-07-01 18:24:21,1,0.855,92,1.27,B - High Value,Yes
2984,267,22492.67,84.24,177.87,2018-04-01 06:18:30,2018-07-01 15:03:21,4,1.498,92,2.9,A - Premium,Yes
2985,284,27933.3,98.36,219.42,2018-04-01 07:06:09,2018-07-01 16:18:32,2,0.704,92,3.09,A - Premium,Yes
2986,221,10908.92,49.36,101.13,2018-04-01 08:08:55,2018-07-01 23:00:28,0,0.0,92,2.4,B - High Value,No
2987,164,6188.85,37.74,85.54,2018-04-01 09:02:22,2018-07-01 17:34:14,0,0.0,92,1.78,C - Mid Value,No
2988,184,5662.85,30.78,82.25,2018-04-01 02:42:49,2018-07-01 16:40:13,0,0.0,92,2.0,C - Mid Value,No
2989,281,4226.27,15.04,38.56,2018-04-01 00:19:49,2018-07-01 04:45:35,3,1.068,92,3.05,C - Mid Value,Yes
2990,229,22600.67,98.69,234.43,2018-04-01 10:28:03,2018-07-01 10:59:07,2,0.873,92,2.49,A - Premium,Yes
2991,278,8115.73,29.19,73.71,2018-04-01 02:35:06,2018-07-01 11:07:44,0,0.0,92,3.02,B - High Value,No
2992,134,7880.47,58.81,156.77,2018-04-02 21:15:12,2018-06-30 12:26:19,2,1.493,89,1.51,B - High Value,Yes
2993,229,4517.46,19.73,46.09,2018-04-01 14:07:57,2018-07-01 18:46:36,0,0.0,92,2.49,C - Mid Value,No
2994,332,21263.46,64.05,164.73,2018-04-01 08:00:59,2018-07-01 16:27:20,3,0.904,92,3.61,A - Premium,Yes
2995,49,4157.34,84.84,159.84,2018-04-03 08:23:14,2018-07-01 18:01:47,0,0.0,90,0.54,C - Mid Value,No
2996,324,6815.28,21.03,155.55,2018-04-02 01:09:44,2018-07-01 16:56:57,16,4.938,91,3.56,C - Mid Value,Yes
2997,221,11242.94,50.87,138.6,2018-04-01 07:25:23,2018-07-01 19:51:20,2,0.905,92,2.4,B - High Value,Yes
2998,164,15943.21,97.21,230.24,2018-04-01 11:51:35,2018-07-01 18:12:20,1,0.61,92,1.78,A - Premium,Yes
2999,283,27651.34,97.71,266.31,2018-04-01 04:21:04,2018-07-01 18:51:41,1,0.353,92,3.08,A - Premium,Yes
3000,182,7737.34,42.51,93.55,2018-04-01 10:45:04,2018-07-01 09:20:22,1,0.549,91,2.0,B - High Value,Yes
3001,288,27172.57,94.35,204.57,2018-04-01 11:40:43,2018-06-30 18:04:27,1,0.347,91,3.16,A - Premium,Yes
3002,367,17185.38,46.83,115.32,2018-04-01 15:40:40,2018-07-01 22:12:18,0,0.0,92,3.99,A - Premium,No
3003,279,2771.17,9.93,24.92,2018-04-01 08:35:57,2018-07-01 18:30:40,2,0.717,92,3.03,D - Low Value,Yes
3004,101,5027.34,49.78,108.84,2018-04-01 07:19:31,2018-07-01 19:18:34,0,0.0,92,1.1,C - Mid Value,No
3005,287,21278.93,74.14,172.09,2018-04-01 08:23:18,2018-07-01 11:45:34,1,0.348,92,3.12,A - Premium,Yes
3006,99,1571.45,15.87,38.99,2018-04-04 03:06:46,2018-07-01 07:05:13,0,0.0,89,1.11,D - Low Value,No
3007,261,21546.45,82.55,186.5,2018-04-01 17:14:15,2018-07-01 12:49:26,0,0.0,91,2.87,A - Premium,No
3008,305,4294.74,14.08,33.72,2018-04-01 08:35:00,2018-07-01 15:25:02,3,0.984,92,3.32,C - Mid Value,Yes
3009,23,645.49,28.06,46.57,2018-04-06 11:07:39,2018-06-30 07:23:15,0,0.0,85,0.27,D - Low Value,No
3010,367,28425.88,77.45,611.45,2018-04-01 03:15:55,2018-07-01 19:11:26,15,4.087,92,3.99,A - Premium,Yes
3011,42,1742.15,41.48,91.5,2018-04-02 14:34:14,2018-06-27 18:01:31,0,0.0,87,0.48,D - Low Value,No
3012,43,1727.96,40.19,94.63,2018-04-01 09:57:47,2018-07-01 17:31:56,0,0.0,92,0.47,D - Low Value,No
3013,266,6984.99,26.26,408.75,2018-04-01 01:51:49,2018-07-01 16:32:16,31,11.654,92,2.89,C - Mid Value,Yes
3014,86,730.82,8.5,20.24,2018-04-01 17:02:32,2018-07-01 09:30:10,0,0.0,91,0.95,D - Low Value,No
3015,76,6388.89,84.06,187.16,2018-04-01 05:39:06,2018-06-30 04:29:44,0,0.0,90,0.84,C - Mid Value,No
3016,343,10270.75,29.94,73.64,2018-04-01 07:00:47,2018-07-01 20:20:50,0,0.0,92,3.73,B - High Value,No
3017,72,1818.33,25.25,54.88,2018-04-02 10:13:41,2018-06-29 18:12:58,0,0.0,89,0.81,D - Low Value,No
3018,32,827.99,25.87,44.37,2018-04-11 01:02:36,2018-06-26 12:52:51,1,3.125,77,0.42,D - Low Value,Yes
3019,335,31296.37,93.42,201.72,2018-04-01 09:42:42,2018-07-01 21:35:58,4,1.194,92,3.64,A - Premium,Yes
3020,292,10895.96,37.31,83.06,2018-04-01 03:55:40,2018-07-01 14:17:08,2,0.685,92,3.17,B - High Value,Yes
3021,14,859.23,61.37,106.38,2018-04-05 06:42:48,2018-06-27 17:34:07,0,0.0,84,0.17,D - Low Value,No
3022,39,686.12,17.59,37.45,2018-04-01 14:30:47,2018-06-28 11:33:24,1,2.564,88,0.44,D - Low Value,Yes
3023,284,19542.49,68.81,175.08,2018-04-01 10:06:42,2018-07-01 15:51:25,0,0.0,92,3.09,A - Premium,No
3024,86,5359.54,62.32,114.03,2018-04-01 04:48:28,2018-07-01 14:08:30,0,0.0,92,0.93,C - Mid Value,No
3025,274,18773.37,68.52,162.55,2018-04-02 13:16:39,2018-07-01 15:26:49,1,0.365,91,3.01,A - Premium,Yes
3026,214,12756.81,59.61,149.67,2018-04-01 10:16:56,2018-07-01 09:40:17,5,2.336,91,2.35,B - High Value,Yes
3027,263,15316.55,58.24,132.94,2018-04-01 21:02:17,2018-06-30 17:33:41,3,1.141,90,2.92,A - Premium,Yes
3028,142,5274.46,37.14,74.11,2018-04-01 14:53:51,2018-07-01 17:08:41,2,1.408,92,1.54,C - Mid Value,Yes
3029,327,8236.53,25.19,56.63,2018-04-01 04:07:01,2018-07-01 13:29:07,0,0.0,92,3.55,B - High Value,No
3030,175,5393.34,30.82,79.29,2018-04-01 14:20:04,2018-07-01 03:58:57,0,0.0,91,1.92,C - Mid Value,No
3031,6,284.26,47.38,68.63,2018-04-20 05:58:45,2018-06-13 05:24:50,0,0.0,54,0.11,D - Low Value,No
3032,74,2244.79,30.34,71.42,2018-04-03 02:03:07,2018-07-01 21:25:33,1,1.351,90,0.82,D - Low Value,Yes
3033,99,5665.0,57.22,133.69,2018-04-01 22:35:13,2018-07-01 19:52:06,0,0.0,91,1.09,C - Mid Value,No
3034,62,3924.08,63.29,130.53,2018-04-04 20:52:14,2018-06-25 07:40:06,0,0.0,82,0.76,C - Mid Value,No
3035,216,14853.69,68.77,165.74,2018-04-01 06:27:01,2018-07-01 16:47:11,1,0.463,92,2.35,A - Premium,Yes
3036,86,6947.92,80.79,162.95,2018-04-03 06:25:32,2018-07-01 09:27:10,0,0.0,90,0.96,C - Mid Value,No
3037,167,17694.26,105.95,209.16,2018-04-02 08:20:23,2018-06-30 06:33:35,0,0.0,89,1.88,A - Premium,No
3038,259,11635.67,44.93,103.64,2018-04-01 10:31:05,2018-07-01 17:47:47,0,0.0,92,2.82,B - High Value,No
3039,259,15708.34,60.65,141.98,2018-04-01 04:51:42,2018-07-01 23:39:19,0,0.0,92,2.82,A - Premium,No
3040,7,130.01,18.57,29.35,2018-04-22 10:33:28,2018-06-23 16:24:24,0,0.0,63,0.11,D - Low Value,No
3041,189,8021.73,42.44,96.31,2018-04-01 01:23:49,2018-07-01 12:40:15,0,0.0,92,2.05,B - High Value,No
3042,55,5227.44,95.04,189.1,2018-04-05 05:39:33,2018-06-28 17:01:13,0,0.0,85,0.65,C - Mid Value,No
3043,31,3176.28,102.46,181.64,2018-04-01 18:57:25,2018-06-24 14:42:40,0,0.0,84,0.37,C - Mid Value,No
3044,51,2060.72,40.41,81.55,2018-04-01 11:29:18,2018-06-30 04:29:20,0,0.0,90,0.57,D - Low Value,No
3045,53,2894.33,54.61,102.04,2018-04-02 06:03:48,2018-06-29 23:06:15,0,0.0,89,0.6,C - Mid Value,No
3046,313,9574.15,30.59,70.28,2018-04-01 10:14:59,2018-07-01 20:31:13,1,0.319,92,3.4,B - High Value,Yes
3047,224,2930.65,13.08,32.58,2018-04-01 12:09:09,2018-07-01 13:37:26,0,0.0,92,2.43,C - Mid Value,No
3048,247,8151.36,33.0,76.97,2018-04-01 02:01:01,2018-07-01 13:36:44,0,0.0,92,2.68,B - High Value,No
3049,39,564.64,14.48,32.05,2018-04-03 10:19:31,2018-06-30 17:39:59,0,0.0,89,0.44,D - Low Value,No
3050,32,1332.2,41.63,82.99,2018-04-02 05:25:00,2018-06-26 16:02:43,0,0.0,86,0.37,D - Low Value,No
3051,217,19073.39,87.9,247.85,2018-04-01 10:36:39,2018-07-01 17:01:50,4,1.843,92,2.36,A - Premium,Yes
3052,294,17600.24,59.86,154.29,2018-04-01 19:05:03,2018-07-01 15:53:10,1,0.34,91,3.23,A - Premium,Yes
3053,255,3773.95,14.8,95.35,2018-04-01 06:30:42,2018-07-01 14:51:49,6,2.353,92,2.77,C - Mid Value,Yes
3054,254,21002.51,82.69,184.04,2018-04-01 12:28:23,2018-07-01 17:31:37,0,0.0,92,2.76,A - Premium,No
3056,190,6005.19,31.61,65.11,2018-04-01 11:11:28,2018-07-01 17:08:18,1,0.526,92,2.07,C - Mid Value,Yes
3057,13,1002.32,77.1,161.2,2018-04-06 09:50:24,2018-06-29 14:21:16,0,0.0,85,0.15,D - Low Value,No
3058,100,1394.85,13.95,28.5,2018-04-02 08:32:21,2018-07-01 17:45:19,0,0.0,91,1.1,D - Low Value,No
3059,269,17644.3,65.59,153.48,2018-04-01 01:34:29,2018-07-01 22:08:43,3,1.115,92,2.92,A - Premium,Yes
3060,79,4764.87,60.31,119.72,2018-04-01 10:16:58,2018-07-01 10:14:08,0,0.0,91,0.87,C - Mid Value,No
3061,237,2610.63,11.02,78.35,2018-04-01 07:51:41,2018-07-01 10:05:55,12,5.063,92,2.58,D - Low Value,Yes
3062,110,7943.16,72.21,150.4,2018-04-01 05:27:47,2018-07-01 13:56:09,1,0.909,92,1.2,B - High Value,Yes
3063,327,27855.36,85.18,206.7,2018-04-01 07:01:45,2018-07-01 18:27:38,0,0.0,92,3.55,A - Premium,No
3064,47,3813.31,81.13,193.28,2018-04-01 10:03:55,2018-06-29 10:49:53,0,0.0,90,0.52,C - Mid Value,No
3065,50,2170.61,43.41,94.45,2018-04-04 09:36:46,2018-07-01 13:46:45,0,0.0,89,0.56,D - Low Value,No
3066,212,2238.04,10.56,26.46,2018-04-02 10:32:23,2018-07-01 06:06:58,2,0.943,90,2.36,D - Low Value,Yes
3067,324,11172.1,34.48,72.18,2018-04-01 10:15:23,2018-07-01 15:46:44,3,0.926,92,3.52,B - High Value,Yes
3068,123,10955.57,89.07,203.69,2018-04-01 12:18:14,2018-07-01 07:04:57,0,0.0,91,1.35,B - High Value,No
3069,168,3499.54,20.83,45.95,2018-04-01 08:45:53,2018-06-28 16:21:20,4,2.381,89,1.89,C - Mid Value,Yes
3070,295,13886.23,47.07,104.85,2018-04-01 12:10:23,2018-07-01 21:03:30,0,0.0,92,3.21,B - High Value,No
3071,295,18874.21,63.98,174.68,2018-04-01 06:49:07,2018-07-01 18:39:05,0,0.0,92,3.21,A - Premium,No
3072,26,392.38,15.09,30.66,2018-04-01 14:30:32,2018-06-30 15:19:51,0,0.0,91,0.29,D - Low Value,No
3073,99,5540.31,55.96,147.55,2018-04-02 08:12:33,2018-07-01 20:05:05,0,0.0,91,1.09,C - Mid Value,No
3074,279,2561.86,9.18,19.54,2018-04-01 09:22:38,2018-07-01 18:04:12,0,0.0,92,3.03,D - Low Value,No
3075,105,10364.4,98.71,217.75,2018-04-03 18:55:32,2018-06-30 17:14:37,0,0.0,88,1.19,B - High Value,No
3076,180,14288.97,79.38,206.38,2018-04-01 01:50:43,2018-07-01 17:36:25,2,1.111,92,1.96,A - Premium,Yes
3077,231,1827.0,7.91,18.67,2018-04-01 07:47:23,2018-07-01 17:29:40,0,0.0,92,2.51,D - Low Value,No
3078,218,25616.03,117.5,809.4,2018-04-01 14:07:29,2018-07-01 14:10:26,10,4.587,92,2.37,A - Premium,Yes
3079,260,15893.04,61.13,137.76,2018-04-01 08:11:18,2018-07-01 14:18:06,1,0.385,92,2.83,A - Premium,Yes
3080,137,1062.07,7.75,20.29,2018-04-01 09:11:42,2018-06-30 09:41:59,1,0.73,91,1.51,D - Low Value,Yes
3081,232,20995.99,90.5,198.81,2018-04-01 16:40:46,2018-07-01 16:19:33,2,0.862,91,2.55,A - Premium,Yes
3082,24,181.26,7.55,18.6,2018-04-05 10:54:07,2018-07-01 16:46:05,0,0.0,88,0.27,D - Low Value,No
3083,326,7643.45,23.45,57.81,2018-04-01 02:19:42,2018-07-01 19:04:43,3,0.92,92,3.54,B - High Value,Yes
3084,64,2069.08,32.33,66.81,2018-04-04 09:46:13,2018-06-30 19:10:54,0,0.0,88,0.73,D - Low Value,No
3085,193,12290.14,63.68,145.17,2018-04-01 05:17:53,2018-07-01 13:35:57,0,0.0,92,2.1,B - High Value,No
3086,59,2252.97,38.19,72.05,2018-04-01 11:26:47,2018-07-01 12:55:42,0,0.0,92,0.64,D - Low Value,No
3087,184,16526.84,89.82,186.64,2018-04-01 11:20:32,2018-06-30 09:32:35,1,0.543,90,2.04,A - Premium,Yes
3088,260,10498.5,40.38,91.51,2018-04-01 11:12:14,2018-07-01 13:14:22,2,0.769,92,2.83,B - High Value,Yes
3089,271,2814.17,10.38,22.72,2018-04-01 08:01:58,2018-07-01 09:44:56,0,0.0,92,2.95,C - Mid Value,No
3090,38,3893.26,102.45,200.92,2018-04-01 23:19:21,2018-06-25 10:22:18,0,0.0,85,0.45,C - Mid Value,No
3091,193,13063.64,67.69,162.88,2018-04-01 09:59:12,2018-06-29 15:22:55,1,0.518,90,2.14,B - High Value,Yes
3092,278,9681.66,34.83,82.91,2018-04-01 04:54:26,2018-07-01 20:01:43,1,0.36,92,3.02,B - High Value,Yes
3093,30,3041.07,101.37,173.77,2018-04-03 04:08:31,2018-06-24 20:08:44,2,6.667,83,0.36,C - Mid Value,Yes
3094,290,4270.79,14.73,34.96,2018-04-01 06:36:18,2018-07-01 20:39:50,2,0.69,92,3.15,C - Mid Value,Yes
3095,202,9450.14,46.78,106.78,2018-04-01 13:20:02,2018-07-01 17:36:36,0,0.0,92,2.2,B - High Value,No
3096,125,5113.04,40.9,81.57,2018-04-01 10:35:47,2018-07-01 17:12:17,0,0.0,92,1.36,C - Mid Value,No
3097,146,9268.07,63.48,134.93,2018-04-01 05:56:50,2018-07-01 16:07:25,0,0.0,92,1.59,B - High Value,No
3098,155,2376.16,15.33,33.65,2018-04-02 10:37:16,2018-06-30 19:49:34,0,0.0,90,1.72,D - Low Value,No
3099,97,5230.06,53.92,114.17,2018-04-02 15:58:44,2018-07-01 10:42:00,0,0.0,90,1.08,C - Mid Value,No
3100,321,30564.56,95.22,233.49,2018-04-01 05:28:56,2018-07-01 18:58:19,3,0.935,92,3.49,A - Premium,Yes
3101,294,15436.19,52.5,109.88,2018-04-01 14:45:32,2018-07-01 18:36:59,2,0.68,92,3.2,A - Premium,Yes
3102,314,2367.73,7.54,19.31,2018-04-01 03:21:26,2018-07-01 22:10:12,0,0.0,92,3.41,D - Low Value,No
3103,204,3370.57,16.52,41.44,2018-04-01 07:17:20,2018-07-01 18:59:33,1,0.49,92,2.22,C - Mid Value,Yes
3104,301,2316.94,7.7,65.6,2018-04-01 05:38:29,2018-07-01 17:54:36,10,3.322,92,3.27,D - Low Value,Yes
3105,135,10211.13,75.64,137.33,2018-04-01 03:08:52,2018-07-01 14:01:41,0,0.0,92,1.47,B - High Value,No
3106,90,3427.65,38.08,78.62,2018-04-01 04:00:56,2018-06-30 16:23:35,3,3.333,91,0.99,C - Mid Value,Yes
3107,105,3922.37,37.36,72.98,2018-04-01 11:09:53,2018-07-01 17:51:19,0,0.0,92,1.14,C - Mid Value,No
3108,294,1737.78,5.91,13.55,2018-04-01 05:09:58,2018-07-01 20:41:03,0,0.0,92,3.2,D - Low Value,No
3109,109,7228.64,66.32,151.28,2018-04-01 10:21:16,2018-07-01 10:04:49,0,0.0,91,1.2,B - High Value,No
3110,257,5470.75,21.29,48.94,2018-04-01 19:38:07,2018-07-01 20:30:15,0,0.0,92,2.79,C - Mid Value,No
3111,40,4060.81,101.52,247.74,2018-04-04 10:46:51,2018-06-27 09:25:46,1,2.5,84,0.48,C - Mid Value,Yes
3112,309,7694.96,24.9,58.1,2018-04-01 12:01:42,2018-07-01 19:25:04,2,0.647,92,3.36,B - High Value,Yes
3113,276,1332.91,4.83,10.46,2018-04-01 04:41:34,2018-07-01 10:44:14,2,0.725,92,3.0,D - Low Value,Yes
3114,217,13911.5,64.11,150.2,2018-04-01 03:11:51,2018-07-01 16:46:02,1,0.461,92,2.36,B - High Value,Yes
3115,342,12133.88,35.48,83.78,2018-04-01 07:30:39,2018-07-01 21:09:48,0,0.0,92,3.72,B - High Value,No
3116,343,35096.79,102.32,463.65,2018-04-01 06:16:04,2018-07-01 20:43:52,11,3.207,92,3.73,A - Premium,Yes
3117,172,4794.1,27.87,63.25,2018-04-01 06:33:01,2018-06-30 17:43:07,1,0.581,91,1.89,C - Mid Value,Yes
3118,110,5027.34,45.7,115.06,2018-04-01 10:25:33,2018-06-28 20:47:57,0,0.0,89,1.24,C - Mid Value,No
3119,94,8228.64,87.54,174.08,2018-04-01 13:50:57,2018-07-01 16:07:35,1,1.064,92,1.02,B - High Value,Yes
3120,170,1918.0,11.28,71.4,2018-04-01 14:54:23,2018-07-01 04:58:37,5,2.941,91,1.87,D - Low Value,Yes
3121,58,4576.32,78.9,154.53,2018-04-01 04:44:26,2018-07-01 16:30:44,0,0.0,92,0.63,C - Mid Value,No
3122,260,1595.76,6.14,14.32,2018-04-01 01:32:56,2018-07-01 13:22:30,2,0.769,92,2.83,D - Low Value,Yes
3123,188,2758.61,14.67,32.29,2018-04-01 10:27:15,2018-07-01 22:31:42,0,0.0,92,2.04,D - Low Value,No
3124,117,10729.09,91.7,202.51,2018-04-03 10:00:57,2018-07-01 20:37:36,0,0.0,90,1.3,B - High Value,No
3125,259,18881.85,72.9,158.69,2018-04-01 06:17:39,2018-07-01 08:36:24,0,0.0,92,2.82,A - Premium,No
3126,81,3668.64,45.29,84.65,2018-04-01 07:29:36,2018-07-01 17:53:00,2,2.469,92,0.88,C - Mid Value,Yes
3127,146,818.23,5.6,12.81,2018-04-01 07:07:47,2018-07-01 19:58:57,0,0.0,92,1.59,D - Low Value,No
3128,162,4163.79,25.7,56.74,2018-04-01 02:08:19,2018-07-01 12:11:15,0,0.0,92,1.76,C - Mid Value,No
3129,257,17291.51,67.28,181.15,2018-04-01 02:31:56,2018-07-01 14:19:55,0,0.0,92,2.79,A - Premium,No
3130,191,16125.03,84.42,191.23,2018-04-02 01:50:27,2018-07-01 19:04:45,1,0.524,91,2.1,A - Premium,Yes
3131,345,6622.04,19.19,40.29,2018-04-01 01:42:27,2018-07-01 09:18:17,0,0.0,92,3.75,C - Mid Value,No
3132,145,9528.04,65.71,175.93,2018-04-01 08:10:26,2018-07-01 10:23:57,0,0.0,92,1.58,B - High Value,No
3133,223,11267.05,50.52,124.76,2018-04-01 11:06:51,2018-07-01 13:25:40,1,0.448,92,2.42,B - High Value,Yes
3134,233,14464.69,62.08,140.4,2018-04-01 05:43:56,2018-07-01 17:46:31,0,0.0,92,2.53,A - Premium,No
3135,160,3966.6,24.79,53.14,2018-04-02 06:49:15,2018-07-01 11:10:11,0,0.0,91,1.76,C - Mid Value,No
3136,27,272.79,10.1,16.9,2018-04-01 18:20:09,2018-06-28 12:58:49,0,0.0,88,0.31,D - Low Value,No
3137,76,7173.54,94.39,210.18,2018-04-02 03:54:26,2018-07-01 12:45:15,0,0.0,91,0.84,B - High Value,No
3138,183,11123.74,60.79,135.69,2018-04-01 05:30:17,2018-06-30 15:02:17,0,0.0,91,2.01,B - High Value,No
3139,42,614.31,14.63,36.65,2018-04-01 15:20:53,2018-06-30 01:55:28,0,0.0,90,0.47,D - Low Value,No
3140,212,7380.53,34.81,77.07,2018-04-01 07:24:52,2018-06-30 23:56:42,0,0.0,91,2.33,B - High Value,No
3141,299,10180.19,34.05,92.1,2018-04-01 07:39:40,2018-07-01 18:37:01,4,1.338,92,3.25,B - High Value,Yes
3142,227,5266.54,23.2,56.5,2018-04-01 06:36:39,2018-07-01 05:17:52,1,0.441,91,2.49,C - Mid Value,Yes
3143,184,12592.17,68.44,144.19,2018-04-01 04:55:25,2018-07-01 16:07:46,2,1.087,92,2.0,B - High Value,Yes
3144,110,11179.17,101.63,199.5,2018-04-04 03:02:18,2018-07-01 16:25:27,0,0.0,89,1.24,B - High Value,No
3145,170,14154.96,83.26,221.04,2018-04-01 09:49:30,2018-06-30 12:47:24,2,1.176,91,1.87,B - High Value,Yes
3146,189,19446.63,102.89,211.92,2018-04-01 15:41:07,2018-07-01 23:21:07,0,0.0,92,2.05,A - Premium,No
3147,98,4794.89,48.93,108.07,2018-04-02 14:36:07,2018-06-30 13:26:02,1,1.02,89,1.1,C - Mid Value,Yes
3148,14,1149.33,82.1,114.47,2018-04-03 07:45:26,2018-06-24 16:18:24,0,0.0,83,0.17,D - Low Value,No
3149,210,11390.38,54.24,126.75,2018-04-01 10:41:04,2018-07-01 22:08:34,2,0.952,92,2.28,B - High Value,Yes
3150,100,5847.03,58.47,125.96,2018-04-03 09:49:13,2018-07-01 15:57:21,0,0.0,90,1.11,C - Mid Value,No
3151,206,11510.99,55.88,132.68,2018-04-01 07:59:57,2018-07-01 06:25:34,0,0.0,91,2.26,B - High Value,No
3152,344,7441.79,21.63,49.98,2018-04-01 06:00:57,2018-07-01 15:24:01,1,0.291,92,3.74,B - High Value,Yes
3153,243,17933.42,73.8,201.95,2018-04-01 02:23:29,2018-07-01 10:38:53,3,1.235,92,2.64,A - Premium,Yes
3154,19,1908.11,100.43,210.44,2018-04-01 18:53:34,2018-06-30 16:09:27,0,0.0,90,0.21,D - Low Value,No
3155,275,20248.9,73.63,184.13,2018-04-01 09:50:21,2018-07-01 16:13:45,5,1.818,92,2.99,A - Premium,Yes
3156,134,13415.64,100.12,771.8,2018-04-01 15:26:24,2018-07-01 17:34:54,7,5.224,92,1.46,B - High Value,Yes
3157,216,17539.27,81.2,185.35,2018-04-01 14:43:34,2018-06-29 21:12:11,1,0.463,90,2.4,A - Premium,Yes
3158,307,14592.54,47.53,109.42,2018-04-01 08:58:26,2018-07-01 22:07:10,0,0.0,92,3.34,A - Premium,No
3159,211,3523.65,16.7,35.99,2018-04-01 09:30:13,2018-07-01 04:54:23,3,1.422,91,2.32,C - Mid Value,Yes
3160,6,79.45,13.24,17.86,2018-04-21 09:46:34,2018-07-01 09:31:35,1,16.667,71,0.08,D - Low Value,Yes
3161,311,28598.08,91.96,264.83,2018-04-01 05:09:07,2018-07-01 15:12:53,3,0.965,92,3.38,A - Premium,Yes
3162,211,1702.53,8.07,18.98,2018-04-01 09:14:30,2018-07-01 20:25:06,0,0.0,92,2.29,D - Low Value,No
3163,36,381.44,10.6,23.65,2018-04-04 19:28:04,2018-06-25 04:04:59,0,0.0,82,0.44,D - Low Value,No
3164,262,20470.11,78.13,192.31,2018-04-01 07:36:39,2018-07-01 23:24:14,0,0.0,92,2.85,A - Premium,No
3166,77,4621.84,60.02,132.82,2018-04-01 14:48:36,2018-06-30 13:35:00,0,0.0,90,0.86,C - Mid Value,No
3167,194,13797.05,71.12,151.07,2018-04-01 08:13:58,2018-07-01 11:47:21,2,1.031,92,2.11,B - High Value,Yes
3168,124,11234.2,90.6,226.5,2018-04-01 05:12:22,2018-07-01 13:04:14,4,3.226,92,1.35,B - High Value,Yes
3169,30,2020.14,67.34,117.79,2018-04-05 11:56:16,2018-06-28 06:57:50,0,0.0,84,0.36,D - Low Value,No
3170,137,3775.9,27.56,63.78,2018-04-01 11:28:40,2018-07-01 05:29:02,0,0.0,91,1.51,C - Mid Value,No
3171,33,1634.37,49.53,101.24,2018-04-03 08:36:08,2018-07-01 14:30:49,1,3.03,90,0.37,D - Low Value,Yes
3172,36,1431.04,39.75,74.55,2018-04-03 05:04:56,2018-06-29 17:46:18,0,0.0,88,0.41,D - Low Value,No
3173,88,5973.15,67.88,152.99,2018-04-01 04:45:05,2018-06-30 12:49:06,1,1.136,91,0.97,C - Mid Value,Yes
3174,135,13173.01,97.58,227.45,2018-04-01 09:29:00,2018-07-01 22:20:16,2,1.481,92,1.47,B - High Value,Yes
3175,206,1831.59,8.89,20.98,2018-04-01 05:06:06,2018-07-01 09:47:56,3,1.456,92,2.24,D - Low Value,Yes
3176,328,18923.43,57.69,126.79,2018-04-01 06:14:17,2018-07-01 17:41:43,3,0.915,92,3.57,A - Premium,Yes
3177,303,25120.95,82.91,190.49,2018-04-01 12:34:10,2018-07-01 12:41:07,0,0.0,92,3.29,A - Premium,No
3178,148,2374.09,16.04,37.08,2018-04-01 08:19:22,2018-07-01 07:32:33,0,0.0,91,1.63,D - Low Value,No
3179,205,13555.55,66.12,167.52,2018-04-02 09:18:42,2018-07-01 11:50:01,3,1.463,91,2.25,B - High Value,Yes
3180,216,8553.42,39.6,91.93,2018-04-01 11:39:32,2018-07-01 15:07:51,0,0.0,92,2.35,B - High Value,No
3181,167,16986.12,101.71,290.0,2018-04-01 20:41:20,2018-07-01 06:45:18,1,0.599,91,1.84,A - Premium,Yes
3182,131,1948.24,14.87,31.08,2018-04-01 13:14:17,2018-07-01 14:38:36,0,0.0,92,1.42,D - Low Value,No
3183,154,2913.76,18.92,40.35,2018-04-01 08:53:06,2018-07-01 08:46:03,0,0.0,91,1.69,C - Mid Value,No
3184,127,1693.67,13.34,28.52,2018-04-02 16:40:29,2018-07-01 12:30:30,0,0.0,90,1.41,D - Low Value,No
3185,148,3728.25,25.19,56.75,2018-04-01 04:00:48,2018-07-01 23:34:20,2,1.351,92,1.61,C - Mid Value,Yes
3186,182,15006.96,82.46,201.29,2018-04-01 04:39:05,2018-07-01 03:41:19,1,0.549,91,2.0,A - Premium,Yes
3187,161,16450.97,102.18,582.85,2018-04-01 15:19:42,2018-07-01 18:57:16,8,4.969,92,1.75,A - Premium,Yes
3188,289,22530.28,77.96,193.82,2018-04-01 18:53:01,2018-07-01 14:35:37,0,0.0,91,3.18,A - Premium,No
3189,121,9844.47,81.36,156.65,2018-04-01 09:53:09,2018-07-01 06:36:06,0,0.0,91,1.33,B - High Value,No
3190,162,10937.1,67.51,151.51,2018-04-01 15:27:09,2018-07-01 19:14:10,2,1.235,92,1.76,B - High Value,Yes
3191,124,2207.43,17.8,39.53,2018-04-01 07:14:38,2018-07-01 13:52:06,0,0.0,92,1.35,D - Low Value,No
3192,207,19001.47,91.79,207.34,2018-04-01 08:22:28,2018-07-01 22:13:26,1,0.483,92,2.25,A - Premium,Yes
3193,343,12939.15,37.72,100.46,2018-04-01 10:34:47,2018-07-01 16:00:12,2,0.583,92,3.73,B - High Value,Yes
3194,147,1330.13,9.05,20.17,2018-04-01 08:43:51,2018-07-01 21:57:18,2,1.361,92,1.6,D - Low Value,Yes
3195,333,15543.16,46.68,104.36,2018-04-01 02:47:46,2018-07-01 05:48:28,0,0.0,92,3.62,A - Premium,No
3196,320,24882.82,77.76,204.13,2018-04-01 19:30:21,2018-07-01 20:08:02,1,0.312,92,3.48,A - Premium,Yes
3197,219,16714.76,76.32,158.51,2018-04-01 03:14:47,2018-07-01 10:24:25,0,0.0,92,2.38,A - Premium,No
3198,270,4901.82,18.15,39.38,2018-04-01 08:20:05,2018-07-01 08:36:32,3,1.111,92,2.93,C - Mid Value,Yes
3199,268,9267.13,34.58,76.42,2018-04-01 11:08:21,2018-07-01 19:08:19,0,0.0,92,2.91,B - High Value,No
3200,41,3627.91,88.49,183.46,2018-04-01 07:37:51,2018-06-25 01:30:19,0,0.0,85,0.48,C - Mid Value,No
3201,107,4153.38,38.82,86.53,2018-04-01 13:03:32,2018-07-01 17:52:31,0,0.0,92,1.16,C - Mid Value,No
3202,34,3792.46,111.54,201.98,2018-04-04 13:41:51,2018-06-27 03:37:06,1,2.941,84,0.4,C - Mid Value,Yes
3203,6,258.06,43.01,80.46,2018-04-19 01:53:41,2018-05-24 05:36:32,0,0.0,36,0.17,D - Low Value,No
3204,90,1370.52,15.23,35.47,2018-04-01 09:40:13,2018-06-29 12:53:29,0,0.0,90,1.0,D - Low Value,No
3205,234,20696.72,88.45,172.55,2018-04-01 07:38:01,2018-07-01 16:29:38,1,0.427,92,2.54,A - Premium,Yes
3206,194,13523.68,69.71,156.51,2018-04-01 03:09:30,2018-07-01 07:14:35,0,0.0,92,2.11,B - High Value,No
3207,192,6263.95,32.62,72.5,2018-04-01 04:40:50,2018-07-01 12:29:51,1,0.521,92,2.09,C - Mid Value,Yes
3208,132,12791.04,96.9,208.06,2018-04-01 04:17:33,2018-06-29 12:23:19,0,0.0,90,1.47,B - High Value,No
3209,329,18035.79,54.82,133.86,2018-04-01 09:43:49,2018-07-01 21:23:52,0,0.0,92,3.58,A - Premium,No
3210,264,21344.08,80.85,201.73,2018-04-01 04:29:03,2018-07-01 23:50:55,1,0.379,92,2.87,A - Premium,Yes
3211,350,9025.56,25.79,61.76,2018-04-01 08:59:28,2018-07-01 17:07:17,0,0.0,92,3.8,B - High Value,No
3212,158,9034.28,57.18,135.29,2018-04-01 04:41:20,2018-07-01 16:19:14,0,0.0,92,1.72,B - High Value,No
3213,306,11680.38,38.17,90.48,2018-04-01 04:47:22,2018-07-01 16:33:55,3,0.98,92,3.33,B - High Value,Yes
3214,224,16267.95,72.62,192.47,2018-04-01 03:52:19,2018-07-01 18:53:07,3,1.339,92,2.43,A - Premium,Yes
3215,138,4263.59,30.9,71.87,2018-04-01 19:41:13,2018-06-29 20:26:06,0,0.0,90,1.53,C - Mid Value,No
3216,13,139.79,10.75,16.36,2018-04-01 11:40:37,2018-06-21 08:53:02,0,0.0,81,0.16,D - Low Value,No
3217,332,34006.61,102.43,241.28,2018-04-01 02:20:58,2018-07-01 21:09:43,11,3.313,92,3.61,A - Premium,Yes
3218,263,21942.1,83.43,204.17,2018-04-01 13:49:53,2018-07-01 18:03:46,0,0.0,92,2.86,A - Premium,No
3219,222,21204.02,95.51,228.17,2018-04-01 08:40:58,2018-07-01 18:19:22,2,0.901,92,2.41,A - Premium,Yes
3220,121,3777.15,31.22,74.32,2018-04-01 18:22:40,2018-06-30 07:55:18,0,0.0,90,1.34,C - Mid Value,No
3221,105,9870.58,94.01,225.94,2018-04-01 10:06:04,2018-06-30 12:25:15,2,1.905,91,1.15,B - High Value,Yes
3222,169,6097.7,36.08,302.25,2018-04-01 08:18:35,2018-07-01 05:15:25,9,5.325,91,1.86,C - Mid Value,Yes
3223,264,21326.41,80.78,176.21,2018-04-01 06:15:18,2018-07-01 16:27:20,0,0.0,92,2.87,A - Premium,No
3224,331,25241.01,76.26,173.78,2018-04-01 10:02:35,2018-07-01 21:59:07,2,0.604,92,3.6,A - Premium,Yes
3225,238,14229.04,59.79,142.52,2018-04-01 10:39:31,2018-07-01 15:58:59,0,0.0,92,2.59,B - High Value,No
3226,361,28538.77,79.05,180.69,2018-04-01 12:08:05,2018-07-01 15:47:32,2,0.554,92,3.92,A - Premium,Yes
3227,353,16095.13,45.6,286.8,2018-04-01 06:53:24,2018-07-01 19:33:39,8,2.266,92,3.84,A - Premium,Yes
3228,281,5114.6,18.2,39.08,2018-04-01 11:22:22,2018-07-01 16:29:23,1,0.356,92,3.05,C - Mid Value,Yes
3229,204,19994.11,98.01,232.48,2018-04-01 05:30:53,2018-07-01 20:18:59,3,1.471,92,2.22,A - Premium,Yes
3230,331,25600.56,77.34,195.92,2018-04-01 08:35:54,2018-07-01 22:31:00,0,0.0,92,3.6,A - Premium,No
3231,319,5192.48,16.28,47.99,2018-04-01 03:11:50,2018-07-01 18:33:46,0,0.0,92,3.47,C - Mid Value,No
3232,323,1698.47,5.26,13.28,2018-04-01 02:40:44,2018-07-01 17:13:59,0,0.0,92,3.51,D - Low Value,No
3233,68,4280.01,62.94,143.44,2018-04-01 13:37:47,2018-06-30 15:54:09,0,0.0,91,0.75,C - Mid Value,No
3234,151,8660.21,57.35,136.36,2018-04-02 03:41:35,2018-06-30 13:12:42,2,1.325,90,1.68,B - High Value,Yes
3235,269,20296.15,75.45,198.04,2018-04-02 11:41:17,2018-07-01 23:07:07,0,0.0,91,2.96,A - Premium,No
3236,308,16134.47,52.38,133.3,2018-04-01 12:16:05,2018-07-01 20:35:06,3,0.974,92,3.35,A - Premium,Yes
3237,124,7904.23,63.74,142.46,2018-04-01 14:09:01,2018-07-01 16:10:48,1,0.806,92,1.35,B - High Value,Yes
3238,252,19543.69,77.55,181.88,2018-04-02 17:44:54,2018-06-30 11:00:51,0,0.0,89,2.83,A - Premium,No
3239,122,5817.27,47.68,126.24,2018-04-01 11:16:24,2018-07-01 07:46:22,2,1.639,91,1.34,C - Mid Value,Yes
3240,50,1743.64,34.87,69.22,2018-04-01 11:51:15,2018-06-27 10:21:29,0,0.0,87,0.57,D - Low Value,No
3241,258,25319.0,98.14,233.69,2018-04-01 09:03:13,2018-07-01 16:58:13,3,1.163,92,2.8,A - Premium,Yes
3242,134,2860.52,21.35,42.76,2018-04-01 09:19:58,2018-07-01 15:34:44,0,0.0,92,1.46,C - Mid Value,No
3243,240,22811.93,95.05,262.26,2018-04-01 14:15:17,2018-07-01 17:26:47,4,1.667,92,2.61,A - Premium,Yes
3244,305,5542.11,18.17,45.17,2018-04-01 08:50:20,2018-07-01 16:45:55,1,0.328,92,3.32,C - Mid Value,Yes
3245,61,3705.53,60.75,128.57,2018-04-06 11:30:24,2018-06-30 19:14:02,0,0.0,86,0.71,C - Mid Value,No
3246,1,19.13,19.13,19.13,2018-05-07 14:10:39,2018-05-07 14:10:39,0,0.0,1,1.0,D - Low Value,No
3247,108,4832.71,44.75,101.65,2018-04-01 11:17:42,2018-07-01 11:38:43,0,0.0,92,1.17,C - Mid Value,No
3248,320,3292.71,10.29,24.98,2018-04-01 06:44:34,2018-07-01 12:27:31,3,0.938,92,3.48,C - Mid Value,Yes
3249,309,18082.81,58.52,136.27,2018-04-01 03:54:56,2018-07-01 20:25:50,1,0.324,92,3.36,A - Premium,Yes
3250,172,4775.59,27.77,50.99,2018-04-01 11:43:52,2018-07-01 15:50:37,0,0.0,92,1.87,C - Mid Value,No
3251,281,9331.29,33.21,75.76,2018-04-01 09:21:00,2018-06-30 13:28:19,0,0.0,91,3.09,B - High Value,No
3252,269,11640.8,43.27,101.09,2018-04-01 11:40:45,2018-07-01 12:31:39,0,0.0,92,2.92,B - High Value,No
3253,1,22.41,22.41,22.41,2018-04-12 13:53:21,2018-04-12 13:53:21,0,0.0,1,1.0,D - Low Value,No
3254,211,16705.55,79.17,555.1,2018-04-01 12:56:46,2018-06-29 18:35:21,10,4.739,90,2.34,A - Premium,Yes
3255,350,2086.11,5.96,13.6,2018-04-01 08:49:54,2018-07-01 18:31:25,2,0.571,92,3.8,D - Low Value,Yes
3256,294,1544.11,5.25,13.93,2018-04-01 09:28:23,2018-07-01 13:58:42,0,0.0,92,3.2,D - Low Value,No
3257,168,9342.31,55.61,132.19,2018-04-01 06:34:39,2018-07-01 18:01:03,0,0.0,92,1.83,B - High Value,No
3258,338,13760.96,40.71,98.06,2018-04-01 02:24:55,2018-07-01 19:09:47,0,0.0,92,3.67,B - High Value,No
3259,192,3115.2,16.22,36.58,2018-04-01 11:21:38,2018-07-01 15:27:27,0,0.0,92,2.09,C - Mid Value,No
3260,262,12687.57,48.43,115.88,2018-04-01 05:08:19,2018-07-01 07:42:58,0,0.0,92,2.85,B - High Value,No
3261,347,18739.92,54.01,147.22,2018-04-01 02:14:20,2018-07-01 11:24:43,1,0.288,92,3.77,A - Premium,Yes
3262,304,25817.71,84.93,200.22,2018-04-01 12:51:25,2018-07-01 16:18:18,0,0.0,92,3.3,A - Premium,No
3263,110,8930.23,81.18,193.13,2018-04-01 21:51:26,2018-07-01 09:02:24,0,0.0,91,1.21,B - High Value,No
3264,98,4885.2,49.85,119.22,2018-04-03 12:01:26,2018-06-30 21:45:03,1,1.02,89,1.1,C - Mid Value,Yes
3265,3,170.09,56.7,68.94,2018-04-12 07:02:23,2018-05-05 13:06:16,0,0.0,24,0.12,D - Low Value,No
3266,50,4223.64,84.47,173.34,2018-04-01 10:36:23,2018-06-30 11:06:21,1,2.0,91,0.55,C - Mid Value,Yes
3267,242,21089.0,87.14,199.94,2018-04-01 11:28:54,2018-07-01 14:29:08,0,0.0,92,2.63,A - Premium,No
3268,114,11175.06,98.03,198.77,2018-04-01 10:54:27,2018-06-28 22:59:50,0,0.0,89,1.28,B - High Value,No
3269,347,22187.73,63.94,156.6,2018-04-01 05:40:06,2018-07-01 15:12:22,2,0.576,92,3.77,A - Premium,Yes
3270,214,15081.76,70.48,146.57,2018-04-01 01:51:12,2018-07-01 14:32:10,2,0.935,92,2.33,A - Premium,Yes
3271,21,1321.82,62.94,102.24,2018-04-09 12:51:45,2018-06-29 16:51:27,1,4.762,82,0.26,D - Low Value,Yes
3272,293,2839.79,9.69,22.84,2018-04-01 09:38:32,2018-07-01 07:19:21,2,0.683,91,3.22,C - Mid Value,Yes
3273,27,2049.65,75.91,172.6,2018-04-01 11:03:19,2018-06-29 08:10:03,0,0.0,89,0.3,D - Low Value,No
3274,14,1253.74,89.55,209.05,2018-04-01 03:35:50,2018-06-29 21:01:29,0,0.0,90,0.16,D - Low Value,No
3275,350,15858.72,45.31,118.83,2018-04-01 05:57:34,2018-07-01 11:47:13,0,0.0,92,3.8,A - Premium,No
3276,58,2351.67,40.55,97.42,2018-04-05 02:28:53,2018-06-30 11:35:22,0,0.0,87,0.67,D - Low Value,No
3277,269,15726.95,58.46,138.16,2018-04-01 05:28:50,2018-07-01 15:28:42,3,1.115,92,2.92,A - Premium,Yes
3278,26,1412.48,54.33,103.45,2018-04-03 18:07:47,2018-06-29 15:05:52,1,3.846,87,0.3,D - Low Value,Yes
3279,288,22008.52,76.42,587.75,2018-04-01 07:37:14,2018-07-01 15:49:24,17,5.903,92,3.13,A - Premium,Yes
3280,198,11952.99,60.37,121.46,2018-04-01 03:31:16,2018-07-01 17:26:02,0,0.0,92,2.15,B - High Value,No
3281,123,1260.66,10.25,23.16,2018-04-01 09:54:12,2018-07-01 15:16:59,1,0.813,92,1.34,D - Low Value,Yes
3282,287,28128.06,98.01,230.4,2018-04-01 01:39:17,2018-07-01 17:34:46,6,2.091,92,3.12,A - Premium,Yes
3283,196,12126.5,61.87,152.6,2018-04-01 10:53:57,2018-07-01 20:51:44,0,0.0,92,2.13,B - High Value,No
3284,8,619.16,77.4,112.18,2018-04-12 18:47:25,2018-06-29 15:01:37,0,0.0,78,0.1,D - Low Value,No
3285,142,7499.52,52.81,115.79,2018-04-02 11:16:38,2018-07-01 18:48:11,3,2.113,91,1.56,B - High Value,Yes
3286,87,1100.39,12.65,24.2,2018-04-03 05:42:34,2018-07-01 08:44:05,2,2.299,90,0.97,D - Low Value,Yes
3287,77,5922.67,76.92,168.63,2018-04-03 00:18:30,2018-06-30 05:14:46,1,1.299,89,0.87,C - Mid Value,Yes
3288,269,22006.26,81.81,190.14,2018-04-01 03:26:08,2018-07-01 18:47:53,0,0.0,92,2.92,A - Premium,No
3289,311,19184.28,61.69,142.73,2018-04-01 11:17:01,2018-07-01 04:26:12,0,0.0,91,3.42,A - Premium,No
3290,57,2709.0,47.53,91.48,2018-04-01 16:12:33,2018-06-30 11:53:39,0,0.0,90,0.63,D - Low Value,No
3291,107,1540.8,14.4,31.05,2018-04-01 03:06:38,2018-06-29 21:11:42,0,0.0,90,1.19,D - Low Value,No
3292,67,5866.75,87.56,172.17,2018-04-02 07:57:22,2018-07-01 07:24:42,0,0.0,90,0.74,C - Mid Value,No
3293,279,20738.0,74.33,166.75,2018-04-02 03:46:06,2018-07-01 18:26:26,0,0.0,91,3.07,A - Premium,No
3294,135,1843.5,13.66,31.92,2018-04-01 12:11:59,2018-07-01 18:21:24,0,0.0,92,1.47,D - Low Value,No
3295,155,11374.66,73.38,157.25,2018-04-01 10:28:13,2018-06-30 06:45:00,0,0.0,90,1.72,B - High Value,No
3296,243,7371.43,30.34,240.4,2018-04-02 04:14:35,2018-07-01 20:30:34,16,6.584,91,2.67,B - High Value,Yes
3297,316,2671.76,8.45,19.22,2018-04-01 03:18:24,2018-07-01 16:50:30,0,0.0,92,3.43,D - Low Value,No
3298,288,10900.84,37.85,94.65,2018-04-01 04:58:24,2018-07-01 16:20:14,0,0.0,92,3.13,B - High Value,No
3299,66,1155.22,17.5,35.16,2018-04-03 07:24:11,2018-07-01 11:43:46,0,0.0,90,0.73,D - Low Value,No
3300,211,4084.86,19.36,41.35,2018-04-01 10:26:37,2018-07-01 18:46:31,2,0.948,92,2.29,C - Mid Value,Yes
3301,110,3571.87,32.47,197.05,2018-04-01 10:58:04,2018-07-01 18:06:51,9,8.182,92,1.2,C - Mid Value,Yes
3302,226,18776.89,83.08,175.1,2018-04-01 06:54:58,2018-07-01 15:06:55,0,0.0,92,2.46,A - Premium,No
3303,38,1939.89,51.05,82.01,2018-04-02 03:26:06,2018-06-29 17:58:15,0,0.0,89,0.43,D - Low Value,No
3304,24,1173.85,48.91,90.24,2018-04-01 10:58:14,2018-07-01 15:29:14,0,0.0,92,0.26,D - Low Value,No
3305,307,16984.47,55.32,111.53,2018-04-01 07:23:28,2018-07-01 17:54:04,5,1.629,92,3.34,A - Premium,Yes
3306,312,25231.77,80.87,226.09,2018-04-01 05:17:36,2018-07-01 19:57:56,3,0.962,92,3.39,A - Premium,Yes
3307,70,2707.21,38.67,82.53,2018-04-01 11:35:18,2018-07-01 07:17:43,0,0.0,91,0.77,D - Low Value,No
3308,9,344.82,38.31,88.49,2018-04-02 06:22:43,2018-06-15 15:25:07,0,0.0,75,0.12,D - Low Value,No
3309,38,1863.89,49.05,110.16,2018-04-02 15:08:56,2018-07-01 16:42:32,0,0.0,91,0.42,D - Low Value,No
3310,308,16163.53,52.48,134.03,2018-04-01 15:18:54,2018-07-01 23:02:59,0,0.0,92,3.35,A - Premium,No
3311,21,1502.27,71.54,154.34,2018-04-01 08:43:27,2018-06-26 14:02:08,0,0.0,87,0.24,D - Low Value,No
3312,218,8402.49,38.54,93.5,2018-04-01 03:40:41,2018-07-01 11:19:02,4,1.835,92,2.37,B - High Value,Yes
3313,231,8858.09,38.35,81.58,2018-04-02 09:53:44,2018-07-01 09:12:53,0,0.0,90,2.57,B - High Value,No
3314,205,18202.18,88.79,202.96,2018-04-01 03:37:07,2018-07-01 13:56:16,0,0.0,92,2.23,A - Premium,No
3315,168,12129.76,72.2,162.13,2018-04-01 12:25:16,2018-07-01 12:18:45,3,1.786,91,1.85,B - High Value,Yes
3316,68,1396.21,20.53,38.9,2018-04-01 15:21:14,2018-06-30 15:37:37,2,2.941,91,0.75,D - Low Value,Yes
3317,41,296.11,7.22,16.28,2018-04-01 02:29:22,2018-07-01 14:06:36,0,0.0,92,0.45,D - Low Value,No
3318,236,20402.05,86.45,217.54,2018-04-01 14:54:30,2018-07-01 09:38:12,2,0.847,91,2.59,A - Premium,Yes
3319,109,9682.6,88.83,186.94,2018-04-01 15:37:10,2018-07-01 15:04:15,0,0.0,91,1.2,B - High Value,No
3320,11,494.38,44.94,76.77,2018-04-02 11:29:07,2018-07-01 11:53:12,0,0.0,91,0.12,D - Low Value,No
3321,30,2828.81,94.29,202.6,2018-04-03 10:54:52,2018-06-29 15:28:26,0,0.0,88,0.34,C - Mid Value,No
3322,78,6809.79,87.3,188.23,2018-04-01 14:53:25,2018-06-30 16:00:22,2,2.564,91,0.86,C - Mid Value,Yes
3323,8,535.93,66.99,128.65,2018-04-07 17:04:27,2018-06-28 12:41:25,0,0.0,82,0.1,D - Low Value,No
3324,348,28222.41,81.1,199.44,2018-04-01 11:49:09,2018-07-01 15:15:43,3,0.862,92,3.78,A - Premium,Yes
3325,234,4894.71,20.92,44.94,2018-04-01 01:19:08,2018-07-01 16:43:09,1,0.427,92,2.54,C - Mid Value,Yes
3326,358,26864.12,75.04,190.29,2018-04-01 12:12:58,2018-07-01 20:32:04,0,0.0,92,3.89,A - Premium,No
3327,176,12015.95,68.27,146.36,2018-04-02 07:30:21,2018-07-01 15:17:52,0,0.0,91,1.93,B - High Value,No
3328,157,12460.45,79.37,178.6,2018-04-01 04:59:59,2018-07-01 19:10:04,0,0.0,92,1.71,B - High Value,No
3329,103,8755.66,85.01,185.0,2018-04-01 16:09:29,2018-06-30 20:21:13,0,0.0,91,1.13,B - High Value,No
3330,213,7305.33,34.3,86.64,2018-04-01 15:59:02,2018-07-01 14:43:10,0,0.0,91,2.34,B - High Value,No
3331,49,4642.32,94.74,185.94,2018-04-05 23:07:05,2018-07-01 07:24:13,0,0.0,87,0.56,C - Mid Value,No
3332,331,22204.53,67.08,142.51,2018-04-01 00:55:44,2018-07-01 09:03:35,1,0.302,92,3.6,A - Premium,Yes
3333,101,8958.42,88.7,213.44,2018-04-01 11:44:38,2018-06-30 10:20:44,0,0.0,90,1.12,B - High Value,No
3334,299,24612.4,82.32,203.76,2018-04-01 07:13:25,2018-07-01 21:29:00,0,0.0,92,3.25,A - Premium,No
3335,154,12638.03,82.07,190.88,2018-04-04 09:38:17,2018-07-01 18:00:34,0,0.0,89,1.73,B - High Value,No
3336,345,11587.07,33.59,78.58,2018-04-01 12:20:00,2018-07-01 18:39:29,2,0.58,92,3.75,B - High Value,Yes
3337,120,7568.92,63.07,124.67,2018-04-01 02:27:24,2018-06-30 16:25:46,0,0.0,91,1.32,B - High Value,No
3338,163,4151.38,25.47,52.84,2018-04-01 09:06:07,2018-07-01 19:38:40,0,0.0,92,1.77,C - Mid Value,No
3339,104,1938.09,18.64,37.16,2018-04-02 23:45:33,2018-07-01 16:49:45,0,0.0,90,1.16,D - Low Value,No
3340,160,7783.52,48.65,125.87,2018-04-01 05:54:41,2018-07-01 13:14:29,1,0.625,92,1.74,B - High Value,Yes
3341,320,4245.79,13.27,31.22,2018-04-01 06:01:17,2018-07-01 11:55:36,0,0.0,92,3.48,C - Mid Value,No
3342,296,16955.89,57.28,141.02,2018-04-01 05:33:22,2018-07-01 15:46:34,0,0.0,92,3.22,A - Premium,No
3343,276,28934.42,104.83,723.2,2018-04-01 09:49:23,2018-07-01 18:18:26,16,5.797,92,3.0,A - Premium,Yes
3344,98,5115.24,52.2,112.73,2018-04-01 08:12:16,2018-07-01 13:44:02,1,1.02,92,1.07,C - Mid Value,Yes
3345,261,11370.44,43.56,92.92,2018-04-01 10:17:37,2018-07-01 20:50:53,0,0.0,92,2.84,B - High Value,No
3346,39,2694.41,69.09,121.45,2018-04-01 11:37:46,2018-06-30 18:15:01,0,0.0,91,0.43,D - Low Value,No
3347,36,477.72,13.27,26.13,2018-04-01 22:05:11,2018-06-23 18:48:59,0,0.0,83,0.43,D - Low Value,No
3348,309,27464.16,88.88,213.72,2018-04-01 09:01:17,2018-07-01 19:38:39,1,0.324,92,3.36,A - Premium,Yes
3349,28,427.57,15.27,34.15,2018-04-01 17:54:28,2018-07-01 14:18:23,1,3.571,91,0.31,D - Low Value,Yes
3350,115,1949.09,16.95,34.11,2018-04-03 14:25:37,2018-07-01 10:17:03,0,0.0,89,1.29,D - Low Value,No
3351,33,2558.27,77.52,162.14,2018-04-02 17:26:50,2018-06-30 10:06:53,0,0.0,89,0.37,D - Low Value,No
3352,10,698.74,69.87,107.96,2018-04-17 04:38:02,2018-06-28 06:55:34,0,0.0,73,0.14,D - Low Value,No
3353,267,7860.35,29.44,69.77,2018-04-01 03:27:21,2018-07-01 18:00:46,1,0.375,92,2.9,B - High Value,Yes
3354,14,1326.17,94.73,177.2,2018-04-01 03:04:36,2018-06-08 05:29:33,0,0.0,69,0.2,D - Low Value,No
3355,214,2092.23,9.78,25.1,2018-04-01 04:31:49,2018-07-01 12:12:06,0,0.0,92,2.33,D - Low Value,No
3356,64,4974.15,77.72,174.78,2018-04-02 22:25:14,2018-06-30 07:25:46,0,0.0,89,0.72,C - Mid Value,No
3357,266,18517.22,69.61,170.44,2018-04-01 11:45:33,2018-07-01 12:52:45,1,0.376,92,2.89,A - Premium,Yes
3358,187,9471.0,50.65,115.93,2018-04-01 06:26:11,2018-07-01 14:06:58,0,0.0,92,2.03,B - High Value,No
3359,121,10147.14,83.86,200.42,2018-04-01 06:03:11,2018-06-29 13:59:51,0,0.0,90,1.34,B - High Value,No
3360,320,8996.24,28.11,75.01,2018-04-01 03:59:18,2018-07-01 14:31:22,0,0.0,92,3.48,B - High Value,No
3361,14,1004.82,71.77,151.19,2018-04-05 09:43:29,2018-06-29 14:30:38,0,0.0,86,0.16,D - Low Value,No
3362,14,713.03,50.93,96.14,2018-04-17 04:44:45,2018-07-01 12:29:10,0,0.0,76,0.18,D - Low Value,No
3363,74,2441.12,32.99,74.67,2018-04-03 09:14:05,2018-07-01 14:05:59,0,0.0,90,0.82,D - Low Value,No
3364,91,4195.48,46.1,105.35,2018-04-01 09:56:26,2018-07-01 20:10:03,0,0.0,92,0.99,C - Mid Value,No
3365,97,5818.1,59.98,156.11,2018-04-02 14:01:04,2018-06-30 15:56:06,1,1.031,90,1.08,C - Mid Value,Yes
3366,83,7615.17,91.75,201.65,2018-04-03 21:20:13,2018-07-01 17:40:38,0,0.0,89,0.93,B - High Value,No
3368,293,6715.88,22.92,58.43,2018-04-01 06:22:51,2018-07-01 23:22:04,2,0.683,92,3.18,C - Mid Value,Yes
3369,97,7348.48,75.76,145.19,2018-04-01 03:47:41,2018-07-01 13:57:01,1,1.031,92,1.05,B - High Value,Yes
3370,305,17569.69,57.61,140.48,2018-04-02 06:43:45,2018-07-01 20:14:49,0,0.0,91,3.35,A - Premium,No
3371,115,5686.14,49.44,115.03,2018-04-01 12:20:09,2018-06-30 12:19:02,1,0.87,90,1.28,C - Mid Value,Yes
3372,276,10910.31,39.53,93.73,2018-04-01 12:22:18,2018-07-01 15:58:20,2,0.725,92,3.0,B - High Value,Yes
3373,172,12641.44,73.5,157.6,2018-04-01 04:34:43,2018-07-01 15:34:26,0,0.0,92,1.87,B - High Value,No
3374,172,10158.12,59.06,126.49,2018-04-01 07:53:58,2018-07-01 09:18:56,0,0.0,92,1.87,B - High Value,No
3375,130,5033.46,38.72,82.87,2018-04-02 09:54:48,2018-07-01 20:48:33,1,0.769,91,1.43,C - Mid Value,Yes
3376,211,12821.84,60.77,516.6,2018-04-01 10:55:26,2018-07-01 15:31:08,2,0.948,92,2.29,B - High Value,Yes
3377,302,20993.07,69.51,179.76,2018-04-01 09:22:43,2018-07-01 22:17:09,4,1.325,92,3.28,A - Premium,Yes
3378,293,2370.39,8.09,17.79,2018-04-01 07:28:04,2018-07-01 08:03:34,4,1.365,92,3.18,D - Low Value,Yes
3379,251,4099.03,16.33,37.08,2018-04-01 02:20:32,2018-07-01 13:44:12,0,0.0,92,2.73,C - Mid Value,No
3380,175,13396.84,76.55,188.11,2018-04-01 04:04:05,2018-07-01 17:56:10,1,0.571,92,1.9,B - High Value,Yes
3381,330,25577.98,77.51,183.38,2018-04-01 06:21:00,2018-07-01 06:21:07,1,0.303,92,3.59,A - Premium,Yes
3382,97,4443.68,45.81,94.42,2018-04-02 16:29:55,2018-06-28 19:49:45,5,5.155,88,1.1,C - Mid Value,Yes
3383,186,12020.9,64.63,144.3,2018-04-02 09:26:58,2018-07-01 14:45:05,0,0.0,91,2.04,B - High Value,No
3384,37,1364.4,36.88,82.77,2018-04-13 04:56:11,2018-07-01 10:13:54,0,0.0,80,0.46,D - Low Value,No
3385,91,1531.7,16.83,36.8,2018-04-01 19:12:27,2018-07-01 07:26:26,0,0.0,91,1.0,D - Low Value,No
3386,97,9126.68,94.09,198.03,2018-04-01 07:03:59,2018-07-01 16:15:37,0,0.0,92,1.05,B - High Value,No
3387,265,16599.58,62.64,172.16,2018-04-01 01:05:34,2018-07-01 15:27:23,1,0.377,92,2.88,A - Premium,Yes
3388,47,1325.2,28.2,58.4,2018-04-01 09:09:53,2018-06-26 10:25:47,0,0.0,87,0.54,D - Low Value,No
3389,247,19537.06,79.1,186.3,2018-04-01 10:31:11,2018-07-01 20:41:39,2,0.81,92,2.68,A - Premium,Yes
3390,143,7513.35,52.54,121.57,2018-04-02 14:15:01,2018-06-30 17:07:02,0,0.0,90,1.59,B - High Value,No
3391,289,16848.57,58.3,126.01,2018-04-01 14:04:38,2018-07-01 14:45:12,1,0.346,92,3.14,A - Premium,Yes
3392,311,24303.85,78.15,206.16,2018-04-01 04:02:06,2018-07-01 13:45:22,0,0.0,92,3.38,A - Premium,No
3393,159,4919.53,30.94,75.5,2018-04-02 08:10:44,2018-07-01 10:56:13,3,1.887,91,1.75,C - Mid Value,Yes
3394,53,630.66,11.9,23.88,2018-04-01 04:28:36,2018-06-30 12:34:47,0,0.0,91,0.58,D - Low Value,No
3395,347,6038.64,17.4,41.76,2018-04-01 06:51:49,2018-07-01 15:19:02,2,0.576,92,3.77,C - Mid Value,Yes
3396,80,4901.91,61.27,148.42,2018-04-01 11:08:55,2018-06-30 08:25:10,0,0.0,90,0.89,C - Mid Value,No
3397,119,2042.12,17.16,37.85,2018-04-01 09:57:51,2018-07-01 18:03:04,0,0.0,92,1.29,D - Low Value,No
3398,15,403.78,26.92,60.45,2018-04-07 13:38:48,2018-06-14 09:00:12,0,0.0,68,0.22,D - Low Value,No
3399,209,2166.96,10.37,25.15,2018-04-01 10:23:29,2018-06-30 20:16:08,0,0.0,91,2.3,D - Low Value,No
3400,195,7573.61,38.84,95.15,2018-04-01 05:51:19,2018-07-01 19:52:06,0,0.0,92,2.12,B - High Value,No
3401,227,13672.15,60.23,146.93,2018-04-01 13:16:04,2018-07-01 14:26:35,5,2.203,92,2.47,B - High Value,Yes
3402,286,14825.08,51.84,112.37,2018-04-01 04:41:36,2018-07-01 17:16:21,0,0.0,92,3.11,A - Premium,No
3403,4,231.58,57.9,101.64,2018-04-25 05:54:47,2018-06-30 10:05:50,1,25.0,67,0.06,D - Low Value,Yes
3404,322,31931.86,99.17,229.6,2018-04-01 07:01:29,2018-07-01 18:27:25,3,0.932,92,3.5,A - Premium,Yes
3405,217,11777.59,54.27,107.13,2018-04-01 09:20:24,2018-07-01 06:16:20,1,0.461,91,2.38,B - High Value,Yes
3406,223,23612.09,105.88,696.95,2018-04-01 14:44:45,2018-07-01 15:42:30,17,7.623,92,2.42,A - Premium,Yes
3407,209,12096.09,57.88,119.0,2018-04-01 14:27:22,2018-07-01 16:27:54,0,0.0,92,2.27,B - High Value,No
3408,86,6668.14,77.54,191.32,2018-04-02 15:44:30,2018-06-28 14:45:08,0,0.0,87,0.99,C - Mid Value,No
3409,267,23513.87,88.07,223.56,2018-04-01 02:10:34,2018-06-30 09:22:33,4,1.498,91,2.93,A - Premium,Yes
3410,165,4780.8,28.97,72.43,2018-04-01 20:01:40,2018-06-30 14:36:15,2,1.212,90,1.83,C - Mid Value,Yes
3411,194,3188.93,16.44,106.55,2018-04-01 01:08:19,2018-07-01 22:08:09,2,1.031,92,2.11,C - Mid Value,Yes
3412,368,36661.61,99.62,207.31,2018-04-01 08:41:31,2018-07-01 18:54:28,0,0.0,92,4.0,A - Premium,No
3413,298,17155.75,57.57,137.82,2018-04-01 03:46:06,2018-07-01 18:13:43,0,0.0,92,3.24,A - Premium,No
3414,176,9570.39,54.38,110.79,2018-04-01 02:48:57,2018-07-01 13:30:46,0,0.0,92,1.91,B - High Value,No
3415,15,130.05,8.67,15.68,2018-04-04 22:04:30,2018-06-29 15:51:27,0,0.0,86,0.17,D - Low Value,No
3416,339,24408.82,72.0,163.92,2018-04-01 06:21:03,2018-07-01 19:31:57,2,0.59,92,3.68,A - Premium,Yes
3417,26,1400.49,53.86,132.43,2018-04-03 06:41:51,2018-07-01 20:05:17,0,0.0,90,0.29,D - Low Value,No
3418,4,285.81,71.45,104.97,2018-05-04 05:06:54,2018-07-01 01:57:57,0,0.0,58,0.07,D - Low Value,No
3419,123,826.15,6.72,13.53,2018-04-01 23:47:34,2018-07-01 18:52:53,0,0.0,91,1.35,D - Low Value,No
3420,113,9049.14,80.08,160.39,2018-04-01 16:34:43,2018-07-01 11:04:02,0,0.0,91,1.24,B - High Value,No
3421,210,19692.94,93.78,214.61,2018-04-02 15:19:55,2018-07-01 16:21:10,1,0.476,91,2.31,A - Premium,Yes
3422,306,12398.43,40.52,92.41,2018-04-01 10:36:00,2018-07-01 17:48:02,0,0.0,92,3.33,B - High Value,No
3423,255,4861.35,19.06,50.4,2018-04-01 14:36:36,2018-07-01 09:16:35,4,1.569,91,2.8,C - Mid Value,Yes
3424,205,9691.71,47.28,100.53,2018-04-01 02:32:53,2018-07-01 20:10:16,1,0.488,92,2.23,B - High Value,Yes
3425,74,5446.77,73.6,161.38,2018-04-01 00:34:45,2018-06-30 10:23:19,2,2.703,91,0.81,C - Mid Value,Yes
3426,262,1853.05,7.07,14.88,2018-04-01 14:06:04,2018-07-01 17:49:26,1,0.382,92,2.85,D - Low Value,Yes
3427,148,1102.27,7.45,15.26,2018-04-01 05:11:26,2018-07-01 14:49:16,0,0.0,92,1.61,D - Low Value,No
3428,234,10390.14,44.4,102.29,2018-04-01 09:54:44,2018-07-01 20:52:29,0,0.0,92,2.54,B - High Value,No
3429,84,4075.42,48.52,117.1,2018-04-01 09:41:12,2018-06-29 09:37:03,2,2.381,89,0.94,C - Mid Value,Yes
3430,218,19636.05,90.07,217.45,2018-04-01 10:57:08,2018-07-01 17:59:01,0,0.0,92,2.37,A - Premium,No
3431,293,25519.49,87.1,761.35,2018-04-01 00:47:24,2018-07-01 09:33:22,15,5.119,92,3.18,A - Premium,Yes
3432,212,13110.26,61.84,131.45,2018-04-01 05:20:53,2018-07-01 18:04:30,0,0.0,92,2.3,B - High Value,No
3433,267,19195.12,71.89,157.89,2018-04-01 16:13:04,2018-07-01 14:39:04,4,1.498,91,2.93,A - Premium,Yes
3434,19,1750.46,92.13,163.48,2018-04-05 14:49:51,2018-07-01 01:52:31,0,0.0,87,0.22,D - Low Value,No
3435,145,11854.26,81.75,196.28,2018-04-02 10:30:08,2018-06-29 17:33:54,0,0.0,89,1.63,B - High Value,No
3436,322,25398.74,78.88,229.62,2018-04-01 04:57:06,2018-07-01 15:35:29,2,0.621,92,3.5,A - Premium,Yes
3437,135,6052.25,44.83,102.84,2018-04-01 09:57:23,2018-06-30 17:08:42,1,0.741,91,1.48,C - Mid Value,Yes
3438,14,997.04,71.22,153.17,2018-04-03 17:25:48,2018-06-29 15:49:46,1,7.143,87,0.16,D - Low Value,Yes
3439,248,18155.72,73.21,172.68,2018-04-01 08:33:48,2018-07-01 15:15:22,0,0.0,92,2.7,A - Premium,No
3440,267,9085.2,34.03,72.88,2018-04-01 08:06:20,2018-07-01 16:31:16,2,0.749,92,2.9,B - High Value,Yes
3442,59,4677.21,79.27,181.26,2018-04-01 04:25:39,2018-07-01 04:09:01,0,0.0,91,0.65,C - Mid Value,No
3443,68,2105.18,30.96,63.24,2018-04-01 10:01:27,2018-07-01 05:39:02,0,0.0,91,0.75,D - Low Value,No
3444,95,8564.49,90.15,189.73,2018-04-01 17:26:37,2018-07-01 14:10:22,0,0.0,91,1.04,B - High Value,No
3445,330,21545.16,65.29,162.66,2018-04-01 00:34:14,2018-07-01 17:34:22,6,1.818,92,3.59,A - Premium,Yes
3446,131,6533.74,49.88,117.79,2018-04-01 12:30:17,2018-06-30 10:58:59,1,0.763,90,1.46,C - Mid Value,Yes
3447,170,10504.44,61.79,129.13,2018-04-01 12:17:09,2018-07-01 12:11:45,2,1.176,91,1.87,B - High Value,Yes
3448,79,9907.61,125.41,818.4,2018-04-01 07:36:34,2018-07-01 12:29:08,4,5.063,92,0.86,B - High Value,Yes
3449,261,21034.57,80.59,205.02,2018-04-01 09:08:39,2018-07-01 19:44:59,3,1.149,92,2.84,A - Premium,Yes
3450,157,13965.53,88.95,188.93,2018-04-01 07:21:00,2018-06-30 19:06:01,4,2.548,91,1.73,B - High Value,Yes
3451,353,32670.48,92.55,245.19,2018-04-01 04:17:10,2018-07-01 02:18:41,3,0.85,91,3.88,A - Premium,Yes
3452,205,2124.85,10.37,69.85,2018-04-01 04:52:42,2018-07-01 18:04:25,2,0.976,92,2.23,D - Low Value,Yes
3453,94,5151.18,54.8,122.95,2018-04-03 07:40:41,2018-07-01 11:22:20,0,0.0,90,1.04,C - Mid Value,No
3454,70,5374.8,76.78,131.73,2018-04-01 07:36:20,2018-07-01 12:23:06,0,0.0,92,0.76,C - Mid Value,No
3455,247,23309.04,94.37,241.17,2018-04-01 20:12:36,2018-07-01 18:17:35,2,0.81,91,2.71,A - Premium,Yes
3456,226,4692.59,20.76,48.5,2018-04-01 05:51:24,2018-07-01 16:36:11,1,0.442,92,2.46,C - Mid Value,Yes
3457,41,2822.18,68.83,132.87,2018-04-05 20:47:21,2018-06-29 16:05:49,1,2.439,85,0.48,C - Mid Value,Yes
3458,41,2859.46,69.74,132.1,2018-04-01 15:09:26,2018-07-01 18:47:28,0,0.0,92,0.45,C - Mid Value,No
3459,141,7640.93,54.19,117.46,2018-04-01 15:37:17,2018-06-30 20:30:17,3,2.128,91,1.55,B - High Value,Yes
3460,156,3263.66,20.92,53.51,2018-04-01 17:24:43,2018-07-01 23:14:36,4,2.564,92,1.7,C - Mid Value,Yes
3461,77,6431.25,83.52,158.94,2018-04-05 07:36:52,2018-07-01 13:15:55,0,0.0,88,0.88,C - Mid Value,No
3462,21,403.84,19.23,31.73,2018-04-07 15:49:22,2018-06-23 09:28:19,0,0.0,77,0.27,D - Low Value,No
3463,194,11290.26,58.2,130.65,2018-04-01 08:24:38,2018-07-01 22:52:51,0,0.0,92,2.11,B - High Value,No
3464,149,6420.36,43.09,89.27,2018-04-01 07:36:05,2018-07-01 07:07:56,0,0.0,91,1.64,C - Mid Value,No
3465,254,21937.67,86.37,197.46,2018-04-01 04:03:15,2018-07-01 21:44:24,3,1.181,92,2.76,A - Premium,Yes
3466,230,1664.18,7.24,18.25,2018-04-01 03:02:33,2018-07-01 20:11:05,0,0.0,92,2.5,D - Low Value,No
3467,24,952.3,39.68,72.94,2018-04-02 13:56:44,2018-06-28 09:41:43,1,4.167,87,0.28,D - Low Value,Yes
3468,321,16089.85,50.12,125.12,2018-04-01 06:46:24,2018-07-01 12:59:32,2,0.623,92,3.49,A - Premium,Yes
3469,345,24621.22,71.37,154.44,2018-04-01 05:36:49,2018-07-01 16:31:28,0,0.0,92,3.75,A - Premium,No
3470,190,7243.27,38.12,90.56,2018-04-01 17:50:15,2018-07-01 23:34:14,0,0.0,92,2.07,B - High Value,No
3471,100,1888.66,18.89,116.15,2018-04-01 06:53:01,2018-06-30 08:06:47,2,2.0,91,1.1,D - Low Value,Yes
3472,139,8000.79,57.56,127.06,2018-04-05 06:27:42,2018-07-01 18:56:53,0,0.0,88,1.58,B - High Value,No
3473,211,8144.49,38.6,77.01,2018-04-02 04:41:54,2018-07-01 18:59:29,1,0.474,91,2.32,B - High Value,Yes
3474,301,1692.76,5.62,13.8,2018-04-01 06:08:14,2018-07-01 20:42:24,0,0.0,92,3.27,D - Low Value,No
3475,127,3356.23,26.43,67.35,2018-04-02 09:15:56,2018-06-30 14:56:19,0,0.0,90,1.41,C - Mid Value,No
3476,22,134.77,6.13,10.01,2018-04-10 05:14:28,2018-07-01 14:10:16,0,0.0,83,0.27,D - Low Value,No
3477,221,16107.79,72.89,174.63,2018-04-02 04:55:56,2018-07-01 22:29:52,2,0.905,91,2.43,A - Premium,Yes
3478,4,237.88,59.47,104.5,2018-04-30 11:58:16,2018-06-27 15:14:08,0,0.0,59,0.07,D - Low Value,No
3479,97,1175.19,12.12,22.72,2018-04-01 03:56:16,2018-07-01 17:51:56,2,2.062,92,1.05,D - Low Value,Yes
3480,297,24362.88,82.03,223.53,2018-04-01 08:31:05,2018-07-01 22:35:36,1,0.337,92,3.23,A - Premium,Yes
3481,92,5974.32,64.94,129.16,2018-04-01 01:24:08,2018-06-30 08:06:18,0,0.0,91,1.01,C - Mid Value,No
3482,97,1332.59,13.74,30.92,2018-04-01 04:23:52,2018-07-01 15:31:19,0,0.0,92,1.05,D - Low Value,No
3483,273,26541.41,97.22,221.87,2018-04-01 16:12:09,2018-07-01 23:14:13,5,1.832,92,2.97,A - Premium,Yes
3484,271,18183.21,67.1,155.05,2018-04-01 07:15:45,2018-07-01 15:35:23,1,0.369,92,2.95,A - Premium,Yes
3485,281,3136.38,11.16,25.48,2018-04-01 09:46:22,2018-06-30 16:20:44,1,0.356,91,3.09,C - Mid Value,Yes
3486,171,17084.11,99.91,214.28,2018-04-01 09:35:05,2018-06-30 17:56:00,0,0.0,91,1.88,A - Premium,No
3487,208,19878.25,95.57,242.27,2018-04-01 04:50:10,2018-07-01 23:46:15,1,0.481,92,2.26,A - Premium,Yes
3488,107,6205.94,58.0,132.49,2018-04-02 04:54:13,2018-06-30 11:33:32,0,0.0,90,1.19,C - Mid Value,No
3489,164,12114.72,73.87,174.51,2018-04-01 08:21:30,2018-07-01 09:20:56,0,0.0,92,1.78,B - High Value,No
3490,208,2631.18,12.65,28.52,2018-04-01 03:41:25,2018-07-01 15:57:04,0,0.0,92,2.26,D - Low Value,No
3491,109,2433.98,22.33,45.44,2018-04-01 15:44:05,2018-07-01 02:35:06,0,0.0,91,1.2,D - Low Value,No
3492,257,1631.76,6.35,15.74,2018-04-01 08:26:37,2018-07-01 15:05:57,1,0.389,92,2.79,D - Low Value,Yes
3493,312,5847.1,18.74,53.59,2018-04-01 11:50:20,2018-07-01 12:59:29,3,0.962,92,3.39,C - Mid Value,Yes
3494,169,23642.51,139.9,1066.8,2018-04-01 10:59:56,2018-07-01 15:40:11,12,7.101,92,1.84,A - Premium,Yes
3495,256,3861.04,15.08,36.83,2018-04-01 13:05:57,2018-07-01 11:16:38,4,1.562,91,2.81,C - Mid Value,Yes
3496,325,8934.78,27.49,60.61,2018-04-01 12:11:57,2018-07-01 20:25:53,0,0.0,92,3.53,B - High Value,No
3497,161,16611.29,103.18,214.17,2018-04-01 06:42:15,2018-07-01 12:54:58,1,0.621,92,1.75,A - Premium,Yes
3498,227,12565.97,55.36,132.56,2018-04-01 04:54:46,2018-07-01 12:22:43,0,0.0,92,2.47,B - High Value,No
3499,51,3973.53,77.91,191.89,2018-04-05 07:21:30,2018-07-01 13:05:43,1,1.961,88,0.58,C - Mid Value,Yes
3500,340,2745.08,8.07,19.3,2018-04-01 03:46:08,2018-07-01 12:29:32,0,0.0,92,3.7,D - Low Value,No
3501,161,14220.73,88.33,222.83,2018-04-01 06:37:01,2018-07-01 15:36:42,2,1.242,92,1.75,B - High Value,Yes
3502,114,1471.95,12.91,32.4,2018-04-01 06:03:10,2018-07-01 13:44:36,1,0.877,92,1.24,D - Low Value,Yes
3503,352,16944.52,48.14,102.5,2018-04-01 05:29:55,2018-07-01 14:57:20,1,0.284,92,3.83,A - Premium,Yes
3504,301,13588.42,45.14,94.99,2018-04-01 19:33:23,2018-07-01 22:29:58,1,0.332,92,3.27,B - High Value,Yes
3505,145,13878.22,95.71,223.79,2018-04-01 16:43:42,2018-07-01 20:31:35,1,0.69,92,1.58,B - High Value,Yes
3506,358,15931.32,44.5,104.19,2018-04-01 09:43:08,2018-07-01 17:52:59,0,0.0,92,3.89,A - Premium,No
3507,311,18799.78,60.45,488.9,2018-04-01 05:13:41,2018-07-01 23:09:29,16,5.145,92,3.38,A - Premium,Yes
3508,96,750.25,7.82,16.51,2018-04-03 08:31:03,2018-07-01 13:05:34,0,0.0,90,1.07,D - Low Value,No
3509,42,443.2,10.55,21.24,2018-04-02 05:50:41,2018-06-29 07:36:37,0,0.0,89,0.47,D - Low Value,No
3510,300,29448.2,98.16,251.6,2018-04-01 15:47:21,2018-07-01 08:04:09,2,0.667,91,3.3,A - Premium,Yes
3511,253,3841.95,15.19,46.13,2018-04-01 05:35:43,2018-07-01 18:04:51,0,0.0,92,2.75,C - Mid Value,No
3512,182,5832.94,32.05,70.9,2018-04-01 10:34:08,2018-07-01 10:28:52,2,1.099,91,2.0,C - Mid Value,Yes
3513,47,3364.28,71.58,140.53,2018-04-01 04:23:36,2018-06-30 09:00:28,0,0.0,91,0.52,C - Mid Value,No
3514,296,27585.16,93.19,216.51,2018-04-01 03:36:15,2018-07-01 15:02:46,1,0.338,92,3.22,A - Premium,Yes
3515,83,899.7,10.84,21.23,2018-04-01 08:28:36,2018-07-01 15:41:45,0,0.0,92,0.9,D - Low Value,No
3516,283,26573.03,93.9,202.37,2018-04-01 05:15:14,2018-07-01 12:30:16,0,0.0,92,3.08,A - Premium,No
3517,214,21369.18,99.86,200.02,2018-04-01 06:31:55,2018-07-01 11:21:47,0,0.0,92,2.33,A - Premium,No
3518,106,2397.52,22.62,62.99,2018-04-03 09:12:27,2018-07-01 21:43:45,0,0.0,90,1.18,D - Low Value,No
3519,69,1850.06,26.81,55.65,2018-04-03 09:24:14,2018-06-30 02:08:31,0,0.0,88,0.78,D - Low Value,No
3520,283,12003.44,42.41,89.23,2018-04-01 07:52:27,2018-07-01 15:44:35,0,0.0,92,3.08,B - High Value,No
3521,84,6682.04,79.55,190.41,2018-04-02 02:33:50,2018-07-01 05:43:35,0,0.0,91,0.92,C - Mid Value,No
3522,287,15120.78,52.69,123.78,2018-04-01 03:29:30,2018-07-01 17:10:23,0,0.0,92,3.12,A - Premium,No
3523,150,13840.58,92.27,175.21,2018-04-01 20:04:44,2018-07-01 18:44:17,3,2.0,91,1.65,B - High Value,Yes
3524,225,12658.38,56.26,131.54,2018-04-01 09:44:03,2018-07-01 21:23:17,1,0.444,92,2.45,B - High Value,Yes
3525,186,9070.02,48.76,108.22,2018-04-02 15:21:10,2018-07-01 14:34:55,0,0.0,90,2.07,B - High Value,No
3526,121,4167.94,34.45,70.8,2018-04-01 15:00:02,2018-07-01 16:35:29,1,0.826,92,1.32,C - Mid Value,Yes
3527,86,8581.64,99.79,186.03,2018-04-03 17:44:39,2018-06-29 22:23:01,2,2.326,88,0.98,B - High Value,Yes
3528,332,16157.8,48.67,120.46,2018-04-01 02:33:29,2018-07-01 18:04:58,0,0.0,92,3.61,A - Premium,No
3529,329,22827.21,69.38,163.1,2018-04-01 20:07:53,2018-07-01 15:45:45,0,0.0,91,3.62,A - Premium,No
3530,1,41.2,41.2,41.2,2018-05-04 16:58:13,2018-05-04 16:58:13,0,0.0,1,1.0,D - Low Value,No
3531,60,2831.29,47.19,93.16,2018-04-02 14:20:03,2018-07-01 14:15:39,0,0.0,90,0.67,C - Mid Value,No
3532,179,7917.23,44.23,114.47,2018-04-01 05:09:43,2018-07-01 13:28:17,0,0.0,92,1.95,B - High Value,No
3533,134,9182.05,68.52,148.8,2018-04-01 09:52:38,2018-07-01 18:08:07,4,2.985,92,1.46,B - High Value,Yes
3534,145,6669.58,46.0,100.63,2018-04-01 06:13:35,2018-07-01 11:57:40,0,0.0,92,1.58,C - Mid Value,No
3535,217,16605.28,76.52,208.74,2018-04-01 10:05:15,2018-07-01 10:16:06,0,0.0,92,2.36,A - Premium,No
3536,126,8625.95,68.46,141.1,2018-04-01 11:06:26,2018-07-01 12:34:55,0,0.0,92,1.37,B - High Value,No
3537,217,7062.08,32.54,67.67,2018-04-01 06:30:11,2018-07-01 06:57:20,2,0.922,92,2.36,C - Mid Value,Yes
3538,122,6543.73,53.64,124.8,2018-04-01 16:58:41,2018-06-29 10:22:47,0,0.0,89,1.37,C - Mid Value,No
3539,188,7623.16,40.55,95.33,2018-04-01 09:56:32,2018-07-01 17:35:29,0,0.0,92,2.04,B - High Value,No
3540,76,6878.25,90.5,169.84,2018-04-01 03:14:45,2018-07-01 12:06:22,1,1.316,92,0.83,C - Mid Value,Yes
3541,116,2696.22,23.24,60.26,2018-04-01 08:52:07,2018-07-01 14:48:28,0,0.0,92,1.26,D - Low Value,No
3542,334,12318.37,36.88,84.94,2018-04-02 01:00:04,2018-07-01 16:26:47,0,0.0,91,3.67,B - High Value,No
3543,198,11324.32,57.19,140.53,2018-04-01 03:09:59,2018-07-01 13:49:02,0,0.0,92,2.15,B - High Value,No
3544,138,13394.21,97.06,282.65,2018-04-02 06:42:59,2018-07-01 11:26:57,5,3.623,91,1.52,B - High Value,Yes
3545,24,1612.42,67.18,123.13,2018-04-06 01:19:17,2018-06-29 15:39:20,0,0.0,85,0.28,D - Low Value,No
3546,280,12628.15,45.1,92.07,2018-04-01 13:30:40,2018-07-01 10:22:11,0,0.0,91,3.08,B - High Value,No
3547,93,5853.01,62.94,128.73,2018-04-01 04:36:10,2018-07-01 12:07:56,0,0.0,92,1.01,C - Mid Value,No
3548,241,15944.81,66.16,136.11,2018-04-01 07:49:37,2018-07-01 13:08:17,1,0.415,92,2.62,A - Premium,Yes
3549,309,5398.38,17.47,44.49,2018-04-01 08:52:00,2018-07-01 19:01:21,1,0.324,92,3.36,C - Mid Value,Yes
3550,180,4258.31,23.66,61.19,2018-04-01 01:32:21,2018-07-01 15:40:48,2,1.111,92,1.96,C - Mid Value,Yes
3551,85,4023.47,47.33,96.23,2018-04-01 03:46:22,2018-07-01 10:19:22,1,1.176,92,0.92,C - Mid Value,Yes
3552,301,11473.11,38.12,116.25,2018-04-01 07:46:04,2018-07-01 17:16:43,0,0.0,92,3.27,B - High Value,No
3553,257,25435.9,98.97,284.52,2018-04-01 09:30:21,2018-07-01 10:10:35,3,1.167,92,2.79,A - Premium,Yes
3554,62,5408.15,87.23,165.48,2018-04-04 12:14:40,2018-06-30 17:40:37,0,0.0,88,0.7,C - Mid Value,No
3555,69,6705.7,97.18,197.93,2018-04-01 04:58:45,2018-07-01 10:43:24,0,0.0,92,0.75,C - Mid Value,No
3556,182,10873.84,59.75,146.02,2018-04-01 01:35:31,2018-07-01 17:19:59,0,0.0,92,1.98,B - High Value,No
3557,136,3826.27,28.13,66.59,2018-04-02 21:38:22,2018-07-01 07:27:44,0,0.0,90,1.51,C - Mid Value,No
3558,294,11705.71,39.82,93.07,2018-04-01 02:09:23,2018-07-01 04:53:57,0,0.0,92,3.2,B - High Value,No
3559,35,3393.84,96.97,181.68,2018-04-03 16:49:44,2018-06-26 11:16:11,0,0.0,84,0.42,C - Mid Value,No
3560,220,14775.61,67.16,138.52,2018-04-01 18:55:59,2018-07-01 21:45:26,0,0.0,92,2.39,A - Premium,No
3561,330,2778.72,8.42,18.73,2018-04-01 13:56:56,2018-07-01 20:03:34,0,0.0,92,3.59,D - Low Value,No
3562,110,5886.97,53.52,118.11,2018-04-01 10:06:03,2018-07-01 12:27:20,0,0.0,92,1.2,C - Mid Value,No
3563,11,992.19,90.2,153.87,2018-04-06 08:43:52,2018-06-24 10:39:24,0,0.0,80,0.14,D - Low Value,No
3564,242,24212.3,100.05,217.48,2018-04-01 05:21:06,2018-07-01 14:52:06,2,0.826,92,2.63,A - Premium,Yes
3565,281,2746.31,9.77,22.31,2018-04-01 07:49:27,2018-07-01 13:34:07,0,0.0,92,3.05,D - Low Value,No
3566,142,9211.91,64.87,464.95,2018-04-01 08:45:13,2018-06-30 19:55:54,12,8.451,91,1.56,B - High Value,Yes
3567,202,8998.64,44.55,118.68,2018-04-01 05:16:40,2018-07-01 10:06:35,2,0.99,92,2.2,B - High Value,Yes
3568,29,866.49,29.88,57.72,2018-04-01 17:15:39,2018-06-30 23:23:50,0,0.0,91,0.32,D - Low Value,No
3569,20,209.09,10.45,21.04,2018-04-03 04:58:20,2018-07-01 14:59:16,0,0.0,90,0.22,D - Low Value,No
3570,327,10321.31,31.56,77.85,2018-04-01 08:52:51,2018-07-01 16:12:32,7,2.141,92,3.55,B - High Value,Yes
3571,277,17026.3,61.47,538.85,2018-04-01 08:07:37,2018-07-01 10:45:25,8,2.888,92,3.01,A - Premium,Yes
3572,252,21947.22,87.09,208.72,2018-04-01 06:01:16,2018-07-01 17:57:53,0,0.0,92,2.74,A - Premium,No
3573,217,18947.77,87.32,193.68,2018-04-01 05:45:19,2018-07-01 10:16:25,0,0.0,92,2.36,A - Premium,No
3574,142,12223.71,86.08,237.43,2018-04-01 06:04:54,2018-07-01 12:11:09,1,0.704,92,1.54,B - High Value,Yes
3575,196,17007.76,86.77,192.1,2018-04-01 06:21:07,2018-07-01 11:01:02,0,0.0,92,2.13,A - Premium,No
3576,186,7844.36,42.17,95.71,2018-04-01 12:01:34,2018-07-01 08:12:02,1,0.538,91,2.04,B - High Value,Yes
3577,275,18163.18,66.05,143.23,2018-04-01 06:15:40,2018-07-01 17:46:52,0,0.0,92,2.99,A - Premium,No
3578,314,25845.09,82.31,217.92,2018-04-01 08:36:44,2018-07-01 11:34:47,1,0.318,92,3.41,A - Premium,Yes
3579,91,1744.33,19.17,40.89,2018-04-02 15:01:46,2018-07-01 10:59:50,0,0.0,90,1.01,D - Low Value,No
3580,141,1722.37,12.22,95.6,2018-04-01 05:40:11,2018-07-01 19:41:38,9,6.383,92,1.53,D - Low Value,Yes
3581,113,10952.95,96.93,210.0,2018-04-01 02:39:14,2018-07-01 17:35:02,4,3.54,92,1.23,B - High Value,Yes
3582,301,15329.29,50.93,103.73,2018-04-01 13:02:55,2018-07-01 14:55:01,0,0.0,92,3.27,A - Premium,No
3583,13,107.34,8.26,12.53,2018-04-02 13:55:50,2018-07-01 15:17:39,0,0.0,91,0.14,D - Low Value,No
3584,183,9645.57,52.71,121.98,2018-04-01 06:33:43,2018-07-01 15:12:28,0,0.0,92,1.99,B - High Value,No
3585,192,14750.24,76.82,169.54,2018-04-01 11:29:07,2018-06-30 16:44:52,1,0.521,91,2.11,A - Premium,Yes
3586,82,6713.42,81.87,161.45,2018-04-02 12:18:44,2018-06-27 12:38:07,0,0.0,87,0.94,C - Mid Value,No
3587,100,5501.08,55.01,119.27,2018-04-01 08:26:51,2018-07-01 17:00:28,1,1.0,92,1.09,C - Mid Value,Yes
3588,92,3251.2,35.34,69.75,2018-04-01 12:58:35,2018-06-30 10:16:42,0,0.0,90,1.02,C - Mid Value,No
3589,16,1044.83,65.3,111.09,2018-04-14 03:27:57,2018-07-01 09:10:26,0,0.0,79,0.2,D - Low Value,No
3590,81,2956.2,36.5,83.8,2018-04-02 07:54:37,2018-07-01 03:57:04,0,0.0,90,0.9,C - Mid Value,No
3591,47,3367.28,71.64,145.89,2018-04-03 09:36:47,2018-07-01 16:21:51,0,0.0,90,0.52,C - Mid Value,No
3592,62,2889.86,46.61,85.15,2018-04-02 06:37:21,2018-06-27 09:42:44,0,0.0,87,0.71,C - Mid Value,No
3593,118,2238.29,18.97,42.57,2018-04-02 20:04:51,2018-07-01 10:17:37,0,0.0,90,1.31,D - Low Value,No
3594,205,16150.97,78.79,186.08,2018-04-02 07:27:57,2018-07-01 23:28:28,5,2.439,91,2.25,A - Premium,Yes
3595,277,17692.23,63.87,141.56,2018-04-01 05:10:17,2018-07-01 09:12:00,1,0.361,92,3.01,A - Premium,Yes
3596,54,3070.76,56.87,113.43,2018-04-03 17:52:13,2018-06-30 13:52:06,0,0.0,88,0.61,C - Mid Value,No
3597,311,9256.62,29.76,75.59,2018-04-01 05:15:10,2018-07-01 19:14:13,0,0.0,92,3.38,B - High Value,No
3598,282,2074.23,7.36,16.24,2018-04-01 09:16:45,2018-07-01 09:35:36,1,0.355,92,3.07,D - Low Value,Yes
3599,152,9980.27,65.66,154.23,2018-04-01 09:56:22,2018-07-01 16:37:45,0,0.0,92,1.65,B - High Value,No
3600,87,704.74,8.1,19.65,2018-04-01 01:50:46,2018-06-29 18:26:30,0,0.0,90,0.97,D - Low Value,No
3601,73,4099.57,56.16,114.93,2018-04-02 10:27:56,2018-07-01 10:18:18,1,1.37,90,0.81,C - Mid Value,Yes
3602,67,6024.89,89.92,174.71,2018-04-01 07:30:38,2018-07-01 16:04:10,0,0.0,92,0.73,C - Mid Value,No
3603,64,3682.1,57.53,125.95,2018-04-03 08:15:09,2018-06-28 15:29:16,0,0.0,87,0.74,C - Mid Value,No
3604,207,18185.57,87.85,189.85,2018-04-01 02:26:25,2018-07-01 14:50:23,4,1.932,92,2.25,A - Premium,Yes
3605,230,1726.78,7.51,16.8,2018-04-01 05:03:32,2018-07-01 14:40:05,2,0.87,92,2.5,D - Low Value,Yes
3606,256,25271.48,98.72,237.49,2018-04-01 03:02:46,2018-07-01 18:50:25,1,0.391,92,2.78,A - Premium,Yes
3607,142,8095.19,57.01,140.03,2018-04-02 05:16:03,2018-07-01 14:44:55,1,0.704,91,1.56,B - High Value,Yes
3608,7,365.41,52.2,71.04,2018-04-04 11:42:59,2018-06-29 08:40:21,0,0.0,86,0.08,D - Low Value,No
3609,24,1830.84,76.28,139.75,2018-04-04 07:09:59,2018-06-28 13:49:05,0,0.0,86,0.28,D - Low Value,No
3610,85,1876.87,22.08,52.06,2018-04-02 03:26:26,2018-07-01 16:44:42,1,1.176,91,0.93,D - Low Value,Yes
3611,45,1707.67,37.95,71.63,2018-04-02 06:23:10,2018-07-01 16:58:54,0,0.0,91,0.49,D - Low Value,No
3612,359,2027.4,5.65,16.18,2018-04-01 13:01:05,2018-07-01 17:26:46,2,0.557,92,3.9,D - Low Value,Yes
3614,109,3211.61,29.46,62.16,2018-04-01 09:03:57,2018-06-30 07:41:53,1,0.917,90,1.21,C - Mid Value,Yes
3615,341,6639.28,19.47,46.92,2018-04-01 00:53:28,2018-07-01 09:57:39,1,0.293,92,3.71,C - Mid Value,Yes
3616,267,26343.02,98.66,266.52,2018-04-01 16:40:13,2018-07-01 14:12:06,1,0.375,91,2.93,A - Premium,Yes
3617,5,279.73,55.95,88.16,2018-04-20 22:57:45,2018-06-06 11:40:07,0,0.0,47,0.11,D - Low Value,No
3618,327,21256.46,65.0,148.43,2018-04-01 01:37:17,2018-07-01 13:54:09,2,0.612,92,3.55,A - Premium,Yes
3619,107,5690.83,53.19,135.61,2018-04-02 03:23:35,2018-07-01 09:56:43,0,0.0,91,1.18,C - Mid Value,No
3620,302,5278.81,17.48,39.97,2018-04-01 07:00:28,2018-07-01 16:45:09,1,0.331,92,3.28,C - Mid Value,Yes
3621,35,1977.96,56.51,122.82,2018-04-02 16:14:34,2018-06-28 22:17:21,0,0.0,88,0.4,D - Low Value,No
3622,92,8223.25,89.38,174.53,2018-04-03 14:25:05,2018-07-01 20:04:46,0,0.0,90,1.02,B - High Value,No
3623,10,236.71,23.67,38.96,2018-04-01 19:57:40,2018-06-16 11:03:05,0,0.0,76,0.13,D - Low Value,No
3624,284,23110.69,81.38,620.8,2018-04-01 15:11:52,2018-07-01 18:31:01,19,6.69,92,3.09,A - Premium,Yes
3625,272,11800.94,43.39,113.63,2018-04-01 12:53:49,2018-07-01 21:36:38,2,0.735,92,2.96,B - High Value,Yes
3626,297,17822.47,60.01,130.85,2018-04-01 09:21:51,2018-07-01 14:10:13,0,0.0,92,3.23,A - Premium,No
3627,161,5642.59,35.05,239.9,2018-04-01 12:17:13,2018-07-01 07:12:05,8,4.969,91,1.77,C - Mid Value,Yes
3628,352,28812.81,81.85,191.89,2018-04-01 10:03:09,2018-07-01 20:48:57,0,0.0,92,3.83,A - Premium,No
3629,161,13991.77,86.91,210.79,2018-04-01 04:58:49,2018-07-01 12:58:11,0,0.0,92,1.75,B - High Value,No
3630,303,14221.72,46.94,114.49,2018-04-01 10:14:22,2018-07-01 22:05:34,1,0.33,92,3.29,B - High Value,Yes
3632,8,669.49,83.69,139.21,2018-04-04 12:03:34,2018-06-24 19:22:43,0,0.0,82,0.1,D - Low Value,No
3633,93,1718.93,18.48,37.57,2018-04-04 03:11:10,2018-07-01 17:04:18,0,0.0,89,1.04,D - Low Value,No
3634,165,12128.08,73.5,180.56,2018-04-01 10:50:57,2018-07-01 14:45:19,0,0.0,92,1.79,B - High Value,No
3635,51,3346.92,65.63,153.2,2018-04-01 02:39:56,2018-06-29 09:24:39,0,0.0,90,0.57,C - Mid Value,No
3636,70,1951.64,27.88,76.15,2018-04-02 02:43:10,2018-06-30 18:52:43,0,0.0,90,0.78,D - Low Value,No
3637,75,4653.4,62.05,129.85,2018-04-01 16:13:55,2018-07-01 15:35:35,0,0.0,91,0.82,C - Mid Value,No
3638,21,1286.53,61.26,119.67,2018-04-03 22:18:47,2018-07-01 10:08:06,0,0.0,89,0.24,D - Low Value,No
3639,176,2807.66,15.95,37.18,2018-04-01 07:23:07,2018-07-01 23:46:49,1,0.568,92,1.91,C - Mid Value,Yes
3640,267,16717.58,62.61,148.96,2018-04-01 09:57:37,2018-07-01 15:22:45,3,1.124,92,2.9,A - Premium,Yes
3641,47,523.93,11.15,22.56,2018-04-02 02:07:47,2018-06-29 20:28:42,0,0.0,89,0.53,D - Low Value,No
3643,156,17837.5,114.34,754.8,2018-04-01 03:46:51,2018-07-01 11:22:16,7,4.487,92,1.7,A - Premium,Yes
3644,178,6694.64,37.61,81.04,2018-04-01 01:48:09,2018-07-01 18:04:11,1,0.562,92,1.93,C - Mid Value,Yes
3645,2,143.75,71.88,107.44,2018-05-05 08:38:06,2018-06-15 21:23:00,0,0.0,42,0.05,D - Low Value,No
3646,184,17355.88,94.33,231.1,2018-04-03 09:28:56,2018-07-01 20:46:57,4,2.174,90,2.04,A - Premium,Yes
3647,43,1641.7,38.18,71.47,2018-04-02 13:51:47,2018-07-01 12:29:37,0,0.0,90,0.48,D - Low Value,No
3648,60,3635.36,60.59,134.31,2018-04-01 06:32:47,2018-07-01 10:51:15,0,0.0,92,0.65,C - Mid Value,No
3649,209,8616.85,41.23,88.71,2018-04-01 08:31:26,2018-07-01 15:13:11,0,0.0,92,2.27,B - High Value,No
3650,278,9702.15,34.9,253.05,2018-04-01 11:25:52,2018-07-01 23:48:13,9,3.237,92,3.02,B - High Value,Yes
3651,364,6337.08,17.41,152.5,2018-04-01 06:54:27,2018-07-01 19:14:11,15,4.121,92,3.96,C - Mid Value,Yes
3652,211,25577.48,121.22,648.95,2018-04-01 09:29:53,2018-07-01 18:43:47,13,6.161,92,2.29,A - Premium,Yes
3653,348,19560.05,56.21,128.12,2018-04-01 03:00:42,2018-06-30 16:47:54,0,0.0,91,3.82,A - Premium,No
3654,164,2342.63,14.28,33.49,2018-04-01 11:43:48,2018-07-01 11:40:09,0,0.0,91,1.8,D - Low Value,No
3655,271,9505.21,35.07,87.37,2018-04-01 07:52:02,2018-07-01 20:42:45,1,0.369,92,2.95,B - High Value,Yes
3656,76,4753.53,62.55,125.06,2018-04-01 14:08:11,2018-07-01 23:54:47,1,1.316,92,0.83,C - Mid Value,Yes
3657,240,6852.46,28.55,64.83,2018-04-01 00:57:30,2018-07-01 17:02:39,0,0.0,92,2.61,C - Mid Value,No
3658,235,17212.98,73.25,174.82,2018-04-01 08:12:58,2018-07-01 15:18:19,0,0.0,92,2.55,A - Premium,No
3659,42,759.87,18.09,123.15,2018-04-05 09:58:50,2018-07-01 06:08:58,2,4.762,87,0.48,D - Low Value,Yes
3661,193,12887.21,66.77,185.55,2018-04-02 02:49:47,2018-07-01 21:06:03,0,0.0,91,2.12,B - High Value,No
3662,153,9383.55,61.33,154.6,2018-04-01 05:59:39,2018-07-01 17:27:07,0,0.0,92,1.66,B - High Value,No
3663,99,9454.76,95.5,210.18,2018-04-01 12:42:32,2018-07-01 17:14:08,1,1.01,92,1.08,B - High Value,Yes
3664,97,5287.91,54.51,119.02,2018-04-02 06:28:00,2018-07-01 12:14:33,1,1.031,91,1.07,C - Mid Value,Yes
3665,124,1886.48,15.21,31.99,2018-04-02 09:14:13,2018-06-29 11:34:38,1,0.806,89,1.39,D - Low Value,Yes
3666,216,6229.95,28.84,68.36,2018-04-01 06:28:26,2018-07-01 13:58:50,1,0.463,92,2.35,C - Mid Value,Yes
3667,44,1745.41,39.67,84.46,2018-04-01 07:55:36,2018-06-25 15:23:34,0,0.0,86,0.51,D - Low Value,No
3668,370,19862.24,53.68,115.34,2018-04-01 12:21:47,2018-07-01 20:06:58,1,0.27,92,4.02,A - Premium,Yes
3669,78,5411.09,69.37,150.11,2018-04-01 08:59:00,2018-07-01 21:25:53,0,0.0,92,0.85,C - Mid Value,No
3670,232,12145.64,52.35,110.16,2018-04-02 06:39:25,2018-07-01 15:52:46,2,0.862,91,2.55,B - High Value,Yes
3671,304,12145.4,39.95,89.58,2018-04-01 00:21:06,2018-07-01 23:58:10,0,0.0,92,3.3,B - High Value,No
3672,94,8602.22,91.51,230.87,2018-04-01 05:59:53,2018-07-01 09:14:55,1,1.064,92,1.02,B - High Value,Yes
3673,126,12908.81,102.45,222.11,2018-04-01 13:22:15,2018-07-01 12:54:54,4,3.175,91,1.38,B - High Value,Yes
3674,306,26893.8,87.89,207.68,2018-04-01 02:22:38,2018-07-01 22:13:21,0,0.0,92,3.33,A - Premium,No
3675,102,8288.29,81.26,181.09,2018-04-02 04:10:07,2018-07-01 08:36:44,0,0.0,91,1.12,B - High Value,No
3676,97,6172.07,63.63,133.51,2018-04-03 10:17:18,2018-07-01 16:07:07,0,0.0,90,1.08,C - Mid Value,No
3677,301,2355.0,7.82,19.05,2018-04-01 10:05:12,2018-07-01 15:16:12,0,0.0,92,3.27,D - Low Value,No
3678,274,2294.66,8.37,54.05,2018-04-01 08:12:50,2018-07-01 10:43:16,15,5.474,92,2.98,D - Low Value,Yes
3679,1,62.73,62.73,62.73,2018-04-23 17:13:49,2018-04-23 17:13:49,0,0.0,1,1.0,D - Low Value,No
3680,121,11427.62,94.44,195.6,2018-04-01 13:52:46,2018-07-01 13:31:26,0,0.0,91,1.33,B - High Value,No
3681,156,14361.92,92.06,239.9,2018-04-01 06:30:27,2018-07-01 20:40:36,1,0.641,92,1.7,A - Premium,Yes
3682,325,28473.16,87.61,213.83,2018-04-01 06:18:01,2018-07-01 08:52:15,0,0.0,92,3.53,A - Premium,No
3683,69,3156.5,45.75,95.62,2018-04-03 08:27:10,2018-06-30 05:00:47,0,0.0,88,0.78,C - Mid Value,No
3684,108,7387.64,68.4,127.28,2018-04-01 07:47:08,2018-07-01 14:43:07,0,0.0,92,1.17,B - High Value,No
3685,216,6504.36,30.11,66.63,2018-04-01 03:18:33,2018-07-01 07:31:37,0,0.0,92,2.35,C - Mid Value,No
3686,75,4742.43,63.23,128.37,2018-04-02 07:08:21,2018-07-01 16:22:54,1,1.333,91,0.82,C - Mid Value,Yes
3687,171,11474.36,67.1,155.08,2018-04-02 11:34:26,2018-07-01 17:16:54,2,1.17,91,1.88,B - High Value,Yes
3688,160,5911.61,36.95,87.14,2018-04-01 03:08:42,2018-07-01 13:42:04,1,0.625,92,1.74,C - Mid Value,Yes
3689,64,324.99,5.08,11.73,2018-04-02 04:37:20,2018-06-30 12:05:34,1,1.562,90,0.71,D - Low Value,Yes
3690,282,20080.49,71.21,195.65,2018-04-01 07:19:49,2018-07-01 06:53:19,0,0.0,91,3.1,A - Premium,No
3691,162,6847.63,42.27,90.55,2018-04-01 10:01:54,2018-07-01 18:53:02,0,0.0,92,1.76,C - Mid Value,No
3692,287,15620.27,54.43,145.29,2018-04-01 13:31:28,2018-07-01 16:25:33,0,0.0,92,3.12,A - Premium,No
3693,206,19959.7,96.89,233.11,2018-04-01 02:34:59,2018-07-01 09:31:56,2,0.971,92,2.24,A - Premium,Yes
3694,333,31444.48,94.43,231.08,2018-04-01 06:20:38,2018-07-01 08:40:14,2,0.601,92,3.62,A - Premium,Yes
3695,347,7112.88,20.5,42.27,2018-04-01 09:39:30,2018-07-01 16:13:34,4,1.153,92,3.77,C - Mid Value,Yes
3696,122,3414.04,27.98,245.0,2018-04-02 07:34:29,2018-07-01 05:18:46,5,4.098,90,1.36,C - Mid Value,Yes
3697,17,1447.29,85.13,143.05,2018-04-14 15:35:13,2018-06-29 03:00:39,0,0.0,76,0.22,D - Low Value,No
3698,206,21613.14,104.92,901.8,2018-04-01 03:45:38,2018-07-01 19:53:38,5,2.427,92,2.24,A - Premium,Yes
3699,349,18353.5,52.59,117.82,2018-04-01 05:35:32,2018-07-01 16:30:50,1,0.287,92,3.79,A - Premium,Yes
3700,351,21899.76,62.39,133.72,2018-04-01 00:20:48,2018-07-01 14:19:10,0,0.0,92,3.82,A - Premium,No
3701,55,900.79,16.38,32.28,2018-04-02 23:14:59,2018-07-01 05:23:13,0,0.0,90,0.61,D - Low Value,No
3702,201,19014.54,94.6,212.14,2018-04-01 07:54:05,2018-07-01 06:09:35,1,0.498,91,2.21,A - Premium,Yes
3703,22,300.18,13.64,21.56,2018-04-06 11:41:03,2018-07-01 16:55:08,0,0.0,87,0.25,D - Low Value,No
3704,296,11621.81,39.26,86.48,2018-04-01 09:52:26,2018-07-01 18:26:20,7,2.365,92,3.22,B - High Value,Yes
3705,210,15718.11,74.85,174.37,2018-04-02 07:15:25,2018-07-01 16:13:12,3,1.429,91,2.31,A - Premium,Yes
3706,50,722.2,14.44,28.15,2018-04-01 08:22:25,2018-07-01 13:31:49,1,2.0,92,0.54,D - Low Value,Yes
3707,15,126.48,8.43,14.84,2018-04-01 14:35:27,2018-06-29 13:34:16,0,0.0,89,0.17,D - Low Value,No
3708,75,7756.01,103.41,205.23,2018-04-01 19:44:01,2018-07-01 12:44:45,0,0.0,91,0.82,B - High Value,No
3709,186,16155.59,86.86,192.39,2018-04-01 09:00:56,2018-07-01 13:27:59,1,0.538,92,2.02,A - Premium,Yes
3710,58,6313.59,108.86,289.61,2018-04-05 15:56:12,2018-06-30 08:53:04,1,1.724,86,0.67,C - Mid Value,Yes
3711,346,22873.02,66.11,154.59,2018-04-01 17:11:09,2018-07-01 03:13:30,0,0.0,91,3.8,A - Premium,No
3712,230,7217.9,31.38,77.87,2018-04-02 13:06:37,2018-07-01 19:07:55,0,0.0,91,2.53,B - High Value,No
3713,69,704.44,10.21,22.28,2018-04-01 11:14:23,2018-07-01 06:10:48,0,0.0,91,0.76,D - Low Value,No
3714,208,10391.18,49.96,110.63,2018-04-01 05:12:15,2018-07-01 15:03:34,0,0.0,92,2.26,B - High Value,No
3715,141,15532.61,110.16,729.5,2018-04-02 12:54:10,2018-07-01 17:45:15,7,4.965,91,1.55,A - Premium,Yes
3716,201,11370.17,56.57,127.08,2018-04-01 05:23:11,2018-07-01 23:02:05,0,0.0,92,2.18,B - High Value,No
3717,83,4397.13,52.98,99.7,2018-04-02 11:55:15,2018-06-27 12:52:16,1,1.205,87,0.95,C - Mid Value,Yes
3718,31,2856.63,92.15,163.48,2018-04-06 14:31:18,2018-06-29 02:25:11,0,0.0,84,0.37,C - Mid Value,No
3719,282,19085.18,67.68,178.1,2018-04-02 07:24:08,2018-07-01 20:01:11,2,0.709,91,3.1,A - Premium,Yes
3720,140,13210.58,94.36,239.93,2018-04-01 08:16:27,2018-07-01 12:20:16,2,1.429,92,1.52,B - High Value,Yes
3721,99,9541.13,96.38,203.3,2018-04-01 07:43:38,2018-07-01 12:16:53,1,1.01,92,1.08,B - High Value,Yes
3722,306,21966.89,71.79,168.97,2018-04-01 06:45:15,2018-07-01 15:12:38,2,0.654,92,3.33,A - Premium,Yes
3723,145,13231.41,91.25,203.05,2018-04-01 12:33:48,2018-07-01 17:27:20,0,0.0,92,1.58,B - High Value,No
3724,17,1562.6,91.92,156.15,2018-04-05 12:18:47,2018-06-24 13:04:23,0,0.0,81,0.21,D - Low Value,No
3725,179,3914.72,21.87,57.06,2018-04-01 07:38:32,2018-07-01 22:57:36,1,0.559,92,1.95,C - Mid Value,Yes
3726,235,18692.87,79.54,166.67,2018-04-01 11:25:03,2018-07-01 09:27:51,1,0.426,91,2.58,A - Premium,Yes
3727,270,2479.8,9.18,20.58,2018-04-01 02:55:55,2018-06-30 13:16:37,1,0.37,91,2.97,D - Low Value,Yes
3728,370,24898.49,67.29,167.6,2018-04-01 07:24:04,2018-07-01 15:29:04,4,1.081,92,4.02,A - Premium,Yes
3729,120,5441.22,45.34,108.23,2018-04-01 18:37:42,2018-07-01 10:05:28,3,2.5,91,1.32,C - Mid Value,Yes
3730,104,2581.57,24.82,51.86,2018-04-02 09:42:46,2018-06-27 20:29:13,0,0.0,87,1.2,D - Low Value,No
3731,93,3053.14,32.83,74.22,2018-04-04 13:01:03,2018-06-30 15:35:27,0,0.0,88,1.06,C - Mid Value,No
3732,47,297.14,6.32,12.92,2018-04-04 09:38:08,2018-06-29 06:01:37,0,0.0,86,0.55,D - Low Value,No
3733,225,19480.5,86.58,186.5,2018-04-01 05:51:27,2018-07-01 17:53:26,3,1.333,92,2.45,A - Premium,Yes
3734,275,6667.78,24.25,62.49,2018-04-01 08:18:45,2018-07-01 18:39:47,0,0.0,92,2.99,C - Mid Value,No
3735,218,6581.64,30.19,82.81,2018-04-01 04:50:36,2018-07-01 18:42:10,0,0.0,92,2.37,C - Mid Value,No
3736,138,1035.43,7.5,15.55,2018-04-01 19:03:13,2018-06-29 15:06:37,0,0.0,89,1.55,D - Low Value,No
3737,239,20131.49,84.23,161.48,2018-04-01 07:15:58,2018-07-01 13:36:19,2,0.837,92,2.6,A - Premium,Yes
3738,158,9523.43,60.27,117.22,2018-04-01 05:28:05,2018-07-01 07:33:31,0,0.0,92,1.72,B - High Value,No
3739,134,6827.7,50.95,101.34,2018-04-01 04:16:27,2018-06-30 16:46:30,1,0.746,91,1.47,C - Mid Value,Yes
3740,27,384.12,14.23,28.98,2018-04-01 18:36:25,2018-06-29 06:21:51,0,0.0,89,0.3,D - Low Value,No
3741,68,4078.61,59.98,124.72,2018-04-01 06:01:34,2018-07-01 05:59:48,1,1.471,91,0.75,C - Mid Value,Yes
3742,283,16002.78,56.55,128.69,2018-04-01 10:01:39,2018-07-01 17:20:42,0,0.0,92,3.08,A - Premium,No
3743,82,8416.38,102.64,477.05,2018-04-01 12:42:53,2018-06-30 10:21:46,2,2.439,90,0.91,B - High Value,Yes
3744,58,604.73,10.43,27.88,2018-04-01 01:12:39,2018-06-30 04:54:55,2,3.448,91,0.64,D - Low Value,Yes
3745,197,9610.45,48.78,132.53,2018-04-01 19:31:00,2018-07-01 08:59:50,2,1.015,91,2.16,B - High Value,Yes
3746,353,2619.08,7.42,17.85,2018-04-01 06:14:09,2018-07-01 23:50:51,1,0.283,92,3.84,D - Low Value,Yes
3747,128,5176.7,40.44,87.5,2018-04-02 03:25:10,2018-07-01 07:21:56,2,1.562,91,1.41,C - Mid Value,Yes
3748,128,8823.72,68.94,150.73,2018-04-01 14:30:43,2018-07-01 20:22:10,0,0.0,92,1.39,B - High Value,No
3749,31,1477.7,47.67,108.48,2018-04-06 15:41:07,2018-06-30 11:38:19,0,0.0,85,0.36,D - Low Value,No
3750,175,10133.28,57.9,137.62,2018-04-01 14:16:16,2018-07-01 10:05:18,3,1.714,91,1.92,B - High Value,Yes
3751,284,28120.09,99.01,238.17,2018-04-01 04:40:09,2018-07-01 22:18:25,5,1.761,92,3.09,A - Premium,Yes
3752,148,1796.76,12.14,28.73,2018-04-01 12:20:55,2018-07-01 17:16:06,0,0.0,92,1.61,D - Low Value,No
3753,69,6480.38,93.92,188.8,2018-04-01 09:30:28,2018-07-01 11:16:03,0,0.0,92,0.75,C - Mid Value,No
3754,87,5543.32,63.72,123.55,2018-04-01 08:05:33,2018-07-01 23:14:35,1,1.149,92,0.95,C - Mid Value,Yes
3755,233,8797.68,37.76,81.88,2018-04-01 02:38:08,2018-07-01 21:40:09,0,0.0,92,2.53,B - High Value,No
3756,44,2601.85,59.13,133.03,2018-04-02 09:12:03,2018-06-29 11:50:09,0,0.0,89,0.49,D - Low Value,No
3757,256,12890.48,50.35,117.8,2018-04-01 17:51:56,2018-07-01 14:50:40,4,1.562,91,2.81,B - High Value,Yes
3758,158,14156.39,89.6,207.12,2018-04-01 13:12:03,2018-07-01 06:21:22,2,1.266,91,1.74,B - High Value,Yes
3759,56,1681.72,30.03,53.29,2018-04-03 14:51:55,2018-07-01 18:02:05,0,0.0,90,0.62,D - Low Value,No
3760,152,6867.78,45.18,126.9,2018-04-01 08:30:52,2018-07-01 19:21:59,0,0.0,92,1.65,C - Mid Value,No
3761,173,6358.48,36.75,82.04,2018-04-01 17:17:04,2018-07-01 11:24:27,0,0.0,91,1.9,C - Mid Value,No
3762,134,11637.62,86.85,211.56,2018-04-01 17:08:54,2018-07-01 14:05:00,0,0.0,91,1.47,B - High Value,No
3763,209,18090.24,86.56,214.93,2018-04-01 07:20:45,2018-07-01 18:00:11,4,1.914,92,2.27,A - Premium,Yes
3764,4,53.32,13.33,22.3,2018-04-14 04:00:04,2018-05-26 12:02:11,0,0.0,43,0.09,D - Low Value,No
3765,253,2501.65,9.89,21.68,2018-04-01 00:45:46,2018-07-01 16:39:32,1,0.395,92,2.75,D - Low Value,Yes
3766,145,10100.81,69.66,145.22,2018-04-02 15:24:00,2018-07-01 22:48:46,3,2.069,91,1.59,B - High Value,Yes
3767,107,1122.38,10.49,23.05,2018-04-01 03:32:01,2018-06-30 13:18:44,0,0.0,91,1.18,D - Low Value,No
3768,311,3300.16,10.61,25.1,2018-04-01 20:15:45,2018-07-01 14:28:37,6,1.929,91,3.42,C - Mid Value,Yes
3769,325,23965.87,73.74,155.37,2018-04-01 08:51:59,2018-07-01 13:15:22,1,0.308,92,3.53,A - Premium,Yes
3770,46,4659.79,101.3,264.95,2018-04-01 12:59:06,2018-06-30 08:57:51,2,4.348,90,0.51,C - Mid Value,Yes
3771,325,13313.13,40.96,97.08,2018-04-01 05:35:32,2018-07-01 16:01:42,0,0.0,92,3.53,B - High Value,No
3772,99,8896.21,89.86,214.44,2018-04-01 10:55:29,2018-07-01 10:24:08,0,0.0,91,1.09,B - High Value,No
3773,318,6613.01,20.8,52.19,2018-04-01 10:34:12,2018-07-01 21:35:56,0,0.0,92,3.46,C - Mid Value,No
3774,229,22971.47,100.31,228.3,2018-04-01 08:25:17,2018-07-01 14:12:01,6,2.62,92,2.49,A - Premium,Yes
3775,15,171.05,11.4,19.69,2018-04-13 18:38:46,2018-06-28 14:38:31,0,0.0,76,0.2,D - Low Value,No
3776,228,12360.79,54.21,127.46,2018-04-01 03:46:41,2018-07-01 04:48:16,1,0.439,92,2.48,B - High Value,Yes
3777,82,3641.13,44.4,93.33,2018-04-04 12:33:36,2018-07-01 08:15:35,0,0.0,88,0.93,C - Mid Value,No
3778,102,11425.92,112.02,662.3,2018-04-04 09:34:38,2018-07-01 21:03:27,7,6.863,89,1.15,B - High Value,Yes
3779,78,7335.48,94.04,204.08,2018-04-02 02:19:53,2018-06-30 06:47:35,0,0.0,90,0.87,B - High Value,No
3780,357,27443.52,76.87,197.81,2018-04-01 10:30:46,2018-07-01 19:38:09,0,0.0,92,3.88,A - Premium,No
3781,281,16719.55,59.5,142.75,2018-04-01 13:31:58,2018-07-01 16:52:47,3,1.068,92,3.05,A - Premium,Yes
3782,349,34601.22,99.14,272.08,2018-04-01 06:08:38,2018-07-01 16:08:21,8,2.292,92,3.79,A - Premium,Yes
3783,142,5064.25,35.66,80.93,2018-04-02 03:54:07,2018-07-01 14:42:21,0,0.0,91,1.56,C - Mid Value,No
3784,254,17851.39,70.28,162.57,2018-04-01 02:39:33,2018-07-01 18:23:05,3,1.181,92,2.76,A - Premium,Yes
3785,108,1005.35,9.31,21.11,2018-04-03 04:34:37,2018-07-01 22:34:33,0,0.0,90,1.2,D - Low Value,No
3786,233,19202.33,82.41,209.45,2018-04-01 11:40:26,2018-06-30 19:07:57,0,0.0,91,2.56,A - Premium,No
3787,308,32277.42,104.8,253.69,2018-04-01 11:33:04,2018-07-01 16:03:25,6,1.948,92,3.35,A - Premium,Yes
3788,135,869.28,6.44,14.6,2018-04-01 15:13:41,2018-07-01 13:46:25,0,0.0,91,1.48,D - Low Value,No
3789,61,5335.76,87.47,466.3,2018-04-01 18:29:23,2018-07-01 23:40:59,2,3.279,92,0.66,C - Mid Value,Yes
3790,347,13947.92,40.2,96.82,2018-04-01 14:21:00,2018-07-01 16:36:05,2,0.576,92,3.77,B - High Value,Yes
3791,256,15968.98,62.38,170.76,2018-04-01 05:47:20,2018-07-01 16:17:13,0,0.0,92,2.78,A - Premium,No
3792,87,7119.25,81.83,180.21,2018-04-01 09:42:50,2018-07-01 12:46:03,0,0.0,92,0.95,C - Mid Value,No
3793,164,8987.29,54.8,124.16,2018-04-02 12:35:34,2018-07-01 15:18:25,0,0.0,91,1.8,B - High Value,No
3794,37,3796.99,102.62,196.43,2018-04-01 12:53:29,2018-06-30 10:46:57,0,0.0,90,0.41,C - Mid Value,No
3795,328,23757.72,72.43,166.64,2018-04-01 12:59:03,2018-06-30 20:14:29,0,0.0,91,3.6,A - Premium,No
3796,201,19063.38,94.84,222.04,2018-04-01 03:17:23,2018-07-01 15:51:54,3,1.493,92,2.18,A - Premium,Yes
3797,176,13979.21,79.43,159.97,2018-04-01 08:23:19,2018-07-01 13:21:18,1,0.568,92,1.91,B - High Value,Yes
3798,306,17018.69,55.62,132.71,2018-04-02 08:29:16,2018-07-01 19:32:30,1,0.327,91,3.36,A - Premium,Yes
3799,223,16741.27,75.07,169.58,2018-04-01 06:54:36,2018-07-01 03:48:58,0,0.0,91,2.45,A - Premium,No
3800,229,8154.16,35.61,80.4,2018-04-01 07:04:02,2018-07-01 19:31:13,1,0.437,92,2.49,B - High Value,Yes
3801,1,37.08,37.08,37.08,2018-04-30 15:52:41,2018-04-30 15:52:41,0,0.0,1,1.0,D - Low Value,No
3802,137,2222.63,16.22,37.13,2018-04-01 11:06:21,2018-07-01 12:30:31,0,0.0,92,1.49,D - Low Value,No
3803,304,3915.51,12.88,36.57,2018-04-01 04:28:39,2018-07-01 18:34:14,0,0.0,92,3.3,C - Mid Value,No
3804,12,1407.74,117.31,190.24,2018-04-03 04:27:38,2018-06-28 13:53:32,0,0.0,87,0.14,D - Low Value,No
3805,268,16975.38,63.34,130.31,2018-04-01 03:12:29,2018-07-01 15:36:59,0,0.0,92,2.91,A - Premium,No
3806,208,20151.36,96.88,209.38,2018-04-01 14:23:43,2018-06-30 16:37:25,2,0.962,91,2.29,A - Premium,Yes
3807,194,6160.16,31.75,65.03,2018-04-01 07:14:51,2018-06-30 16:58:56,0,0.0,91,2.13,C - Mid Value,No
3808,351,29141.06,83.02,546.95,2018-04-01 17:11:14,2018-07-01 23:31:29,19,5.413,92,3.82,A - Premium,Yes
3809,41,824.49,20.11,44.23,2018-04-04 05:17:31,2018-06-28 04:43:32,1,2.439,85,0.48,D - Low Value,Yes
3810,158,7875.0,49.84,111.93,2018-04-01 09:14:04,2018-07-01 20:13:34,5,3.165,92,1.72,B - High Value,Yes
3811,235,13327.02,56.71,125.19,2018-04-01 11:10:56,2018-07-01 16:55:06,0,0.0,92,2.55,B - High Value,No
3812,170,16086.85,94.63,218.47,2018-04-03 09:18:24,2018-07-01 16:20:43,1,0.588,90,1.89,A - Premium,Yes
3813,133,1246.59,9.37,23.73,2018-04-03 12:28:59,2018-07-01 12:55:53,0,0.0,90,1.48,D - Low Value,No
3814,297,6715.44,22.61,186.45,2018-04-01 02:12:54,2018-07-01 15:16:17,17,5.724,92,3.23,C - Mid Value,Yes
3815,118,9959.54,84.4,187.89,2018-04-01 05:32:07,2018-07-01 22:17:19,0,0.0,92,1.28,B - High Value,No
3816,32,1360.36,42.51,89.58,2018-04-04 09:25:06,2018-07-01 12:13:48,0,0.0,89,0.36,D - Low Value,No
3817,268,17988.0,67.12,187.38,2018-04-01 06:37:48,2018-07-01 18:53:01,0,0.0,92,2.91,A - Premium,No
3818,272,19977.07,73.45,155.74,2018-04-01 04:18:10,2018-07-01 09:52:27,0,0.0,92,2.96,A - Premium,No
3819,205,9603.81,46.85,104.74,2018-04-01 07:28:05,2018-07-01 10:45:03,0,0.0,92,2.23,B - High Value,No
3820,329,22877.13,69.54,167.57,2018-04-02 02:38:01,2018-07-01 19:33:49,5,1.52,91,3.62,A - Premium,Yes
3821,285,22108.37,77.57,173.82,2018-04-01 09:26:20,2018-07-01 14:33:51,0,0.0,92,3.1,A - Premium,No
3822,301,26167.58,86.94,197.14,2018-04-01 10:13:49,2018-07-01 06:06:16,0,0.0,91,3.31,A - Premium,No
3823,78,2040.88,26.17,57.69,2018-04-02 16:08:56,2018-07-01 13:20:13,2,2.564,90,0.87,D - Low Value,Yes
3824,210,17097.81,81.42,189.14,2018-04-02 04:55:26,2018-07-01 11:05:47,0,0.0,91,2.31,A - Premium,No
3825,304,23469.31,77.2,174.83,2018-04-01 12:34:36,2018-07-01 15:09:47,3,0.987,92,3.3,A - Premium,Yes
3826,161,7343.39,45.61,96.43,2018-04-01 02:30:09,2018-07-01 13:21:45,2,1.242,92,1.75,B - High Value,Yes
3827,22,191.8,8.72,17.43,2018-04-01 22:52:05,2018-06-20 07:49:29,1,4.545,80,0.28,D - Low Value,Yes
3828,47,283.68,6.04,10.83,2018-04-01 10:02:53,2018-07-01 18:45:31,0,0.0,92,0.51,D - Low Value,No
3829,278,21413.76,77.03,164.87,2018-04-01 10:09:01,2018-07-01 14:49:07,3,1.079,92,3.02,A - Premium,Yes
3830,105,3201.35,30.49,66.07,2018-04-01 12:11:38,2018-06-30 23:02:13,1,0.952,91,1.15,C - Mid Value,Yes
3831,27,2371.15,87.82,158.34,2018-04-01 01:42:33,2018-06-20 10:12:06,0,0.0,81,0.33,D - Low Value,No
3832,218,11408.49,52.33,360.25,2018-04-01 10:55:36,2018-06-30 13:14:55,11,5.046,91,2.4,B - High Value,Yes
3833,229,22561.61,98.52,587.4,2018-04-02 06:36:09,2018-07-01 03:15:34,14,6.114,90,2.54,A - Premium,Yes
3834,189,10444.54,55.26,129.88,2018-04-01 05:49:18,2018-07-01 15:40:44,3,1.587,92,2.05,B - High Value,Yes
3835,107,1158.79,10.83,24.96,2018-04-01 18:13:52,2018-07-01 00:58:58,0,0.0,91,1.18,D - Low Value,No
3836,259,13662.6,52.75,128.56,2018-04-01 07:11:52,2018-07-01 19:08:43,0,0.0,92,2.82,B - High Value,No
3837,316,19155.05,60.62,157.05,2018-04-01 10:54:40,2018-07-01 17:43:32,0,0.0,92,3.43,A - Premium,No
3838,142,14698.29,103.51,225.13,2018-04-02 08:39:04,2018-07-01 09:32:30,3,2.113,91,1.56,A - Premium,Yes
3839,23,542.11,23.57,42.15,2018-04-07 17:05:57,2018-07-01 05:39:59,0,0.0,85,0.27,D - Low Value,No
3840,41,657.27,16.03,27.89,2018-04-01 13:34:21,2018-06-29 13:37:41,0,0.0,90,0.46,D - Low Value,No
3841,125,10615.9,84.93,190.93,2018-04-01 05:44:30,2018-07-01 16:08:31,0,0.0,92,1.36,B - High Value,No
3842,140,3159.96,22.57,49.95,2018-04-01 00:20:03,2018-07-01 22:03:03,0,0.0,92,1.52,C - Mid Value,No
3843,164,1478.58,9.02,20.28,2018-04-01 09:52:25,2018-07-01 11:52:09,2,1.22,92,1.78,D - Low Value,Yes
3844,139,1792.25,12.89,29.16,2018-04-01 05:15:35,2018-07-01 13:17:25,0,0.0,92,1.51,D - Low Value,No
3845,26,1418.51,54.56,115.0,2018-04-04 08:15:16,2018-06-28 09:29:15,0,0.0,86,0.3,D - Low Value,No
3846,195,16578.87,85.02,194.38,2018-04-01 08:21:55,2018-07-01 16:37:56,0,0.0,92,2.12,A - Premium,No
3847,280,5703.04,20.37,47.39,2018-04-01 12:31:49,2018-07-01 12:10:31,2,0.714,91,3.08,C - Mid Value,Yes
3848,61,4372.34,71.68,152.75,2018-04-02 14:06:23,2018-07-01 09:24:52,1,1.639,90,0.68,C - Mid Value,Yes
3849,92,5281.26,57.4,129.18,2018-04-03 14:08:05,2018-07-01 13:51:11,1,1.087,89,1.03,C - Mid Value,Yes
3850,83,3826.21,46.1,91.53,2018-04-01 17:19:41,2018-06-29 14:35:29,2,2.41,89,0.93,C - Mid Value,Yes
3851,321,25175.58,78.43,176.89,2018-04-01 01:09:14,2018-07-01 21:26:42,3,0.935,92,3.49,A - Premium,Yes
3852,156,14375.44,92.15,194.55,2018-04-01 14:29:27,2018-07-01 21:30:25,0,0.0,92,1.7,A - Premium,No
3853,149,5401.03,36.25,78.64,2018-04-01 10:19:56,2018-07-01 13:00:39,5,3.356,92,1.62,C - Mid Value,Yes
3854,43,2369.44,55.1,116.9,2018-04-02 11:01:45,2018-06-29 11:20:59,0,0.0,89,0.48,D - Low Value,No
3855,177,11952.87,67.53,574.0,2018-04-01 15:55:29,2018-07-01 21:03:23,8,4.52,92,1.92,B - High Value,Yes
3856,26,917.13,35.27,66.89,2018-04-05 10:38:30,2018-06-30 17:05:08,0,0.0,87,0.3,D - Low Value,No
3857,281,14338.27,51.03,137.14,2018-04-01 08:13:42,2018-07-01 14:55:57,8,2.847,92,3.05,A - Premium,Yes
3858,300,1879.09,6.26,13.28,2018-04-01 06:49:00,2018-07-01 18:43:50,1,0.333,92,3.26,D - Low Value,Yes
3859,141,3191.32,22.63,45.97,2018-04-01 10:08:21,2018-07-01 12:12:54,0,0.0,92,1.53,C - Mid Value,No
3860,130,8004.12,61.57,345.6,2018-04-01 09:39:27,2018-07-01 15:46:08,8,6.154,92,1.41,B - High Value,Yes
3861,218,13816.13,63.38,149.53,2018-04-01 12:33:33,2018-07-01 15:30:26,1,0.459,92,2.37,B - High Value,Yes
3862,6,540.85,90.14,125.66,2018-05-21 14:17:42,2018-06-27 18:28:50,0,0.0,38,0.16,D - Low Value,No
3863,285,3879.72,13.61,32.31,2018-04-01 06:54:35,2018-07-01 20:56:39,0,0.0,92,3.1,C - Mid Value,No
3864,383,7941.85,20.74,55.84,2018-04-01 09:14:07,2018-07-01 18:05:00,10,2.611,92,4.16,B - High Value,Yes
3865,80,6661.64,83.27,194.39,2018-04-01 05:14:53,2018-06-29 16:10:08,0,0.0,90,0.89,C - Mid Value,No
3866,302,23316.31,77.21,180.08,2018-04-01 04:10:00,2018-07-01 15:31:48,7,2.318,92,3.28,A - Premium,Yes
3867,233,5375.17,23.07,136.6,2018-04-01 09:32:44,2018-07-01 19:18:41,15,6.438,92,2.53,C - Mid Value,Yes
3868,230,4264.68,18.54,43.38,2018-04-02 06:14:11,2018-07-01 20:48:51,0,0.0,91,2.53,C - Mid Value,No
3869,6,593.69,98.95,194.49,2018-04-01 02:23:15,2018-05-27 07:24:17,0,0.0,57,0.11,D - Low Value,No
3870,146,7626.59,52.24,114.88,2018-04-01 08:47:02,2018-06-30 17:11:05,0,0.0,91,1.6,B - High Value,No
3871,25,447.18,17.89,35.63,2018-04-02 11:04:45,2018-06-30 04:51:45,0,0.0,89,0.28,D - Low Value,No
3872,344,14761.34,42.91,97.41,2018-04-01 10:32:51,2018-07-01 22:42:02,1,0.291,92,3.74,A - Premium,Yes
3873,289,12730.59,44.05,104.36,2018-04-01 00:47:48,2018-07-01 11:19:18,0,0.0,92,3.14,B - High Value,No
3874,169,2499.72,14.79,33.26,2018-04-01 14:52:33,2018-07-01 15:51:58,2,1.183,92,1.84,D - Low Value,Yes
3875,205,9472.94,46.21,96.49,2018-04-01 04:05:26,2018-07-01 16:08:43,1,0.488,92,2.23,B - High Value,Yes
3876,124,7934.28,63.99,137.74,2018-04-01 15:08:15,2018-07-01 11:45:54,2,1.613,91,1.36,B - High Value,Yes
3877,114,1140.73,10.01,24.58,2018-04-03 13:44:09,2018-06-30 13:54:59,1,0.877,89,1.28,D - Low Value,Yes
3878,236,17884.99,75.78,221.13,2018-04-01 09:04:00,2018-07-01 18:30:32,1,0.424,92,2.57,A - Premium,Yes
3879,260,11136.67,42.83,98.4,2018-04-01 11:42:20,2018-06-30 18:42:00,0,0.0,91,2.86,B - High Value,No
3880,349,33437.12,95.81,214.0,2018-04-01 04:02:14,2018-07-01 18:59:58,2,0.573,92,3.79,A - Premium,Yes
3881,147,6775.28,46.09,119.39,2018-04-01 08:02:41,2018-07-01 08:25:11,0,0.0,92,1.6,C - Mid Value,No
3882,203,9756.22,48.06,104.92,2018-04-01 15:47:25,2018-07-01 11:45:45,1,0.493,91,2.23,B - High Value,Yes
3883,91,3375.86,37.1,78.27,2018-04-01 17:32:04,2018-07-01 14:15:35,0,0.0,91,1.0,C - Mid Value,No
3884,249,10011.63,40.21,95.67,2018-04-01 16:00:46,2018-07-01 19:11:50,1,0.402,92,2.71,B - High Value,Yes
3885,234,2317.52,9.9,21.44,2018-04-01 08:59:18,2018-06-30 16:16:16,1,0.427,91,2.57,D - Low Value,Yes
3886,5,487.19,97.44,157.46,2018-05-09 01:27:34,2018-06-24 06:55:14,0,0.0,47,0.11,D - Low Value,No
3887,170,6151.72,36.19,90.36,2018-04-01 02:42:06,2018-07-01 15:00:16,4,2.353,92,1.85,C - Mid Value,Yes
3888,368,20183.82,54.85,127.61,2018-04-01 08:38:38,2018-07-01 21:18:26,2,0.543,92,4.0,A - Premium,Yes
3889,349,13406.73,38.41,89.22,2018-04-01 06:25:11,2018-07-01 07:36:21,4,1.146,92,3.79,B - High Value,Yes
3890,142,7718.43,54.36,126.0,2018-04-01 09:47:41,2018-06-30 19:31:59,1,0.704,91,1.56,B - High Value,Yes
3891,150,3150.61,21.0,45.43,2018-04-01 17:27:43,2018-07-01 20:27:53,1,0.667,92,1.63,C - Mid Value,Yes
3892,275,23590.29,85.78,224.8,2018-04-01 07:15:24,2018-07-01 15:20:34,2,0.727,92,2.99,A - Premium,Yes
3893,333,4776.47,14.34,35.42,2018-04-01 19:47:23,2018-07-01 20:22:07,0,0.0,92,3.62,C - Mid Value,No
3894,173,8099.33,46.82,134.11,2018-04-01 06:34:53,2018-07-01 09:35:16,1,0.578,92,1.88,B - High Value,Yes
3895,227,14615.06,64.38,144.12,2018-04-01 03:42:17,2018-07-01 21:02:35,0,0.0,92,2.47,A - Premium,No
3896,209,1686.8,8.07,16.99,2018-04-01 13:09:38,2018-07-01 12:38:33,1,0.478,91,2.3,D - Low Value,Yes
3897,136,12742.36,93.69,200.69,2018-04-04 11:13:28,2018-07-01 18:19:27,0,0.0,89,1.53,B - High Value,No
3898,311,15567.9,50.06,109.41,2018-04-01 03:24:46,2018-07-01 23:32:07,0,0.0,92,3.38,A - Premium,No
3899,214,4205.44,19.65,52.86,2018-04-01 12:36:50,2018-07-01 14:00:01,0,0.0,92,2.33,C - Mid Value,No
3900,367,11095.04,30.23,71.22,2018-04-01 06:10:19,2018-07-01 18:26:44,0,0.0,92,3.99,B - High Value,No
3901,150,5450.98,36.34,82.41,2018-04-05 10:52:33,2018-07-01 12:13:44,1,0.667,88,1.7,C - Mid Value,Yes
3902,196,5689.18,29.03,67.12,2018-04-01 06:54:56,2018-07-01 10:39:20,0,0.0,92,2.13,C - Mid Value,No
3903,24,1826.19,76.09,204.13,2018-04-12 04:06:20,2018-06-29 14:42:30,0,0.0,79,0.3,D - Low Value,No
3904,92,3423.05,37.21,80.19,2018-04-01 00:55:48,2018-06-30 11:44:02,0,0.0,91,1.01,C - Mid Value,No
3905,130,2930.62,22.54,47.62,2018-04-01 07:11:33,2018-06-28 16:05:20,0,0.0,89,1.46,C - Mid Value,No
3906,28,2667.84,95.28,208.67,2018-04-04 16:04:24,2018-07-01 07:31:08,0,0.0,88,0.32,D - Low Value,No
3907,301,15195.84,50.48,125.58,2018-04-01 12:50:19,2018-06-30 16:34:17,0,0.0,91,3.31,A - Premium,No
3908,33,1082.84,32.81,60.19,2018-04-05 13:12:11,2018-07-01 00:03:28,0,0.0,87,0.38,D - Low Value,No
3909,25,468.77,18.75,35.18,2018-04-07 23:07:20,2018-07-01 12:46:07,0,0.0,85,0.29,D - Low Value,No
3910,355,9437.57,26.58,64.14,2018-04-01 10:56:49,2018-07-01 15:24:09,2,0.563,92,3.86,B - High Value,Yes
3911,41,984.59,24.01,51.39,2018-04-10 07:23:10,2018-06-26 06:58:22,0,0.0,77,0.53,D - Low Value,No
3912,91,3504.11,38.51,90.51,2018-04-01 21:01:15,2018-07-01 18:24:35,0,0.0,91,1.0,C - Mid Value,No
3913,160,1894.92,11.84,24.55,2018-04-02 16:43:22,2018-07-01 06:06:48,0,0.0,90,1.78,D - Low Value,No
3914,154,11259.22,73.11,509.45,2018-04-02 08:52:20,2018-07-01 12:00:02,4,2.597,91,1.69,B - High Value,Yes
3915,269,8939.56,33.23,73.16,2018-04-01 11:38:04,2018-07-01 22:07:10,0,0.0,92,2.92,B - High Value,No
3916,24,2214.79,92.28,169.49,2018-04-01 17:43:05,2018-06-21 12:47:34,0,0.0,81,0.3,D - Low Value,No
3917,40,3797.4,94.94,211.57,2018-04-05 15:53:22,2018-07-01 20:47:29,0,0.0,88,0.45,C - Mid Value,No
3918,114,5513.54,48.36,99.08,2018-04-02 04:10:19,2018-07-01 20:31:59,0,0.0,91,1.25,C - Mid Value,No
3919,222,5382.37,24.24,56.21,2018-04-01 02:26:15,2018-07-01 12:43:44,0,0.0,92,2.41,C - Mid Value,No
3920,153,13330.02,87.12,192.6,2018-04-03 14:19:24,2018-07-01 18:12:22,0,0.0,90,1.7,B - High Value,No
3921,352,7974.65,22.66,49.54,2018-04-01 05:20:31,2018-07-01 21:19:27,10,2.841,92,3.83,B - High Value,Yes
3922,341,26683.43,78.25,178.61,2018-04-01 03:20:38,2018-07-01 16:58:45,4,1.173,92,3.71,A - Premium,Yes
3923,111,3334.91,30.04,70.93,2018-04-01 07:32:30,2018-06-30 13:54:21,2,1.802,91,1.22,C - Mid Value,Yes
3924,174,16335.42,93.88,207.09,2018-04-02 01:32:05,2018-07-01 22:08:14,1,0.575,91,1.91,A - Premium,Yes
3925,60,768.24,12.8,33.69,2018-04-02 06:22:33,2018-07-01 14:34:34,0,0.0,91,0.66,D - Low Value,No
3926,122,12360.28,101.31,222.8,2018-04-01 11:04:25,2018-07-01 15:21:22,1,0.82,92,1.33,B - High Value,Yes
3927,174,13832.21,79.5,176.68,2018-04-01 06:16:31,2018-06-30 23:15:30,0,0.0,91,1.91,B - High Value,No
3928,345,13659.38,39.59,92.67,2018-04-01 11:56:54,2018-07-01 21:47:13,1,0.29,92,3.75,B - High Value,Yes
3929,51,572.53,11.23,23.62,2018-04-01 12:27:51,2018-06-29 09:40:34,0,0.0,89,0.57,D - Low Value,No
3930,50,4473.69,89.47,190.7,2018-04-02 14:43:27,2018-06-29 07:05:27,0,0.0,88,0.57,C - Mid Value,No
3931,257,11822.14,46.0,123.88,2018-04-01 03:49:12,2018-07-01 18:18:08,0,0.0,92,2.79,B - High Value,No
3933,112,3823.09,34.13,77.23,2018-04-03 07:45:01,2018-06-30 15:56:14,0,0.0,89,1.26,C - Mid Value,No
3934,156,5100.13,32.69,69.65,2018-04-01 12:29:44,2018-07-01 13:26:00,0,0.0,92,1.7,C - Mid Value,No
3935,52,3308.78,63.63,128.75,2018-04-02 15:46:12,2018-06-30 07:58:51,0,0.0,89,0.58,C - Mid Value,No
3936,326,13758.95,42.21,338.35,2018-04-01 04:18:25,2018-07-01 17:12:28,26,7.975,92,3.54,B - High Value,Yes
3937,345,30590.76,88.67,204.81,2018-04-01 02:19:27,2018-07-01 15:30:13,1,0.29,92,3.75,A - Premium,Yes
3938,59,3415.53,57.89,143.29,2018-04-02 03:13:15,2018-06-30 06:46:43,0,0.0,90,0.66,C - Mid Value,No
3939,294,20146.35,68.52,177.49,2018-04-01 05:03:33,2018-07-01 16:27:48,0,0.0,92,3.2,A - Premium,No
3940,124,1121.69,9.05,18.27,2018-04-01 04:39:43,2018-06-29 07:25:49,0,0.0,90,1.38,D - Low Value,No
3941,190,1097.25,5.78,13.02,2018-04-01 13:56:02,2018-07-01 12:28:28,0,0.0,91,2.09,D - Low Value,No
3942,160,7150.0,44.69,93.69,2018-04-01 10:10:45,2018-07-01 10:46:42,0,0.0,92,1.74,B - High Value,No
3943,89,5992.48,67.33,143.51,2018-04-04 19:36:27,2018-06-30 12:10:38,0,0.0,87,1.02,C - Mid Value,No
3944,270,13380.2,49.56,120.12,2018-04-01 00:31:27,2018-07-01 17:39:14,3,1.111,92,2.93,B - High Value,Yes
3945,67,1298.37,19.38,47.59,2018-04-05 08:34:10,2018-07-01 11:38:57,1,1.493,88,0.76,D - Low Value,Yes
3946,85,2100.43,24.71,47.19,2018-04-02 18:00:51,2018-07-01 12:19:01,0,0.0,90,0.94,D - Low Value,No
3947,32,2127.84,66.5,135.48,2018-04-01 10:39:16,2018-07-01 23:53:34,0,0.0,92,0.35,D - Low Value,No
3948,23,1421.42,61.8,115.03,2018-04-02 09:16:30,2018-06-30 19:54:39,0,0.0,90,0.26,D - Low Value,No
3949,63,2118.93,33.63,65.76,2018-04-01 04:37:39,2018-06-29 19:55:29,0,0.0,90,0.7,D - Low Value,No
3950,108,6015.95,55.7,128.33,2018-04-01 11:59:23,2018-07-01 15:18:05,0,0.0,92,1.17,C - Mid Value,No
3951,92,7467.38,81.17,163.58,2018-04-02 10:47:05,2018-06-29 08:30:24,1,1.087,88,1.05,B - High Value,Yes
3952,255,25126.08,98.53,245.24,2018-04-01 02:59:03,2018-07-01 16:29:37,1,0.392,92,2.77,A - Premium,Yes
3953,100,1267.62,12.68,25.8,2018-04-01 06:43:53,2018-06-28 05:06:54,0,0.0,88,1.14,D - Low Value,No
3954,72,2739.0,38.04,80.16,2018-04-02 00:46:04,2018-07-01 07:22:22,2,2.778,91,0.79,D - Low Value,Yes
3955,188,5225.36,27.79,71.79,2018-04-01 12:29:54,2018-07-01 16:09:49,0,0.0,92,2.04,C - Mid Value,No
3956,27,1260.8,46.7,83.32,2018-04-01 21:01:42,2018-06-30 12:13:21,0,0.0,90,0.3,D - Low Value,No
3957,182,6176.93,33.94,116.82,2018-04-01 10:47:40,2018-07-01 13:20:17,0,0.0,92,1.98,C - Mid Value,No
3958,183,12780.83,69.84,158.42,2018-04-01 14:58:03,2018-07-01 06:15:26,0,0.0,91,2.01,B - High Value,No
3959,72,6608.5,91.78,231.04,2018-04-03 13:14:05,2018-07-01 17:41:50,2,2.778,90,0.8,C - Mid Value,Yes
3960,177,12060.57,68.14,172.05,2018-04-01 10:13:48,2018-07-01 04:21:55,0,0.0,91,1.95,B - High Value,No
3961,26,777.04,29.89,64.76,2018-04-07 10:50:42,2018-07-01 09:53:41,0,0.0,85,0.31,D - Low Value,No
3962,88,1557.38,17.7,37.35,2018-04-02 12:10:54,2018-07-01 17:47:07,0,0.0,91,0.97,D - Low Value,No
3963,305,20785.08,68.15,155.92,2018-04-01 06:30:44,2018-07-01 14:51:51,0,0.0,92,3.32,A - Premium,No
3964,313,26729.24,85.4,183.41,2018-04-01 19:34:24,2018-07-01 15:02:02,0,0.0,91,3.44,A - Premium,No
3965,288,7550.31,26.22,58.08,2018-04-01 09:09:37,2018-07-01 15:31:17,4,1.389,92,3.13,B - High Value,Yes
3966,170,2257.11,13.28,30.19,2018-04-01 10:15:22,2018-07-01 14:32:08,0,0.0,92,1.85,D - Low Value,No
3967,35,3091.93,88.34,182.65,2018-04-03 05:40:28,2018-07-01 20:07:31,0,0.0,90,0.39,C - Mid Value,No
3968,177,5902.77,33.35,79.72,2018-04-01 07:49:24,2018-06-29 17:18:02,1,0.565,90,1.97,C - Mid Value,Yes
3969,218,11268.37,51.69,107.72,2018-04-01 15:34:46,2018-07-01 15:44:56,2,0.917,92,2.37,B - High Value,Yes
3970,76,2105.18,27.7,59.94,2018-04-03 10:05:28,2018-06-30 13:05:11,0,0.0,89,0.85,D - Low Value,No
3971,147,4619.2,31.42,71.01,2018-04-01 09:54:25,2018-07-01 14:57:03,0,0.0,92,1.6,C - Mid Value,No
3972,198,5068.83,25.6,62.62,2018-04-01 13:36:50,2018-07-01 07:49:29,0,0.0,91,2.18,C - Mid Value,No
3973,167,7503.99,44.93,103.04,2018-04-01 09:08:22,2018-07-01 15:23:49,0,0.0,92,1.82,B - High Value,No
3974,271,19334.93,71.35,142.54,2018-04-01 04:00:38,2018-07-01 14:00:21,0,0.0,92,2.95,A - Premium,No
3975,7,42.76,6.11,11.7,2018-04-09 13:49:41,2018-06-29 09:03:19,0,0.0,81,0.09,D - Low Value,No
3976,327,19626.07,60.02,154.13,2018-04-01 11:48:35,2018-07-01 10:05:09,2,0.612,91,3.59,A - Premium,Yes
3977,116,7635.5,65.82,129.99,2018-04-01 09:49:53,2018-07-01 17:54:12,0,0.0,92,1.26,B - High Value,No
3978,88,4882.01,55.48,113.16,2018-04-01 11:08:42,2018-06-29 13:22:26,0,0.0,90,0.98,C - Mid Value,No
3979,234,9471.12,40.47,100.92,2018-04-01 06:42:53,2018-07-01 16:54:02,2,0.855,92,2.54,B - High Value,Yes
3980,209,5471.97,26.18,59.5,2018-04-01 03:59:23,2018-07-01 08:48:38,0,0.0,92,2.27,C - Mid Value,No
3981,157,12141.29,77.33,191.6,2018-04-01 07:56:00,2018-07-01 20:03:50,1,0.637,92,1.71,B - High Value,Yes
3982,126,6348.75,50.39,109.08,2018-04-03 04:23:18,2018-07-01 20:29:58,1,0.794,90,1.4,C - Mid Value,Yes
3983,49,1624.2,33.15,83.94,2018-04-04 12:29:08,2018-06-28 08:27:42,1,2.041,85,0.58,D - Low Value,Yes
3984,341,30528.33,89.53,205.42,2018-04-01 20:30:01,2018-07-01 16:25:43,0,0.0,91,3.75,A - Premium,No
3985,110,2257.28,20.52,48.01,2018-04-01 12:38:17,2018-06-27 16:55:08,0,0.0,88,1.25,D - Low Value,No
3986,114,8227.39,72.17,157.16,2018-04-01 12:28:38,2018-06-30 17:13:44,3,2.632,91,1.25,B - High Value,Yes
3987,338,16156.21,47.8,106.98,2018-04-01 08:27:54,2018-07-01 13:05:09,3,0.888,92,3.67,A - Premium,Yes
3988,164,1878.62,11.46,25.09,2018-04-01 06:18:26,2018-07-01 12:27:02,1,0.61,92,1.78,D - Low Value,Yes
3989,67,5577.36,83.24,167.71,2018-04-01 10:35:52,2018-06-29 17:28:20,0,0.0,90,0.74,C - Mid Value,No
3990,6,175.42,29.24,44.26,2018-04-08 12:02:31,2018-06-30 14:29:29,0,0.0,84,0.07,D - Low Value,No
3991,197,1533.47,7.78,17.04,2018-04-01 12:57:25,2018-07-01 08:59:18,0,0.0,91,2.16,D - Low Value,No
3992,32,1979.81,61.87,121.94,2018-04-01 12:11:51,2018-06-27 09:00:37,0,0.0,87,0.37,D - Low Value,No
3993,244,2097.99,8.6,22.92,2018-04-01 19:55:21,2018-07-01 14:18:47,1,0.41,91,2.68,D - Low Value,Yes
3994,201,11373.61,56.59,161.02,2018-04-01 03:52:41,2018-07-01 08:10:30,0,0.0,92,2.18,B - High Value,No
3995,124,13969.65,112.66,230.39,2018-04-02 09:21:16,2018-07-01 16:49:03,3,2.419,91,1.36,B - High Value,Yes
3996,99,7585.27,76.62,183.77,2018-04-02 08:09:50,2018-06-28 13:12:40,0,0.0,88,1.12,B - High Value,No
3997,175,15823.74,90.42,213.54,2018-04-01 02:59:23,2018-07-01 04:57:21,0,0.0,92,1.9,A - Premium,No
3998,315,32958.81,104.63,261.65,2018-04-01 03:51:15,2018-07-01 12:37:14,5,1.587,92,3.42,A - Premium,Yes
3999,111,9474.42,85.36,184.51,2018-04-03 03:49:53,2018-06-29 13:55:38,1,0.901,88,1.26,B - High Value,Yes
4000,113,2456.0,21.73,152.8,2018-04-01 14:03:57,2018-06-29 07:23:00,2,1.77,89,1.27,D - Low Value,Yes
4001,185,1092.35,5.9,14.27,2018-04-01 09:25:25,2018-07-01 09:04:09,1,0.541,91,2.03,D - Low Value,Yes
4002,258,12349.22,47.87,117.37,2018-04-01 11:55:40,2018-06-30 18:55:47,0,0.0,91,2.84,B - High Value,No
4003,77,1475.75,19.17,94.65,2018-04-01 13:01:01,2018-07-01 10:52:46,4,5.195,91,0.85,D - Low Value,Yes
4004,14,1088.9,77.78,127.86,2018-04-03 18:43:05,2018-06-28 17:25:07,0,0.0,86,0.16,D - Low Value,No
4005,304,25588.59,84.17,213.31,2018-04-01 05:53:16,2018-07-01 17:05:19,0,0.0,92,3.3,A - Premium,No
4006,119,2778.36,23.35,52.48,2018-04-01 08:46:13,2018-07-01 12:13:11,0,0.0,92,1.29,D - Low Value,No
4007,300,16856.58,56.19,128.98,2018-04-02 03:39:38,2018-07-01 12:06:37,2,0.667,91,3.3,A - Premium,Yes
4008,146,11342.91,77.69,176.28,2018-04-01 03:18:42,2018-07-01 23:16:41,2,1.37,92,1.59,B - High Value,Yes
4009,141,10261.84,72.78,161.39,2018-04-01 06:25:43,2018-07-01 03:15:46,0,0.0,91,1.55,B - High Value,No
4010,39,1156.38,29.65,65.57,2018-04-01 03:20:48,2018-06-30 13:32:04,0,0.0,91,0.43,D - Low Value,No
4011,197,6658.31,33.8,77.06,2018-04-01 07:10:38,2018-07-01 17:41:30,0,0.0,92,2.14,C - Mid Value,No
4012,169,6376.01,37.73,87.86,2018-04-01 05:53:09,2018-07-01 11:09:24,0,0.0,92,1.84,C - Mid Value,No
4013,238,17705.45,74.39,187.39,2018-04-01 01:55:16,2018-07-01 15:55:52,3,1.261,92,2.59,A - Premium,Yes
4014,264,3020.48,11.44,24.9,2018-04-01 08:15:30,2018-07-01 07:35:49,0,0.0,91,2.9,C - Mid Value,No
4015,79,2563.28,32.45,75.2,2018-04-01 01:38:36,2018-06-29 07:40:03,0,0.0,90,0.88,D - Low Value,No
4016,74,5021.02,67.85,142.34,2018-04-04 15:31:03,2018-06-30 18:19:56,0,0.0,88,0.84,C - Mid Value,No
4017,267,9553.23,35.78,78.31,2018-04-01 11:07:00,2018-07-01 13:35:00,1,0.375,92,2.9,B - High Value,Yes
4018,95,1349.69,14.21,28.59,2018-04-02 09:20:14,2018-07-01 03:18:49,0,0.0,90,1.06,D - Low Value,No
4019,199,18850.25,94.72,223.24,2018-04-01 10:12:19,2018-07-01 16:02:58,1,0.503,92,2.16,A - Premium,Yes
4020,1,16.01,16.01,16.01,2018-06-19 20:12:56,2018-06-19 20:12:56,0,0.0,1,1.0,D - Low Value,No
4021,64,6026.13,94.16,215.67,2018-04-01 15:40:04,2018-06-27 11:30:31,0,0.0,87,0.74,C - Mid Value,No
4022,119,4944.11,41.55,168.15,2018-04-01 10:07:42,2018-07-01 22:15:44,5,4.202,92,1.29,C - Mid Value,Yes
4023,27,1240.25,45.94,107.71,2018-04-06 16:22:02,2018-06-26 10:24:31,1,3.704,81,0.33,D - Low Value,Yes
4024,237,11074.62,46.73,256.2,2018-04-01 05:47:52,2018-07-01 21:25:25,10,4.219,92,2.58,B - High Value,Yes
4025,254,10779.9,42.44,343.15,2018-04-01 08:54:53,2018-07-01 22:34:30,10,3.937,92,2.76,B - High Value,Yes
4026,31,1019.99,32.9,73.08,2018-04-02 06:07:03,2018-06-30 10:56:22,0,0.0,90,0.34,D - Low Value,No
4027,172,18789.95,109.24,613.95,2018-04-01 05:32:53,2018-07-01 16:14:31,9,5.233,92,1.87,A - Premium,Yes
4028,64,1390.2,21.72,42.29,2018-04-02 02:28:16,2018-06-29 22:13:50,0,0.0,89,0.72,D - Low Value,No
4029,318,21411.69,67.33,179.15,2018-04-01 07:17:36,2018-07-01 13:06:20,0,0.0,92,3.46,A - Premium,No
4030,204,20451.18,100.25,227.63,2018-04-01 13:24:05,2018-07-01 14:28:34,7,3.431,92,2.22,A - Premium,Yes
4031,36,1167.09,32.42,73.3,2018-04-07 03:33:37,2018-06-28 16:06:20,0,0.0,83,0.43,D - Low Value,No
4032,364,25314.58,69.55,150.62,2018-04-01 07:11:25,2018-07-01 16:59:21,2,0.549,92,3.96,A - Premium,Yes
4033,282,13084.92,46.4,109.38,2018-04-01 05:01:55,2018-07-01 21:09:44,2,0.709,92,3.07,B - High Value,Yes
4034,261,25692.95,98.44,227.01,2018-04-01 15:18:13,2018-07-01 11:46:11,1,0.383,91,2.87,A - Premium,Yes
4035,292,12412.05,42.51,99.29,2018-04-01 05:22:12,2018-07-01 04:21:13,0,0.0,91,3.21,B - High Value,No
4036,303,29208.31,96.4,234.65,2018-04-01 02:27:51,2018-07-01 05:48:31,3,0.99,92,3.29,A - Premium,Yes
4037,90,3668.26,40.76,81.14,2018-04-03 17:17:43,2018-07-01 09:56:58,0,0.0,89,1.01,C - Mid Value,No
4038,241,18175.11,75.42,187.11,2018-04-01 07:38:44,2018-07-01 13:43:09,0,0.0,92,2.62,A - Premium,No
4039,144,13650.82,94.8,234.77,2018-04-02 13:04:54,2018-06-27 15:21:38,3,2.083,87,1.66,B - High Value,Yes
4040,235,18847.23,80.2,173.74,2018-04-01 07:23:06,2018-07-01 05:28:23,0,0.0,91,2.58,A - Premium,No
4041,302,27494.76,91.04,196.94,2018-04-01 09:40:05,2018-07-01 23:25:15,0,0.0,92,3.28,A - Premium,No
4042,22,1872.89,85.13,149.59,2018-04-04 18:38:37,2018-06-23 20:08:35,0,0.0,81,0.27,D - Low Value,No
4043,165,1319.23,8.0,17.9,2018-04-02 11:32:06,2018-07-01 10:20:25,0,0.0,90,1.83,D - Low Value,No
4044,244,14031.38,57.51,138.09,2018-04-01 00:49:01,2018-07-01 11:23:29,0,0.0,92,2.65,B - High Value,No
4045,164,5409.45,32.98,77.07,2018-04-01 13:54:28,2018-07-01 12:47:58,0,0.0,91,1.8,C - Mid Value,No
4046,140,3152.73,22.52,49.49,2018-04-01 03:59:13,2018-07-01 10:23:27,1,0.714,92,1.52,C - Mid Value,Yes
4047,297,28523.47,96.04,222.94,2018-04-01 09:11:45,2018-07-01 12:48:58,3,1.01,92,3.23,A - Premium,Yes
4048,38,187.24,4.93,10.36,2018-04-01 12:35:54,2018-07-01 19:12:30,0,0.0,92,0.41,D - Low Value,No
4049,191,7985.51,41.81,91.48,2018-04-01 03:18:23,2018-07-01 19:58:22,0,0.0,92,2.08,B - High Value,No
4050,377,14498.98,38.46,92.82,2018-04-01 09:14:24,2018-07-01 05:08:31,2,0.531,91,4.14,A - Premium,Yes
4051,333,20209.73,60.69,138.6,2018-04-01 11:02:45,2018-07-01 11:42:51,0,0.0,92,3.62,A - Premium,No
4052,271,2582.85,9.53,24.03,2018-04-01 00:30:45,2018-07-01 13:04:56,5,1.845,92,2.95,D - Low Value,Yes
4053,92,6544.95,71.14,130.78,2018-04-01 16:03:59,2018-07-01 11:03:02,0,0.0,91,1.01,C - Mid Value,No
4054,307,2406.62,7.84,18.57,2018-04-01 05:36:17,2018-07-01 21:27:05,2,0.651,92,3.34,D - Low Value,Yes
4055,341,4784.58,14.03,31.27,2018-04-01 04:36:51,2018-07-01 06:11:12,1,0.293,92,3.71,C - Mid Value,Yes
4056,163,14848.4,91.09,237.11,2018-04-01 13:00:50,2018-06-30 19:28:06,1,0.613,91,1.79,A - Premium,Yes
4057,315,5287.67,16.79,38.34,2018-04-01 13:24:41,2018-07-01 16:47:05,0,0.0,92,3.42,C - Mid Value,No
4058,236,15717.39,66.6,156.35,2018-04-01 04:33:22,2018-07-01 16:01:10,0,0.0,92,2.57,A - Premium,No
4059,306,17407.03,56.89,127.89,2018-04-01 02:32:43,2018-07-01 19:15:18,1,0.327,92,3.33,A - Premium,Yes
4060,11,495.15,45.01,77.77,2018-04-09 15:11:34,2018-06-29 11:31:06,0,0.0,81,0.14,D - Low Value,No
4061,14,747.02,53.36,83.8,2018-04-01 12:33:47,2018-07-01 19:31:43,0,0.0,92,0.15,D - Low Value,No
4062,24,2500.24,104.18,170.99,2018-04-06 10:56:45,2018-06-27 08:35:46,0,0.0,82,0.29,D - Low Value,No
4063,32,3532.17,110.38,196.61,2018-04-02 10:07:46,2018-06-28 10:43:43,0,0.0,88,0.36,C - Mid Value,No
4064,67,6777.22,101.15,191.86,2018-04-03 15:13:32,2018-06-29 03:35:23,1,1.493,87,0.77,C - Mid Value,Yes
4065,285,14016.58,49.18,110.85,2018-04-01 11:31:01,2018-07-01 08:49:53,0,0.0,91,3.13,B - High Value,No
4066,12,1136.54,94.71,159.97,2018-04-01 09:25:16,2018-06-16 05:05:06,0,0.0,76,0.16,D - Low Value,No
4067,306,25447.03,83.16,222.69,2018-04-01 09:38:41,2018-07-01 20:40:01,1,0.327,92,3.33,A - Premium,Yes
4068,159,3577.84,22.5,177.05,2018-04-01 12:31:43,2018-06-29 13:24:06,7,4.403,90,1.77,C - Mid Value,Yes
4069,363,32768.89,90.27,199.77,2018-04-01 13:39:43,2018-07-01 17:06:10,1,0.275,92,3.95,A - Premium,Yes
4070,57,1751.64,30.73,60.26,2018-04-03 09:39:52,2018-07-01 19:32:32,0,0.0,90,0.63,D - Low Value,No
4071,184,4050.61,22.01,48.25,2018-04-01 16:50:19,2018-06-30 11:57:05,0,0.0,90,2.04,C - Mid Value,No
4072,44,3563.91,81.0,175.24,2018-04-02 17:53:19,2018-06-30 18:43:22,0,0.0,90,0.49,C - Mid Value,No
4073,273,18994.93,69.58,152.07,2018-04-01 17:18:53,2018-07-01 13:56:32,3,1.099,91,3.0,A - Premium,Yes
4074,211,21397.21,101.41,248.95,2018-04-01 05:34:15,2018-07-01 21:24:43,2,0.948,92,2.29,A - Premium,Yes
4075,229,8322.0,36.34,78.21,2018-04-01 05:17:35,2018-07-01 12:04:26,1,0.437,92,2.49,B - High Value,Yes
4076,126,7871.13,62.47,128.09,2018-04-01 22:11:38,2018-07-01 19:52:17,0,0.0,91,1.38,B - High Value,No
4077,173,17513.15,101.23,223.47,2018-04-01 07:35:18,2018-07-01 16:18:15,2,1.156,92,1.88,A - Premium,Yes
4078,70,1674.76,23.93,50.65,2018-04-04 08:39:16,2018-06-29 12:57:52,0,0.0,87,0.8,D - Low Value,No
4079,324,10311.48,31.83,76.31,2018-04-01 04:35:48,2018-07-01 08:41:12,2,0.617,92,3.52,B - High Value,Yes
4080,331,3391.69,10.25,27.17,2018-04-01 14:31:03,2018-07-01 19:13:30,5,1.511,92,3.6,C - Mid Value,Yes
4081,328,10678.83,32.56,76.54,2018-04-01 04:01:41,2018-07-01 22:01:46,5,1.524,92,3.57,B - High Value,Yes
4082,282,1949.16,6.91,16.64,2018-04-01 08:28:01,2018-07-01 03:28:01,5,1.773,91,3.1,D - Low Value,Yes
4083,145,3239.69,22.34,57.54,2018-04-01 09:10:12,2018-07-01 07:36:40,0,0.0,91,1.59,C - Mid Value,No
4084,291,21949.34,75.43,162.13,2018-04-01 08:03:27,2018-07-01 21:02:04,0,0.0,92,3.16,A - Premium,No
4085,225,22912.19,101.83,220.37,2018-04-02 01:23:16,2018-07-01 06:57:45,2,0.889,91,2.47,A - Premium,Yes
4086,316,3291.94,10.42,26.5,2018-04-01 05:35:08,2018-07-01 19:09:52,4,1.266,92,3.43,C - Mid Value,Yes
4087,78,5465.85,70.08,134.95,2018-04-05 07:48:49,2018-07-01 06:52:49,0,0.0,87,0.9,C - Mid Value,No
4088,11,1091.51,99.23,399.1,2018-04-01 19:28:36,2018-06-07 17:14:18,1,9.091,67,0.16,D - Low Value,Yes
4089,336,6696.09,19.93,47.65,2018-04-01 05:58:00,2018-07-01 10:58:31,1,0.298,92,3.65,C - Mid Value,Yes
4090,126,873.92,6.94,14.25,2018-04-01 03:49:42,2018-06-30 09:32:48,0,0.0,91,1.38,D - Low Value,No
4091,7,274.31,39.19,55.88,2018-04-21 15:09:19,2018-06-20 15:24:09,0,0.0,61,0.11,D - Low Value,No
4092,307,25638.4,83.51,568.6,2018-04-01 14:20:06,2018-07-01 20:52:30,14,4.56,92,3.34,A - Premium,Yes
4093,322,16370.76,50.84,111.87,2018-04-01 12:06:39,2018-07-01 19:42:05,1,0.311,92,3.5,A - Premium,Yes
4094,312,26852.63,86.07,205.42,2018-04-01 11:05:28,2018-07-01 14:54:17,7,2.244,92,3.39,A - Premium,Yes
4095,122,10174.88,83.4,204.29,2018-04-01 18:27:45,2018-06-30 17:52:03,0,0.0,90,1.36,B - High Value,No
4096,178,10175.52,57.17,126.62,2018-04-01 09:19:46,2018-07-01 14:21:01,1,0.562,92,1.93,B - High Value,Yes
4097,156,6291.53,40.33,94.41,2018-04-01 22:29:08,2018-07-01 17:54:49,3,1.923,91,1.71,C - Mid Value,Yes
4098,317,26803.65,84.55,195.18,2018-04-01 15:54:28,2018-07-01 13:07:27,0,0.0,91,3.48,A - Premium,No
4099,183,10500.99,57.38,134.5,2018-04-01 12:24:02,2018-07-01 18:16:24,0,0.0,92,1.99,B - High Value,No
4100,142,9613.06,67.7,158.91,2018-04-01 07:16:20,2018-07-01 18:55:17,2,1.408,92,1.54,B - High Value,Yes
4101,256,7276.08,28.42,56.93,2018-04-01 12:43:46,2018-07-01 15:06:31,0,0.0,92,2.78,B - High Value,No
4102,103,8662.18,84.1,169.03,2018-04-01 09:10:43,2018-07-01 12:12:18,0,0.0,92,1.12,B - High Value,No
4103,72,488.43,6.78,16.55,2018-04-02 06:00:43,2018-07-01 17:43:31,0,0.0,91,0.79,D - Low Value,No
4104,140,13192.66,94.23,212.16,2018-04-01 10:53:53,2018-06-30 04:55:41,0,0.0,90,1.56,B - High Value,No
4105,291,16106.72,55.35,127.97,2018-04-01 11:20:36,2018-07-01 12:05:52,3,1.031,92,3.16,A - Premium,Yes
4106,298,29715.37,99.72,209.19,2018-04-01 00:39:10,2018-07-01 07:44:44,1,0.336,92,3.24,A - Premium,Yes
4107,107,989.21,9.24,17.26,2018-04-02 10:05:50,2018-07-01 22:53:51,1,0.935,91,1.18,D - Low Value,Yes
4108,353,13306.72,37.7,90.71,2018-04-01 05:30:30,2018-07-01 13:17:54,4,1.133,92,3.84,B - High Value,Yes
4109,144,6683.98,46.42,97.35,2018-04-01 03:02:04,2018-07-01 19:32:05,0,0.0,92,1.57,C - Mid Value,No
4110,303,12802.24,42.25,94.64,2018-04-01 09:31:26,2018-07-01 17:38:29,2,0.66,92,3.29,B - High Value,Yes
4111,235,10052.0,42.77,88.17,2018-04-01 08:38:58,2018-07-01 07:13:57,1,0.426,91,2.58,B - High Value,Yes
4112,182,6563.23,36.06,76.88,2018-04-02 02:11:45,2018-06-29 12:54:41,0,0.0,89,2.04,C - Mid Value,No
4113,321,7559.32,23.55,58.41,2018-04-01 00:57:34,2018-07-01 12:45:07,1,0.312,92,3.49,B - High Value,Yes
4114,195,8288.18,42.5,112.3,2018-04-01 03:52:19,2018-07-01 22:00:11,0,0.0,92,2.12,B - High Value,No
4115,305,2407.46,7.89,21.5,2018-04-01 01:10:07,2018-07-01 19:45:22,0,0.0,92,3.32,D - Low Value,No
4116,272,17787.06,65.39,148.95,2018-04-01 07:09:41,2018-07-01 13:45:27,4,1.471,92,2.96,A - Premium,Yes
4117,103,1097.15,10.65,31.32,2018-04-01 21:55:25,2018-07-01 20:18:14,0,0.0,91,1.13,D - Low Value,No
4118,262,7527.69,28.73,72.51,2018-04-01 07:50:10,2018-07-01 22:06:21,0,0.0,92,2.85,B - High Value,No
4119,35,623.74,17.82,30.51,2018-04-10 18:07:58,2018-07-01 06:21:08,0,0.0,82,0.43,D - Low Value,No
4120,176,10512.73,59.73,131.73,2018-04-01 17:14:18,2018-07-01 20:10:23,0,0.0,92,1.91,B - High Value,No
4121,276,4731.07,17.14,37.86,2018-04-01 07:21:21,2018-07-01 09:14:24,0,0.0,92,3.0,C - Mid Value,No
4122,194,9376.13,48.33,126.91,2018-04-01 02:18:26,2018-07-01 17:03:59,0,0.0,92,2.11,B - High Value,No
4123,3,130.4,43.47,58.59,2018-04-09 08:15:54,2018-05-02 11:50:01,0,0.0,24,0.12,D - Low Value,No
4124,215,16038.57,74.6,170.49,2018-04-01 06:29:53,2018-07-01 17:20:47,1,0.465,92,2.34,A - Premium,Yes
4125,139,4106.19,29.54,61.52,2018-04-01 02:39:44,2018-06-30 00:21:26,1,0.719,90,1.54,C - Mid Value,Yes
4126,308,16779.32,54.48,124.0,2018-04-01 11:58:27,2018-07-01 16:32:57,1,0.325,92,3.35,A - Premium,Yes
4127,93,5721.19,61.52,111.46,2018-04-02 10:34:02,2018-06-28 06:19:13,0,0.0,87,1.07,C - Mid Value,No
4128,301,17256.74,57.33,131.05,2018-04-01 00:09:29,2018-07-01 11:04:23,0,0.0,92,3.27,A - Premium,No
4129,42,4071.42,96.94,196.7,2018-04-02 06:28:08,2018-07-01 11:39:15,1,2.381,91,0.46,C - Mid Value,Yes
4130,16,749.92,46.87,79.59,2018-04-01 15:41:18,2018-06-28 08:20:21,0,0.0,88,0.18,D - Low Value,No
4131,154,7719.14,50.12,109.79,2018-04-01 09:08:54,2018-07-01 10:00:10,0,0.0,92,1.67,B - High Value,No
4132,330,13184.84,39.95,103.16,2018-04-01 10:21:23,2018-07-01 21:56:52,0,0.0,92,3.59,B - High Value,No
4133,55,3128.98,56.89,133.16,2018-04-06 08:55:34,2018-07-01 03:20:01,0,0.0,86,0.64,C - Mid Value,No
4134,156,9612.46,61.62,127.2,2018-04-01 05:25:06,2018-07-01 06:32:45,1,0.641,92,1.7,B - High Value,Yes
4135,317,32025.52,101.03,309.23,2018-04-01 02:42:11,2018-07-01 16:07:35,8,2.524,92,3.45,A - Premium,Yes
4136,160,11721.98,73.26,157.84,2018-04-01 19:22:31,2018-07-01 17:58:57,1,0.625,91,1.76,B - High Value,Yes
4137,49,2327.17,47.49,122.71,2018-04-01 16:26:04,2018-06-26 07:41:12,0,0.0,86,0.57,D - Low Value,No
4138,32,1596.9,49.9,108.85,2018-04-02 10:21:55,2018-06-28 22:45:54,0,0.0,88,0.36,D - Low Value,No
4139,190,9015.47,47.45,110.76,2018-04-02 07:36:40,2018-07-01 18:24:04,0,0.0,91,2.09,B - High Value,No
4140,287,28608.54,99.68,237.67,2018-04-01 20:10:37,2018-07-01 15:50:32,2,0.697,91,3.15,A - Premium,Yes
4141,301,18175.65,60.38,134.83,2018-04-01 09:23:51,2018-07-01 13:06:19,1,0.332,92,3.27,A - Premium,Yes
4142,24,2174.58,90.61,171.97,2018-04-14 14:01:16,2018-06-28 14:51:04,2,8.333,76,0.32,D - Low Value,Yes
4143,314,13372.5,42.59,106.5,2018-04-01 00:43:00,2018-07-01 16:51:23,0,0.0,92,3.41,B - High Value,No
4144,77,4817.53,62.57,139.48,2018-04-03 10:24:14,2018-06-29 08:34:21,0,0.0,87,0.89,C - Mid Value,No
4145,8,75.95,9.49,14.62,2018-04-09 07:40:49,2018-06-11 10:39:37,0,0.0,64,0.12,D - Low Value,No
4146,14,152.48,10.89,17.64,2018-04-01 09:43:35,2018-06-20 07:28:47,0,0.0,80,0.18,D - Low Value,No
4147,352,33221.6,94.38,205.83,2018-04-01 12:35:52,2018-07-01 19:26:29,0,0.0,92,3.83,A - Premium,No
4148,202,12059.24,59.7,121.05,2018-04-02 11:43:22,2018-07-01 23:21:47,2,0.99,91,2.22,B - High Value,Yes
4149,199,9472.51,47.6,118.23,2018-04-01 12:57:52,2018-07-01 09:42:56,1,0.503,91,2.19,B - High Value,Yes
4150,21,769.75,36.65,65.35,2018-04-04 10:24:44,2018-06-30 04:19:18,0,0.0,87,0.24,D - Low Value,No
4151,287,22727.0,79.19,196.52,2018-04-01 11:10:25,2018-07-01 14:58:25,7,2.439,92,3.12,A - Premium,Yes
4152,20,1863.53,93.18,154.51,2018-04-18 09:05:52,2018-06-26 08:28:16,2,10.0,69,0.29,D - Low Value,Yes
4153,186,8847.08,47.56,116.73,2018-04-01 06:25:07,2018-07-01 19:56:53,3,1.613,92,2.02,B - High Value,Yes
4154,84,8616.15,102.57,191.4,2018-04-04 14:09:23,2018-06-29 12:49:54,0,0.0,86,0.98,B - High Value,No
4155,55,684.5,12.45,26.45,2018-04-01 03:27:23,2018-06-29 13:40:05,0,0.0,90,0.61,D - Low Value,No
4156,236,16717.85,70.84,174.34,2018-04-01 01:43:35,2018-07-01 03:04:52,4,1.695,92,2.57,A - Premium,Yes
4157,309,21663.58,70.11,179.98,2018-04-01 10:23:41,2018-07-01 20:09:32,2,0.647,92,3.36,A - Premium,Yes
4158,238,4584.06,19.26,52.19,2018-04-01 04:30:13,2018-07-01 07:53:31,0,0.0,92,2.59,C - Mid Value,No
4159,244,17581.92,72.06,162.82,2018-04-01 07:30:04,2018-07-01 10:49:28,2,0.82,92,2.65,A - Premium,Yes
4160,115,9373.74,81.51,159.58,2018-04-02 03:47:56,2018-07-01 21:45:27,1,0.87,91,1.26,B - High Value,Yes
4161,353,7359.06,20.85,49.14,2018-04-01 16:58:21,2018-07-01 14:33:20,1,0.283,91,3.88,B - High Value,Yes
4162,139,9269.88,66.69,167.56,2018-04-01 17:15:07,2018-07-01 09:46:27,3,2.158,91,1.53,B - High Value,Yes
4163,307,36495.54,118.88,947.4,2018-04-01 10:30:32,2018-07-01 12:54:06,21,6.84,92,3.34,A - Premium,Yes
4164,91,4206.8,46.23,105.64,2018-04-02 08:44:27,2018-07-01 11:11:58,2,2.198,91,1.0,C - Mid Value,Yes
4165,160,11527.53,72.05,151.35,2018-04-02 10:10:57,2018-07-01 08:59:44,4,2.5,90,1.78,B - High Value,Yes
4166,275,3806.25,13.84,32.94,2018-04-01 10:03:07,2018-07-01 15:32:32,0,0.0,92,2.99,C - Mid Value,No
4167,148,4229.13,28.58,87.16,2018-04-02 01:43:38,2018-07-01 20:53:27,1,0.676,91,1.63,C - Mid Value,Yes
4168,369,14207.97,38.5,103.9,2018-04-01 07:45:15,2018-07-01 20:58:45,4,1.084,92,4.01,B - High Value,Yes
4169,115,1386.27,12.05,31.09,2018-04-01 07:09:33,2018-07-01 14:02:53,0,0.0,92,1.25,D - Low Value,No
4170,250,3935.59,15.74,36.4,2018-04-01 07:31:09,2018-07-01 13:51:27,0,0.0,92,2.72,C - Mid Value,No
4171,135,4982.84,36.91,94.7,2018-04-01 11:57:05,2018-07-01 13:08:25,1,0.741,92,1.47,C - Mid Value,Yes
4172,81,1644.9,20.31,48.98,2018-04-02 07:49:14,2018-07-01 10:00:24,1,1.235,91,0.89,D - Low Value,Yes
4173,305,12365.91,40.54,94.96,2018-04-01 13:43:20,2018-07-01 20:29:01,0,0.0,92,3.32,B - High Value,No
4174,287,16454.74,57.33,133.8,2018-04-01 09:34:16,2018-07-01 16:26:44,2,0.697,92,3.12,A - Premium,Yes
4175,205,4058.3,19.8,44.92,2018-04-01 07:56:30,2018-07-01 08:40:08,0,0.0,92,2.23,C - Mid Value,No
4176,61,894.92,14.67,24.81,2018-04-01 14:48:32,2018-07-01 08:06:52,0,0.0,91,0.67,D - Low Value,No
4177,266,12814.58,48.18,113.95,2018-04-01 00:20:40,2018-07-01 20:52:49,0,0.0,92,2.89,B - High Value,No
4178,160,5694.35,35.59,83.25,2018-04-02 09:55:41,2018-07-01 13:10:48,3,1.875,91,1.76,C - Mid Value,Yes
4179,304,20128.52,66.21,149.29,2018-04-01 13:07:26,2018-07-01 17:33:01,1,0.329,92,3.3,A - Premium,Yes
4180,40,2018.16,50.45,109.66,2018-04-03 11:10:36,2018-06-30 11:48:58,0,0.0,89,0.45,D - Low Value,No
4181,84,6773.6,80.64,167.62,2018-04-01 09:35:35,2018-06-29 20:23:42,0,0.0,90,0.93,C - Mid Value,No
4182,102,2457.83,24.1,54.25,2018-04-02 11:40:25,2018-06-30 12:05:02,0,0.0,90,1.13,D - Low Value,No
4183,257,1910.58,7.43,18.68,2018-04-01 17:07:43,2018-07-01 17:57:38,5,1.946,92,2.79,D - Low Value,Yes
4184,160,4669.42,29.18,74.24,2018-04-01 13:48:04,2018-07-01 19:27:40,0,0.0,92,1.74,C - Mid Value,No
4185,247,19006.43,76.95,185.44,2018-04-01 12:05:23,2018-06-30 16:52:58,0,0.0,91,2.71,A - Premium,No
4186,87,7100.99,81.62,183.4,2018-04-01 16:36:06,2018-07-01 16:54:17,0,0.0,92,0.95,C - Mid Value,No
4187,298,18319.59,61.48,162.63,2018-04-01 04:00:58,2018-07-01 17:23:47,2,0.671,92,3.24,A - Premium,Yes
4188,242,16720.82,69.09,158.57,2018-04-02 14:24:20,2018-07-01 18:05:37,0,0.0,91,2.66,A - Premium,No
4189,105,1371.23,13.06,26.95,2018-04-04 01:11:12,2018-06-29 13:17:38,0,0.0,87,1.21,D - Low Value,No
4190,171,10665.39,62.37,136.79,2018-04-01 12:31:37,2018-07-01 11:50:25,2,1.17,91,1.88,B - High Value,Yes
4191,147,2752.75,18.73,39.98,2018-04-01 10:00:00,2018-06-30 14:46:05,3,2.041,91,1.62,D - Low Value,Yes
4192,109,10912.89,100.12,186.59,2018-04-01 15:31:20,2018-07-01 14:02:15,1,0.917,91,1.2,B - High Value,Yes
4193,100,6046.31,60.46,136.63,2018-04-01 12:22:07,2018-06-30 10:07:06,0,0.0,90,1.11,C - Mid Value,No
4194,31,1349.15,43.52,94.79,2018-04-03 06:21:33,2018-06-26 14:29:41,0,0.0,85,0.36,D - Low Value,No
4195,323,8036.02,24.88,64.25,2018-04-01 07:09:10,2018-07-01 18:06:12,0,0.0,92,3.51,B - High Value,No
4196,200,4881.71,24.41,54.96,2018-04-01 02:36:59,2018-07-01 17:16:57,0,0.0,92,2.17,C - Mid Value,No
4197,316,10129.19,32.05,82.9,2018-04-01 06:41:57,2018-06-30 17:26:15,1,0.316,91,3.47,B - High Value,Yes
4198,212,19278.05,90.93,617.05,2018-04-01 08:21:37,2018-07-01 13:39:38,14,6.604,92,2.3,A - Premium,Yes
4199,235,22587.36,96.12,224.97,2018-04-01 12:31:55,2018-07-01 19:19:12,3,1.277,92,2.55,A - Premium,Yes
4200,284,11888.88,41.86,107.79,2018-04-01 12:06:42,2018-07-01 19:49:57,0,0.0,92,3.09,B - High Value,No
4201,13,943.16,72.55,142.37,2018-04-04 15:03:14,2018-07-01 06:56:07,0,0.0,88,0.15,D - Low Value,No
4202,181,4003.02,22.12,50.32,2018-04-01 07:47:06,2018-07-01 16:49:15,1,0.552,92,1.97,C - Mid Value,Yes
4203,308,28015.33,90.96,217.71,2018-04-01 01:25:29,2018-07-01 23:57:27,0,0.0,92,3.35,A - Premium,No
4204,113,1469.95,13.01,27.75,2018-04-02 14:07:09,2018-07-01 18:23:14,1,0.885,91,1.24,D - Low Value,Yes
4205,97,6084.8,62.73,125.69,2018-04-01 00:28:12,2018-07-01 13:35:18,1,1.031,92,1.05,C - Mid Value,Yes
4206,40,2268.4,56.71,108.95,2018-04-11 06:39:14,2018-06-30 11:25:06,0,0.0,81,0.49,D - Low Value,No
4207,20,1642.36,82.12,128.97,2018-04-08 14:36:35,2018-07-01 15:13:41,0,0.0,85,0.24,D - Low Value,No
4208,68,5591.14,82.22,222.14,2018-04-02 11:00:56,2018-06-29 14:41:35,1,1.471,89,0.76,C - Mid Value,Yes
4209,96,1923.47,20.04,41.56,2018-04-01 09:05:42,2018-07-01 09:54:33,0,0.0,92,1.04,D - Low Value,No
4210,47,4156.97,88.45,198.69,2018-04-01 07:08:18,2018-06-29 13:43:33,1,2.128,90,0.52,C - Mid Value,Yes
4211,301,3357.38,11.15,25.1,2018-04-01 04:43:21,2018-07-01 16:25:04,5,1.661,92,3.27,C - Mid Value,Yes
4212,45,970.11,21.56,45.87,2018-04-02 09:51:32,2018-07-01 09:36:45,0,0.0,90,0.5,D - Low Value,No
4213,135,3797.96,28.13,67.83,2018-04-03 08:00:15,2018-07-01 08:57:28,0,0.0,90,1.5,C - Mid Value,No
4214,120,3856.82,32.14,72.88,2018-04-01 14:15:16,2018-07-01 17:36:55,1,0.833,92,1.3,C - Mid Value,Yes
4215,144,10527.59,73.11,155.93,2018-04-01 08:27:13,2018-06-30 09:22:16,0,0.0,91,1.58,B - High Value,No
4216,239,20488.58,85.73,212.04,2018-04-01 09:21:57,2018-07-01 14:03:10,2,0.837,92,2.6,A - Premium,Yes
4217,196,14322.3,73.07,191.57,2018-04-01 01:29:37,2018-07-01 16:10:11,0,0.0,92,2.13,A - Premium,No
4218,230,5192.16,22.57,53.35,2018-04-01 06:50:54,2018-07-01 12:14:32,0,0.0,92,2.5,C - Mid Value,No
4219,284,9265.44,32.62,68.94,2018-04-01 04:19:42,2018-07-01 12:32:48,0,0.0,92,3.09,B - High Value,No
4220,36,4045.76,112.38,223.29,2018-04-04 17:47:14,2018-06-28 09:14:21,2,5.556,85,0.42,C - Mid Value,Yes
4221,71,674.07,9.49,20.4,2018-04-04 12:34:32,2018-06-30 08:29:48,1,1.408,87,0.82,D - Low Value,Yes
4222,69,1704.83,24.71,59.09,2018-04-02 01:08:59,2018-06-30 19:45:15,0,0.0,90,0.77,D - Low Value,No
4223,355,25247.22,71.12,165.97,2018-04-01 04:36:42,2018-07-01 10:33:36,0,0.0,92,3.86,A - Premium,No
4224,4,72.74,18.18,27.74,2018-04-06 12:52:29,2018-07-01 14:01:03,0,0.0,87,0.05,D - Low Value,No
4225,154,1809.39,11.75,24.23,2018-04-01 09:09:53,2018-07-01 12:44:50,3,1.948,92,1.67,D - Low Value,Yes
4226,267,26752.14,100.2,254.3,2018-04-01 09:45:42,2018-07-01 09:43:50,2,0.749,91,2.93,A - Premium,Yes
4227,246,23133.34,94.04,629.55,2018-04-01 13:14:12,2018-07-01 15:40:19,17,6.911,92,2.67,A - Premium,Yes
4228,2,162.13,81.06,90.11,2018-05-09 05:19:48,2018-06-13 03:27:30,0,0.0,35,0.06,D - Low Value,No
4229,186,12026.95,64.66,175.1,2018-04-01 13:07:09,2018-07-01 17:30:12,0,0.0,92,2.02,B - High Value,No
4230,147,13867.82,94.34,185.14,2018-04-01 21:44:38,2018-07-01 11:25:46,0,0.0,91,1.62,B - High Value,No
4231,383,32440.42,84.7,208.29,2018-04-01 14:18:26,2018-07-01 17:15:09,3,0.783,92,4.16,A - Premium,Yes
4232,310,13770.41,44.42,99.58,2018-04-01 06:27:24,2018-07-01 18:36:30,3,0.968,92,3.37,B - High Value,Yes
4233,268,5734.68,21.4,46.65,2018-04-01 10:34:06,2018-07-01 17:52:15,0,0.0,92,2.91,C - Mid Value,No
4234,261,7937.72,30.41,81.8,2018-04-01 08:39:12,2018-07-01 13:55:02,0,0.0,92,2.84,B - High Value,No
4235,129,10844.13,84.06,193.58,2018-04-01 00:51:19,2018-06-29 12:09:35,0,0.0,90,1.43,B - High Value,No
4236,97,1292.96,13.33,35.69,2018-04-01 11:57:37,2018-07-01 13:39:04,0,0.0,92,1.05,D - Low Value,No
4237,316,28706.75,90.84,233.89,2018-04-01 04:29:27,2018-07-01 11:31:02,5,1.582,92,3.43,A - Premium,Yes
4238,182,18503.1,101.67,240.85,2018-04-01 10:00:13,2018-06-30 10:28:51,4,2.198,91,2.0,A - Premium,Yes
4239,154,8348.84,54.21,125.85,2018-04-01 07:11:43,2018-07-01 20:30:36,1,0.649,92,1.67,B - High Value,Yes
4240,220,9199.66,41.82,93.91,2018-04-01 11:38:26,2018-07-01 15:26:11,0,0.0,92,2.39,B - High Value,No
4241,79,1311.44,16.6,130.15,2018-04-02 09:22:30,2018-07-01 14:09:10,4,5.063,91,0.87,D - Low Value,Yes
4242,31,1462.79,47.19,112.08,2018-04-02 00:33:29,2018-06-29 16:05:09,0,0.0,89,0.35,D - Low Value,No
4243,226,8176.82,36.18,87.52,2018-04-01 05:40:00,2018-07-01 18:12:13,1,0.442,92,2.46,B - High Value,Yes
4244,60,3677.73,61.3,117.02,2018-04-02 05:53:34,2018-07-01 22:54:39,0,0.0,91,0.66,C - Mid Value,No
4245,243,11267.71,46.37,102.99,2018-04-01 10:06:27,2018-07-01 08:36:15,0,0.0,91,2.67,B - High Value,No
4246,129,801.59,6.21,14.73,2018-04-02 05:25:27,2018-07-01 10:40:17,0,0.0,91,1.42,D - Low Value,No
4247,137,14133.93,103.17,239.03,2018-04-02 11:37:31,2018-07-01 09:04:01,1,0.73,90,1.52,B - High Value,Yes
4248,163,15015.71,92.12,183.7,2018-04-01 08:30:51,2018-07-01 09:59:15,0,0.0,92,1.77,A - Premium,No
4249,188,20894.84,111.14,690.2,2018-04-01 05:43:01,2018-07-01 21:59:31,8,4.255,92,2.04,A - Premium,Yes
4250,31,1686.91,54.42,100.72,2018-04-03 07:36:32,2018-06-26 15:18:34,0,0.0,85,0.36,D - Low Value,No
4251,244,23167.88,94.95,213.65,2018-04-01 09:24:47,2018-07-01 15:11:04,0,0.0,92,2.65,A - Premium,No
4252,266,22889.64,86.05,533.0,2018-04-01 17:48:42,2018-07-01 19:09:11,15,5.639,92,2.89,A - Premium,Yes
4253,169,23237.34,137.5,1039.3,2018-04-01 12:27:07,2018-06-28 12:27:48,13,7.692,89,1.9,A - Premium,Yes
4254,301,3238.7,10.76,27.36,2018-04-01 03:23:59,2018-07-01 14:00:38,0,0.0,92,3.27,C - Mid Value,No
4255,300,25007.31,83.36,212.86,2018-04-01 05:50:46,2018-07-01 12:17:47,2,0.667,92,3.26,A - Premium,Yes
4256,120,11437.79,95.31,204.56,2018-04-01 05:51:23,2018-07-01 16:46:07,2,1.667,92,1.3,B - High Value,Yes
4257,303,4116.06,13.58,30.43,2018-04-01 08:59:13,2018-07-01 20:30:35,4,1.32,92,3.29,C - Mid Value,Yes
4258,292,22275.66,76.29,166.95,2018-04-02 09:11:38,2018-07-01 17:31:20,0,0.0,91,3.21,A - Premium,No
4259,132,7254.12,54.96,523.5,2018-04-01 05:40:40,2018-06-30 20:01:38,6,4.545,91,1.45,B - High Value,Yes
4260,8,566.9,70.86,116.91,2018-04-13 11:42:52,2018-06-24 10:44:12,0,0.0,72,0.11,D - Low Value,No
4261,114,2599.06,22.8,52.66,2018-04-01 06:09:47,2018-06-29 16:09:27,0,0.0,90,1.27,D - Low Value,No
4262,177,1710.73,9.67,20.3,2018-04-02 19:23:35,2018-07-01 13:33:40,0,0.0,90,1.97,D - Low Value,No
4263,52,4439.44,85.37,413.85,2018-04-01 15:39:04,2018-07-01 11:21:32,4,7.692,91,0.57,C - Mid Value,Yes
4264,32,494.77,15.46,32.18,2018-04-05 10:03:04,2018-07-01 10:53:50,0,0.0,88,0.36,D - Low Value,No
4265,117,7097.83,60.67,129.26,2018-04-01 07:43:18,2018-07-01 09:20:34,0,0.0,92,1.27,C - Mid Value,No
4266,127,7222.32,56.87,144.05,2018-04-01 18:30:19,2018-07-01 11:55:10,1,0.787,91,1.4,B - High Value,Yes
4267,214,11784.63,55.07,132.22,2018-04-01 16:01:56,2018-07-01 12:47:58,0,0.0,91,2.35,B - High Value,No
4268,52,521.14,10.02,24.49,2018-04-01 07:30:07,2018-06-27 19:47:44,0,0.0,88,0.59,D - Low Value,No
4269,151,5105.93,33.81,65.28,2018-04-02 09:46:30,2018-07-01 13:30:34,0,0.0,91,1.66,C - Mid Value,No
4270,172,10855.54,63.11,142.33,2018-04-01 09:13:01,2018-07-01 09:35:06,0,0.0,92,1.87,B - High Value,No
4271,321,23538.95,73.33,162.54,2018-04-01 08:33:14,2018-07-01 14:52:23,1,0.312,92,3.49,A - Premium,Yes
4272,136,8574.0,63.04,145.38,2018-04-01 12:43:28,2018-07-01 17:24:23,0,0.0,92,1.48,B - High Value,No
4273,102,6175.7,60.55,152.88,2018-04-02 07:09:19,2018-06-30 18:27:38,0,0.0,90,1.13,C - Mid Value,No
4274,177,5699.7,32.2,73.24,2018-04-01 09:55:22,2018-07-01 20:24:02,2,1.13,92,1.92,C - Mid Value,Yes
4275,95,6654.63,70.05,148.81,2018-04-01 16:01:06,2018-06-30 01:34:52,0,0.0,90,1.06,C - Mid Value,No
4276,358,22456.54,62.73,445.85,2018-04-01 10:38:14,2018-07-01 15:29:02,14,3.911,92,3.89,A - Premium,Yes
4277,22,1163.07,52.87,113.63,2018-04-07 10:06:53,2018-07-01 12:16:04,0,0.0,86,0.26,D - Low Value,No
4278,95,2585.01,27.21,48.96,2018-04-01 16:19:37,2018-07-01 19:51:37,0,0.0,92,1.03,D - Low Value,No
4279,133,2374.09,17.85,37.44,2018-04-01 08:21:48,2018-07-01 16:23:15,0,0.0,92,1.45,D - Low Value,No
4280,32,2213.08,69.16,129.67,2018-04-01 07:37:44,2018-06-29 16:27:39,1,3.125,90,0.36,D - Low Value,Yes
4281,95,9383.16,98.77,206.48,2018-04-03 13:10:10,2018-07-01 11:07:28,0,0.0,89,1.07,B - High Value,No
4282,260,5753.58,22.13,53.7,2018-04-01 07:09:50,2018-07-01 13:56:35,0,0.0,92,2.83,C - Mid Value,No
4283,191,5512.62,28.86,63.22,2018-04-02 08:27:28,2018-07-01 07:18:06,0,0.0,90,2.12,C - Mid Value,No
4284,123,8347.93,67.87,137.26,2018-04-01 13:56:05,2018-06-30 15:54:17,0,0.0,91,1.35,B - High Value,No
4285,59,5414.0,91.76,171.28,2018-04-02 04:59:33,2018-06-28 17:17:30,2,3.39,88,0.67,C - Mid Value,Yes
4286,349,21354.2,61.19,152.13,2018-04-01 13:05:19,2018-07-01 15:49:47,5,1.433,92,3.79,A - Premium,Yes
4287,117,11569.1,98.88,235.67,2018-04-01 10:10:57,2018-06-30 09:32:55,3,2.564,90,1.3,B - High Value,Yes
4288,144,12072.81,83.84,188.41,2018-04-01 07:43:55,2018-06-30 05:36:12,0,0.0,90,1.6,B - High Value,No
4289,156,13322.44,85.4,190.67,2018-04-01 17:17:57,2018-07-01 13:17:21,0,0.0,91,1.71,B - High Value,No
4290,115,3823.97,33.25,66.5,2018-04-02 10:14:17,2018-07-01 14:55:11,0,0.0,91,1.26,C - Mid Value,No
4291,263,20763.84,78.95,206.91,2018-04-01 10:41:02,2018-07-01 21:08:26,0,0.0,92,2.86,A - Premium,No
4292,103,3266.43,31.71,66.59,2018-04-02 12:44:29,2018-07-01 11:52:06,0,0.0,90,1.14,C - Mid Value,No
4293,319,19070.67,59.78,130.4,2018-04-01 06:19:47,2018-07-01 18:40:00,5,1.567,92,3.47,A - Premium,Yes
4294,158,16106.29,101.94,249.02,2018-04-01 14:05:47,2018-07-01 16:04:23,2,1.266,92,1.72,A - Premium,Yes
4295,170,7671.54,45.13,97.65,2018-04-01 15:00:12,2018-07-01 17:56:01,0,0.0,92,1.85,B - High Value,No
4296,125,9649.71,77.2,180.38,2018-04-02 19:59:27,2018-06-30 08:51:02,0,0.0,89,1.4,B - High Value,No
4297,73,437.58,5.99,12.46,2018-04-01 04:54:57,2018-06-30 18:58:35,0,0.0,91,0.8,D - Low Value,No
4298,66,6006.04,91.0,217.99,2018-04-01 07:11:45,2018-07-01 13:40:43,0,0.0,92,0.72,C - Mid Value,No
4299,33,3520.62,106.69,184.8,2018-04-03 14:22:54,2018-06-28 17:35:16,0,0.0,87,0.38,C - Mid Value,No
4300,7,248.66,35.52,65.15,2018-04-01 10:15:34,2018-07-01 16:06:59,0,0.0,92,0.08,D - Low Value,No
4301,319,21845.54,68.48,154.74,2018-04-01 08:52:17,2018-07-01 19:49:26,0,0.0,92,3.47,A - Premium,No
4302,265,9656.89,36.44,90.11,2018-04-01 09:37:58,2018-07-01 15:56:22,0,0.0,92,2.88,B - High Value,No
4303,213,17554.52,82.42,186.95,2018-04-01 06:43:59,2018-07-01 19:06:12,3,1.408,92,2.32,A - Premium,Yes
4304,186,4801.69,25.82,61.19,2018-04-01 08:55:54,2018-07-01 20:03:26,0,0.0,92,2.02,C - Mid Value,No
4305,338,2889.85,8.55,19.58,2018-04-01 06:18:13,2018-07-01 22:39:05,9,2.663,92,3.67,C - Mid Value,Yes
4306,260,25828.15,99.34,235.61,2018-04-01 09:00:02,2018-07-01 12:02:50,1,0.385,92,2.83,A - Premium,Yes
4307,300,28407.88,94.69,195.86,2018-04-01 03:22:25,2018-06-30 18:32:16,2,0.667,91,3.3,A - Premium,Yes
4308,40,3961.11,99.03,171.8,2018-04-02 05:58:45,2018-06-24 16:35:44,0,0.0,84,0.48,C - Mid Value,No
4309,243,1495.82,6.16,13.73,2018-04-01 04:19:19,2018-07-01 11:42:53,0,0.0,92,2.64,D - Low Value,No
4310,90,4861.44,54.02,134.89,2018-04-01 06:46:16,2018-06-29 00:08:48,0,0.0,89,1.01,C - Mid Value,No
4311,77,3237.72,42.05,78.93,2018-04-01 08:22:23,2018-07-01 08:40:35,3,3.896,92,0.84,C - Mid Value,Yes
4312,300,13712.55,45.71,112.12,2018-04-01 10:51:18,2018-07-01 19:14:36,1,0.333,92,3.26,B - High Value,Yes
4313,195,4193.39,21.5,51.44,2018-04-01 01:37:03,2018-07-01 12:59:38,0,0.0,92,2.12,C - Mid Value,No
4314,361,28129.09,77.92,177.95,2018-04-01 05:11:09,2018-07-01 17:15:41,3,0.831,92,3.92,A - Premium,Yes
4315,129,9636.29,74.7,156.33,2018-04-01 10:32:21,2018-07-01 16:35:18,2,1.55,92,1.4,B - High Value,Yes
4316,288,5458.85,18.95,44.02,2018-04-01 07:33:30,2018-07-01 23:15:45,0,0.0,92,3.13,C - Mid Value,No
4317,240,7495.82,31.23,75.85,2018-04-01 05:09:14,2018-07-01 14:31:46,2,0.833,92,2.61,B - High Value,Yes
4318,191,16763.67,87.77,226.59,2018-04-01 04:38:27,2018-07-01 19:27:33,4,2.094,92,2.08,A - Premium,Yes
4319,170,8205.19,48.27,99.86,2018-04-01 07:32:36,2018-07-01 20:23:52,0,0.0,92,1.85,B - High Value,No
4320,359,18894.64,52.63,116.85,2018-04-01 05:50:33,2018-07-01 10:53:47,0,0.0,92,3.9,A - Premium,No
4321,195,12751.4,65.39,150.35,2018-04-02 10:21:29,2018-07-01 14:38:59,1,0.513,91,2.14,B - High Value,Yes
4322,205,1591.86,7.77,19.25,2018-04-01 02:18:02,2018-07-01 06:40:37,2,0.976,92,2.23,D - Low Value,Yes
4323,63,4034.39,64.04,122.2,2018-04-03 12:16:34,2018-07-01 13:50:06,1,1.587,90,0.7,C - Mid Value,Yes
4324,29,920.84,31.75,50.76,2018-04-02 22:34:38,2018-06-21 17:10:10,1,3.448,80,0.36,D - Low Value,Yes
4325,6,129.75,21.62,47.26,2018-04-02 13:57:42,2018-06-22 06:12:02,0,0.0,81,0.07,D - Low Value,No
4326,135,9134.62,67.66,148.98,2018-04-01 13:57:51,2018-07-01 16:19:51,0,0.0,92,1.47,B - High Value,No
4327,53,2805.78,52.94,119.23,2018-04-04 17:57:02,2018-06-28 23:36:52,0,0.0,86,0.62,C - Mid Value,No
4328,82,4053.36,49.43,107.34,2018-04-01 06:31:25,2018-07-01 09:26:50,0,0.0,92,0.89,C - Mid Value,No
4329,17,1190.74,70.04,115.18,2018-04-05 10:07:06,2018-06-30 08:13:13,0,0.0,86,0.2,D - Low Value,No
4330,198,6610.52,33.39,86.36,2018-04-01 15:41:20,2018-07-01 19:46:46,0,0.0,92,2.15,C - Mid Value,No
4331,58,5543.95,95.59,179.09,2018-04-01 16:12:54,2018-06-30 12:27:40,0,0.0,90,0.64,C - Mid Value,No
4332,199,18316.05,92.04,218.97,2018-04-02 12:24:55,2018-07-01 11:33:44,0,0.0,90,2.21,A - Premium,No
4333,350,34587.33,98.82,235.44,2018-04-01 03:35:53,2018-07-01 14:07:52,1,0.286,92,3.8,A - Premium,Yes
4334,140,3418.43,24.42,48.13,2018-04-01 07:42:41,2018-07-01 18:57:35,1,0.714,92,1.52,C - Mid Value,Yes
4335,114,5087.8,44.63,116.32,2018-04-01 07:38:59,2018-07-01 17:09:00,0,0.0,92,1.24,C - Mid Value,No
4336,62,2540.28,40.97,113.87,2018-04-01 09:14:11,2018-07-01 10:07:27,0,0.0,92,0.67,D - Low Value,No
4337,32,3356.88,104.9,191.84,2018-04-03 13:15:00,2018-07-01 15:58:31,0,0.0,90,0.36,C - Mid Value,No
4338,247,8532.07,34.54,262.7,2018-04-01 10:40:43,2018-07-01 21:11:39,12,4.858,92,2.68,B - High Value,Yes
4339,227,14615.59,64.39,135.52,2018-04-01 14:55:46,2018-07-01 11:03:39,0,0.0,91,2.49,A - Premium,No
4340,58,348.36,6.01,11.9,2018-04-01 15:52:35,2018-07-01 09:16:20,0,0.0,91,0.64,D - Low Value,No
4341,61,4473.55,73.34,149.95,2018-04-02 08:08:09,2018-06-30 11:56:35,0,0.0,90,0.68,C - Mid Value,No
4342,252,6363.53,25.25,55.73,2018-04-01 10:26:23,2018-07-01 09:49:22,5,1.984,91,2.77,C - Mid Value,Yes
4343,196,9883.92,50.43,101.91,2018-04-01 10:28:30,2018-07-01 19:04:18,1,0.51,92,2.13,B - High Value,Yes
4344,150,11299.79,75.33,180.31,2018-04-02 09:45:18,2018-07-01 16:39:46,0,0.0,91,1.65,B - High Value,No
4345,92,7308.74,79.44,171.08,2018-04-01 07:25:14,2018-06-30 12:49:40,0,0.0,91,1.01,B - High Value,No
4346,124,1443.57,11.64,29.59,2018-04-01 17:23:36,2018-07-01 10:45:39,0,0.0,91,1.36,D - Low Value,No
4347,348,10263.84,29.49,75.63,2018-04-01 01:39:37,2018-07-01 16:07:54,0,0.0,92,3.78,B - High Value,No
4348,47,3878.74,82.53,168.31,2018-04-03 05:47:56,2018-07-01 11:10:24,1,2.128,90,0.52,C - Mid Value,Yes
4349,259,16492.02,63.68,162.62,2018-04-01 11:40:56,2018-07-01 17:34:41,1,0.386,92,2.82,A - Premium,Yes
4350,182,6270.39,34.45,77.68,2018-04-02 04:04:16,2018-06-29 10:26:53,1,0.549,89,2.04,C - Mid Value,Yes
4351,112,4374.57,39.06,80.74,2018-04-01 12:24:00,2018-07-01 16:45:16,0,0.0,92,1.22,C - Mid Value,No
4352,336,13440.29,40.0,90.67,2018-04-01 06:06:43,2018-07-01 16:04:50,2,0.595,92,3.65,B - High Value,Yes
4353,226,2615.79,11.57,26.5,2018-04-02 13:12:12,2018-07-01 19:18:03,1,0.442,91,2.48,D - Low Value,Yes
4354,310,19421.42,62.65,143.91,2018-04-01 05:20:39,2018-07-01 20:41:01,9,2.903,92,3.37,A - Premium,Yes
4355,206,5719.1,27.76,65.55,2018-04-01 07:08:35,2018-07-01 14:31:04,0,0.0,92,2.24,C - Mid Value,No
4356,75,426.01,5.68,12.65,2018-04-02 15:56:46,2018-06-29 17:40:21,0,0.0,89,0.84,D - Low Value,No
4357,334,31732.01,95.01,228.45,2018-04-01 04:43:15,2018-07-01 11:52:45,4,1.198,92,3.63,A - Premium,Yes
4358,120,2333.46,19.45,42.7,2018-04-01 14:21:16,2018-07-01 07:57:45,0,0.0,91,1.32,D - Low Value,No
4359,174,1665.78,9.57,21.03,2018-04-01 18:35:26,2018-07-01 16:51:27,4,2.299,91,1.91,D - Low Value,Yes
4360,318,22841.68,71.83,193.37,2018-04-01 14:18:42,2018-07-01 16:27:26,0,0.0,92,3.46,A - Premium,No
4361,140,11716.37,83.69,178.4,2018-04-01 00:20:25,2018-07-01 13:15:33,0,0.0,92,1.52,B - High Value,No
4362,273,3681.68,13.49,36.09,2018-04-01 14:59:08,2018-07-01 22:49:54,2,0.733,92,2.97,C - Mid Value,Yes
4363,47,458.17,9.75,22.54,2018-04-01 18:29:54,2018-07-01 15:01:56,1,2.128,91,0.52,D - Low Value,Yes
4364,293,25017.61,85.38,213.05,2018-04-01 07:17:55,2018-07-01 15:51:14,7,2.389,92,3.18,A - Premium,Yes
4365,171,5696.58,33.31,85.55,2018-04-01 10:22:34,2018-07-01 18:49:18,1,0.585,92,1.86,C - Mid Value,Yes
4366,173,2486.07,14.37,33.58,2018-04-01 12:19:42,2018-07-01 15:23:09,0,0.0,92,1.88,D - Low Value,No
4367,75,2712.59,36.17,77.95,2018-04-01 08:31:38,2018-07-01 12:41:28,1,1.333,92,0.82,D - Low Value,Yes
4368,206,23770.06,115.39,711.4,2018-04-01 18:14:31,2018-07-01 13:38:19,15,7.282,91,2.26,A - Premium,Yes
4369,345,29918.79,86.72,213.73,2018-04-01 02:49:33,2018-07-01 07:15:40,4,1.159,92,3.75,A - Premium,Yes
4370,348,26055.37,74.87,173.03,2018-04-01 05:03:41,2018-07-01 19:36:29,2,0.575,92,3.78,A - Premium,Yes
4371,271,26272.33,96.95,206.48,2018-04-01 06:17:05,2018-07-01 16:48:32,0,0.0,92,2.95,A - Premium,No
4372,256,3549.24,13.86,31.55,2018-04-01 02:52:44,2018-07-01 14:21:54,0,0.0,92,2.78,C - Mid Value,No
4373,94,1799.33,19.14,50.28,2018-04-02 07:09:26,2018-07-01 15:51:44,0,0.0,91,1.03,D - Low Value,No
4374,251,7108.44,28.32,68.74,2018-04-01 05:47:46,2018-07-01 15:31:39,0,0.0,92,2.73,C - Mid Value,No
4375,175,12979.73,74.17,499.45,2018-04-01 07:15:33,2018-06-30 00:54:01,10,5.714,90,1.94,B - High Value,Yes
4376,202,8348.54,41.33,103.29,2018-04-01 19:24:04,2018-07-01 12:58:58,0,0.0,91,2.22,B - High Value,No
4377,18,126.49,7.03,12.62,2018-04-01 11:49:03,2018-06-29 06:17:24,0,0.0,89,0.2,D - Low Value,No
4378,98,5112.6,52.17,115.53,2018-04-04 09:14:36,2018-06-30 17:49:23,4,4.082,88,1.11,C - Mid Value,Yes
4379,28,217.23,7.76,12.88,2018-04-04 03:56:21,2018-06-28 15:00:18,0,0.0,86,0.33,D - Low Value,No
4380,172,16819.96,97.79,229.21,2018-04-01 12:48:23,2018-07-01 11:45:45,2,1.163,91,1.89,A - Premium,Yes
4381,230,1932.88,8.4,17.63,2018-04-01 18:19:07,2018-07-01 12:48:23,3,1.304,91,2.53,D - Low Value,Yes
4382,67,5278.9,78.79,166.92,2018-04-01 19:32:52,2018-07-01 14:37:07,1,1.493,91,0.74,C - Mid Value,Yes
4383,210,13282.72,63.25,151.85,2018-04-02 11:44:39,2018-07-01 13:20:21,0,0.0,91,2.31,B - High Value,No
4384,310,21379.23,68.97,156.59,2018-04-01 04:50:34,2018-07-01 14:02:56,0,0.0,92,3.37,A - Premium,No
4385,206,5377.54,26.1,57.75,2018-04-01 15:42:50,2018-07-01 20:20:26,2,0.971,92,2.24,C - Mid Value,Yes
4386,129,2003.47,15.53,39.65,2018-04-01 10:22:18,2018-07-01 07:44:28,0,0.0,91,1.42,D - Low Value,No
4387,142,8159.25,57.46,127.96,2018-04-01 08:08:23,2018-06-30 19:01:44,2,1.408,91,1.56,B - High Value,Yes
4388,4,90.03,22.51,30.31,2018-04-02 07:52:31,2018-05-30 13:54:21,0,0.0,59,0.07,D - Low Value,No
4389,57,3693.5,64.8,121.83,2018-04-01 06:34:48,2018-06-30 10:46:20,0,0.0,91,0.63,C - Mid Value,No
4390,233,15835.2,67.96,162.83,2018-04-01 02:48:39,2018-07-01 17:29:42,3,1.288,92,2.53,A - Premium,Yes
4391,341,21423.33,62.83,155.77,2018-04-01 06:04:28,2018-07-01 19:37:41,2,0.587,92,3.71,A - Premium,Yes
4392,23,2450.99,106.56,184.77,2018-04-01 05:25:59,2018-06-28 12:29:23,0,0.0,89,0.26,D - Low Value,No
4393,186,1466.95,7.89,17.03,2018-04-01 05:02:17,2018-07-01 14:34:13,1,0.538,92,2.02,D - Low Value,Yes
4394,151,7398.24,48.99,123.02,2018-04-01 06:53:33,2018-07-01 07:20:27,0,0.0,92,1.64,B - High Value,No
4396,357,37815.23,105.93,261.45,2018-04-01 07:42:04,2018-07-01 16:08:03,4,1.12,92,3.88,A - Premium,Yes
4397,91,5906.46,64.91,123.87,2018-04-02 13:18:27,2018-07-01 11:02:17,0,0.0,90,1.01,C - Mid Value,No
4398,310,16367.6,52.8,128.84,2018-04-01 06:29:17,2018-07-01 20:54:48,1,0.323,92,3.37,A - Premium,Yes
4399,151,12381.15,81.99,215.5,2018-04-01 13:37:03,2018-06-30 19:03:46,1,0.662,91,1.66,B - High Value,Yes
4400,283,12301.87,43.47,100.16,2018-04-01 05:14:08,2018-07-01 20:16:35,2,0.707,92,3.08,B - High Value,Yes
4401,273,11869.44,43.48,100.44,2018-04-01 00:48:26,2018-07-01 14:24:11,0,0.0,92,2.97,B - High Value,No
4402,192,2803.33,14.6,34.35,2018-04-01 09:49:03,2018-07-01 10:57:28,0,0.0,92,2.09,C - Mid Value,No
4403,255,7079.83,27.76,63.38,2018-04-01 08:28:35,2018-07-01 21:34:38,0,0.0,92,2.77,C - Mid Value,No
4404,354,17677.87,49.94,119.2,2018-04-01 04:09:45,2018-07-01 19:08:19,0,0.0,92,3.85,A - Premium,No
4405,207,11047.36,53.37,136.78,2018-04-01 01:48:09,2018-07-01 11:57:59,0,0.0,92,2.25,B - High Value,No
4406,368,5601.49,15.22,41.73,2018-04-01 09:45:13,2018-07-01 20:19:35,1,0.272,92,4.0,C - Mid Value,Yes
4407,114,3800.17,33.33,72.79,2018-04-01 07:50:49,2018-07-01 19:48:46,1,0.877,92,1.24,C - Mid Value,Yes
4408,307,4919.75,16.03,125.25,2018-04-01 06:26:56,2018-07-01 15:28:33,19,6.189,92,3.34,C - Mid Value,Yes
4409,16,778.97,48.69,84.15,2018-04-10 10:57:03,2018-06-26 14:21:06,0,0.0,78,0.21,D - Low Value,No
4410,117,12290.86,105.05,216.02,2018-04-01 11:34:03,2018-06-29 17:09:40,1,0.855,90,1.3,B - High Value,Yes
4411,252,5897.46,23.4,167.45,2018-04-02 02:08:40,2018-07-01 06:17:50,16,6.349,91,2.77,C - Mid Value,Yes
4412,300,25218.17,84.06,191.88,2018-04-01 14:59:49,2018-07-01 13:46:34,0,0.0,91,3.3,A - Premium,No
4413,252,11190.99,44.41,109.48,2018-04-01 06:07:00,2018-07-01 19:15:22,1,0.397,92,2.74,B - High Value,Yes
4414,333,5765.57,17.31,39.95,2018-04-01 02:30:55,2018-07-01 23:16:25,1,0.3,92,3.62,C - Mid Value,Yes
4415,146,1552.49,10.63,24.16,2018-04-01 05:11:57,2018-06-29 19:57:29,0,0.0,90,1.62,D - Low Value,No
4416,129,12663.27,98.16,219.02,2018-04-01 16:26:34,2018-07-01 12:19:48,2,1.55,91,1.42,B - High Value,Yes
4417,53,3489.34,65.84,146.65,2018-04-02 05:43:02,2018-06-30 22:42:30,0,0.0,90,0.59,C - Mid Value,No
4418,316,4150.39,13.13,31.51,2018-04-01 05:31:13,2018-07-01 17:26:19,1,0.316,92,3.43,C - Mid Value,Yes
4419,91,1434.73,15.77,30.13,2018-04-01 13:48:00,2018-06-30 14:54:24,0,0.0,91,1.0,D - Low Value,No
4420,321,7451.19,23.21,52.82,2018-04-01 08:58:17,2018-07-01 21:16:13,2,0.623,92,3.49,B - High Value,Yes
4421,92,4811.36,52.3,103.05,2018-04-01 14:10:54,2018-06-30 22:24:11,2,2.174,91,1.01,C - Mid Value,Yes
4422,292,14555.52,49.85,133.51,2018-04-01 03:48:16,2018-07-01 10:48:50,0,0.0,92,3.17,A - Premium,No
4423,249,1886.57,7.58,19.19,2018-04-01 06:58:42,2018-07-01 18:26:02,0,0.0,92,2.71,D - Low Value,No
4424,311,23580.42,75.82,188.28,2018-04-01 13:34:10,2018-07-01 19:31:21,2,0.643,92,3.38,A - Premium,Yes
4425,152,1433.07,9.43,20.51,2018-04-01 15:09:51,2018-07-01 07:00:00,5,3.289,91,1.67,D - Low Value,Yes
4426,80,4627.89,57.85,413.8,2018-04-01 09:25:22,2018-06-30 19:02:12,5,6.25,91,0.88,C - Mid Value,Yes
4427,106,8776.43,82.8,194.7,2018-04-01 12:45:41,2018-07-01 09:55:28,0,0.0,91,1.16,B - High Value,No
4428,88,665.67,7.56,17.25,2018-04-03 04:50:14,2018-07-01 14:10:21,0,0.0,90,0.98,D - Low Value,No
4429,303,10610.33,35.02,80.11,2018-04-01 07:35:02,2018-07-01 14:49:34,0,0.0,92,3.29,B - High Value,No
4430,117,6537.93,55.88,130.74,2018-04-02 01:16:43,2018-07-01 00:47:12,0,0.0,90,1.3,C - Mid Value,No
4431,281,21394.92,76.14,171.57,2018-04-01 05:49:12,2018-07-01 21:21:47,0,0.0,92,3.05,A - Premium,No
4432,160,14203.8,88.77,195.53,2018-04-01 16:20:40,2018-07-01 17:42:02,1,0.625,92,1.74,B - High Value,Yes
4433,15,1234.07,82.27,156.76,2018-04-03 14:54:33,2018-07-01 09:13:55,0,0.0,89,0.17,D - Low Value,No
4434,287,18087.29,63.02,143.86,2018-04-01 06:04:36,2018-07-01 17:24:32,0,0.0,92,3.12,A - Premium,No
4435,14,1123.9,80.28,136.02,2018-04-06 21:36:15,2018-06-24 08:52:47,0,0.0,79,0.18,D - Low Value,No
4436,372,29813.29,80.14,181.23,2018-04-01 03:37:28,2018-07-01 13:35:09,0,0.0,92,4.04,A - Premium,No
4437,206,14101.22,68.45,157.12,2018-04-01 07:08:07,2018-07-01 14:44:34,0,0.0,92,2.24,B - High Value,No
4438,177,7689.02,43.44,95.3,2018-04-01 13:22:35,2018-07-01 19:17:52,0,0.0,92,1.92,B - High Value,No
4439,89,5178.91,58.19,111.8,2018-04-01 05:42:48,2018-07-01 10:32:55,0,0.0,92,0.97,C - Mid Value,No
4440,319,20086.69,62.97,156.23,2018-04-01 06:52:41,2018-07-01 14:51:26,6,1.881,92,3.47,A - Premium,Yes
4441,44,2154.93,48.98,95.82,2018-04-02 06:57:52,2018-06-23 13:31:38,0,0.0,83,0.53,D - Low Value,No
4442,274,12819.22,46.79,108.15,2018-04-01 11:15:52,2018-07-01 21:30:04,0,0.0,92,2.98,B - High Value,No
4443,287,10808.5,37.66,97.92,2018-04-01 13:12:50,2018-07-01 15:21:39,0,0.0,92,3.12,B - High Value,No
4444,354,32720.17,92.43,234.48,2018-04-01 02:53:27,2018-07-01 17:52:41,2,0.565,92,3.85,A - Premium,Yes
4445,251,3798.58,15.13,32.04,2018-04-01 08:37:06,2018-07-01 13:15:46,0,0.0,92,2.73,C - Mid Value,No
4446,280,16780.24,59.93,146.67,2018-04-01 11:13:07,2018-07-01 14:26:24,4,1.429,92,3.04,A - Premium,Yes
4447,298,4994.94,16.76,42.47,2018-04-01 06:54:27,2018-07-01 08:04:19,3,1.007,92,3.24,C - Mid Value,Yes
4448,24,1014.33,42.26,95.48,2018-04-08 08:56:37,2018-06-26 15:08:24,0,0.0,80,0.3,D - Low Value,No
4449,68,3616.07,53.18,97.0,2018-04-01 10:53:47,2018-06-30 09:46:10,0,0.0,90,0.76,C - Mid Value,No
4450,291,8620.51,29.62,64.56,2018-04-01 18:09:05,2018-07-01 15:11:06,4,1.375,91,3.2,B - High Value,Yes
4451,96,6160.18,64.17,147.12,2018-04-01 02:40:13,2018-06-30 09:23:39,0,0.0,91,1.05,C - Mid Value,No
4452,302,17746.47,58.76,149.78,2018-04-01 04:47:28,2018-07-01 20:58:17,4,1.325,92,3.28,A - Premium,Yes
4453,320,18044.03,56.39,151.26,2018-04-01 06:43:13,2018-07-01 19:24:20,0,0.0,92,3.48,A - Premium,No
4454,224,2515.93,11.23,62.0,2018-04-01 14:38:57,2018-07-01 13:40:27,9,4.018,91,2.46,D - Low Value,Yes
4455,183,15206.35,83.09,204.2,2018-04-01 03:17:26,2018-06-30 18:13:08,2,1.093,91,2.01,A - Premium,Yes
4456,7,542.26,77.47,122.8,2018-04-09 13:42:01,2018-06-29 04:29:31,0,0.0,81,0.09,D - Low Value,No
4457,13,328.51,25.27,47.0,2018-04-05 06:43:04,2018-06-28 09:21:03,0,0.0,85,0.15,D - Low Value,No
4458,258,11712.7,45.4,101.85,2018-04-01 04:45:08,2018-07-01 23:05:10,3,1.163,92,2.8,B - High Value,Yes
4459,27,574.3,21.27,42.81,2018-04-01 07:34:30,2018-06-27 23:08:41,0,0.0,88,0.31,D - Low Value,No
4460,329,14960.42,45.47,119.9,2018-04-01 01:32:21,2018-07-01 21:20:21,3,0.912,92,3.58,A - Premium,Yes
4461,258,15302.75,59.31,121.26,2018-04-01 05:10:13,2018-07-01 10:05:36,1,0.388,92,2.8,A - Premium,Yes
4462,325,14420.9,44.37,101.18,2018-04-01 07:07:53,2018-07-01 17:56:49,4,1.231,92,3.53,A - Premium,Yes
4463,261,9635.62,36.92,96.93,2018-04-01 03:15:51,2018-07-01 16:18:58,0,0.0,92,2.84,B - High Value,No
4464,254,19905.16,78.37,166.5,2018-04-01 09:04:51,2018-07-01 08:54:46,0,0.0,91,2.79,A - Premium,No
4465,366,11408.12,31.17,70.14,2018-04-01 00:44:20,2018-07-01 21:59:00,2,0.546,92,3.98,B - High Value,Yes
4466,46,1685.8,36.65,78.52,2018-04-04 12:59:05,2018-07-01 16:54:24,0,0.0,89,0.52,D - Low Value,No
4467,314,30075.13,95.78,240.16,2018-04-01 10:40:19,2018-07-01 14:31:46,1,0.318,92,3.41,A - Premium,Yes
4468,296,7555.78,25.53,57.82,2018-04-01 10:54:45,2018-07-01 13:24:36,1,0.338,92,3.22,B - High Value,Yes
4469,145,7360.07,50.76,127.96,2018-04-03 12:01:40,2018-07-01 16:02:33,0,0.0,90,1.61,B - High Value,No
4470,187,2844.99,15.21,117.4,2018-04-01 13:56:07,2018-07-01 12:19:20,9,4.813,91,2.05,C - Mid Value,Yes
4471,200,8658.3,43.29,86.6,2018-04-01 15:14:26,2018-07-01 14:00:17,0,0.0,91,2.2,B - High Value,No
4472,221,6476.72,29.31,63.2,2018-04-01 10:22:30,2018-07-01 14:14:01,0,0.0,92,2.4,C - Mid Value,No
4473,151,12143.64,80.42,163.93,2018-04-05 07:08:08,2018-07-01 17:30:12,1,0.662,88,1.72,B - High Value,Yes
4474,218,7167.77,32.88,70.83,2018-04-01 12:35:02,2018-07-01 14:46:31,1,0.459,92,2.37,B - High Value,Yes
4475,157,16474.12,104.93,581.45,2018-04-01 07:06:43,2018-07-01 13:29:32,7,4.459,92,1.71,A - Premium,Yes
4476,201,9669.22,48.11,110.25,2018-04-01 13:49:54,2018-07-01 15:52:12,0,0.0,92,2.18,B - High Value,No
4477,182,16655.74,91.52,192.45,2018-04-01 01:35:10,2018-07-01 14:50:15,1,0.549,92,1.98,A - Premium,Yes
4478,135,9083.93,67.29,155.37,2018-04-01 03:40:40,2018-06-30 21:52:32,0,0.0,91,1.48,B - High Value,No
4479,20,1502.41,75.12,120.05,2018-04-01 14:42:04,2018-06-30 11:54:28,0,0.0,90,0.22,D - Low Value,No
4480,7,505.2,72.17,97.61,2018-04-03 06:46:24,2018-06-12 05:54:51,0,0.0,70,0.1,D - Low Value,No
4481,335,34882.99,104.13,239.5,2018-04-01 10:51:04,2018-07-01 19:27:54,4,1.194,92,3.64,A - Premium,Yes
4482,264,6062.58,22.96,55.25,2018-04-01 11:24:35,2018-07-01 17:33:09,3,1.136,92,2.87,C - Mid Value,Yes
4483,312,27536.61,88.26,262.71,2018-04-01 07:24:35,2018-06-30 16:47:41,2,0.641,91,3.43,A - Premium,Yes
4484,327,3526.31,10.78,25.41,2018-04-01 04:34:02,2018-07-01 13:29:33,0,0.0,92,3.55,C - Mid Value,No
4485,96,8441.93,87.94,187.91,2018-04-04 13:21:17,2018-07-01 18:13:13,0,0.0,89,1.08,B - High Value,No
4486,168,3551.16,21.14,48.4,2018-04-01 10:21:52,2018-07-01 17:54:10,0,0.0,92,1.83,C - Mid Value,No
4487,186,10795.16,58.04,129.87,2018-04-02 07:19:12,2018-07-01 17:37:18,2,1.075,91,2.04,B - High Value,Yes
4488,163,8061.31,49.46,121.02,2018-04-01 08:37:55,2018-07-01 19:50:33,1,0.613,92,1.77,B - High Value,Yes
4489,309,26648.26,86.24,222.98,2018-04-01 00:38:40,2018-07-01 15:55:58,2,0.647,92,3.36,A - Premium,Yes
4490,41,305.95,7.46,13.21,2018-04-01 11:04:53,2018-06-20 17:57:18,0,0.0,81,0.51,D - Low Value,No
4491,18,225.07,12.5,19.37,2018-04-01 10:47:48,2018-07-01 06:12:32,0,0.0,91,0.2,D - Low Value,No
4492,136,9699.53,71.32,154.33,2018-04-02 10:17:18,2018-06-28 11:19:48,1,0.735,88,1.55,B - High Value,Yes
4493,14,212.28,15.16,28.79,2018-04-08 10:53:19,2018-06-30 13:45:06,0,0.0,84,0.17,D - Low Value,No
4494,234,2394.94,10.23,85.5,2018-04-01 10:22:27,2018-07-01 14:12:19,13,5.556,92,2.54,D - Low Value,Yes
4495,44,3091.33,70.26,153.03,2018-04-01 15:04:41,2018-06-28 04:34:53,0,0.0,88,0.5,C - Mid Value,No
4496,192,7909.04,41.19,90.88,2018-04-01 09:30:59,2018-06-30 17:51:20,0,0.0,91,2.11,B - High Value,No
4497,113,1059.21,9.37,20.98,2018-04-01 03:50:36,2018-06-30 14:27:42,4,3.54,91,1.24,D - Low Value,Yes
4498,138,8813.41,63.87,163.05,2018-04-01 09:35:29,2018-07-01 15:53:11,1,0.725,92,1.5,B - High Value,Yes
4499,360,14270.2,39.64,94.23,2018-04-01 05:24:03,2018-07-01 16:07:13,0,0.0,92,3.91,A - Premium,No
4500,93,4419.65,47.52,107.67,2018-04-01 09:41:01,2018-06-30 09:33:59,0,0.0,90,1.03,C - Mid Value,No
4501,210,2242.06,10.68,23.41,2018-04-01 03:40:57,2018-07-01 08:58:09,3,1.429,92,2.28,D - Low Value,Yes
4502,148,9815.04,66.32,130.8,2018-04-01 05:41:12,2018-06-30 17:41:58,0,0.0,91,1.63,B - High Value,No
4503,164,11710.77,71.41,164.28,2018-04-01 09:40:00,2018-07-01 20:05:53,2,1.22,92,1.78,B - High Value,Yes
4504,215,19109.04,88.88,221.79,2018-04-01 03:16:51,2018-07-01 11:49:10,1,0.465,92,2.34,A - Premium,Yes
4505,317,7147.82,22.55,54.83,2018-04-01 09:51:05,2018-07-01 18:29:57,1,0.315,92,3.45,B - High Value,Yes
4506,25,934.73,37.39,74.68,2018-04-01 07:52:53,2018-07-01 16:57:40,1,4.0,92,0.27,D - Low Value,Yes
4507,219,22257.95,101.63,237.03,2018-04-01 11:57:34,2018-07-01 16:53:34,3,1.37,92,2.38,A - Premium,Yes
4508,151,6748.49,44.69,97.18,2018-04-01 08:15:37,2018-07-01 01:56:21,1,0.662,91,1.66,C - Mid Value,Yes
4509,280,11062.83,39.51,89.07,2018-04-01 12:55:05,2018-07-01 06:34:14,0,0.0,91,3.08,B - High Value,No
4510,207,12127.72,58.59,128.29,2018-04-02 05:55:15,2018-07-01 20:33:09,1,0.483,91,2.27,B - High Value,Yes
4511,27,191.58,7.1,13.83,2018-04-01 12:46:07,2018-07-01 05:15:01,0,0.0,91,0.3,D - Low Value,No
4512,216,21712.09,100.52,256.27,2018-04-01 05:37:45,2018-06-30 01:47:40,3,1.389,90,2.4,A - Premium,Yes
4513,132,2740.86,20.76,43.22,2018-04-01 14:57:25,2018-07-01 15:05:59,0,0.0,92,1.43,D - Low Value,No
4514,266,3739.21,14.06,33.6,2018-04-01 04:39:31,2018-07-01 10:19:06,2,0.752,92,2.89,C - Mid Value,Yes
4515,148,12056.2,81.46,186.64,2018-04-01 07:54:19,2018-07-01 16:36:26,0,0.0,92,1.61,B - High Value,No
4516,3,264.35,88.12,98.77,2018-04-20 09:31:01,2018-05-12 07:47:10,0,0.0,22,0.14,D - Low Value,No
4517,45,371.71,8.26,15.45,2018-04-03 18:58:52,2018-06-30 13:42:50,0,0.0,88,0.51,D - Low Value,No
4518,161,6112.89,37.97,75.02,2018-04-01 23:04:35,2018-07-01 02:18:55,0,0.0,91,1.77,C - Mid Value,No
4519,82,7508.77,91.57,174.23,2018-04-02 08:50:23,2018-06-29 12:44:15,1,1.22,89,0.92,B - High Value,Yes
4520,149,2832.5,19.01,53.6,2018-04-01 07:01:15,2018-07-01 11:53:20,0,0.0,92,1.62,C - Mid Value,No
4521,306,6952.9,22.72,53.72,2018-04-01 04:11:17,2018-07-01 13:53:30,2,0.654,92,3.33,C - Mid Value,Yes
4522,310,22849.55,73.71,152.29,2018-04-01 21:29:45,2018-07-01 19:38:17,0,0.0,91,3.41,A - Premium,No
4523,247,8378.06,33.92,78.77,2018-04-01 03:26:15,2018-07-01 16:48:20,2,0.81,92,2.68,B - High Value,Yes
4524,35,525.7,15.02,27.85,2018-04-11 19:20:29,2018-06-29 09:14:04,1,2.857,79,0.44,D - Low Value,Yes
4525,40,2280.94,57.02,112.4,2018-04-01 03:15:56,2018-06-30 16:27:26,0,0.0,91,0.44,D - Low Value,No
4526,309,30871.38,99.91,250.2,2018-04-01 09:07:36,2018-07-01 15:36:01,6,1.942,92,3.36,A - Premium,Yes
4527,104,4130.25,39.71,90.84,2018-04-01 05:12:54,2018-07-01 19:36:29,1,0.962,92,1.13,C - Mid Value,Yes
4528,71,3068.45,43.22,86.21,2018-04-01 14:23:20,2018-06-30 13:18:29,0,0.0,90,0.79,C - Mid Value,No
4529,65,4201.5,64.64,130.6,2018-04-07 21:04:32,2018-06-30 14:25:40,0,0.0,84,0.77,C - Mid Value,No
4530,21,721.89,34.38,63.66,2018-04-01 12:04:01,2018-06-28 23:22:09,0,0.0,89,0.24,D - Low Value,No
4531,30,3375.84,112.53,205.18,2018-04-08 10:22:28,2018-06-28 15:16:05,0,0.0,82,0.37,C - Mid Value,No
4532,73,743.64,10.19,18.93,2018-04-02 10:19:56,2018-07-01 04:11:58,0,0.0,90,0.81,D - Low Value,No
4533,209,18092.2,86.57,200.1,2018-04-01 02:38:30,2018-07-01 13:32:29,0,0.0,92,2.27,A - Premium,No
4535,244,20658.67,84.67,173.73,2018-04-01 06:48:58,2018-07-01 14:21:34,0,0.0,92,2.65,A - Premium,No
4536,226,19275.4,85.29,189.11,2018-04-02 06:07:23,2018-07-01 14:44:49,0,0.0,91,2.48,A - Premium,No
4537,282,14075.44,49.91,115.04,2018-04-01 08:38:30,2018-07-01 22:21:55,1,0.355,92,3.07,B - High Value,Yes
4538,203,18931.65,93.26,195.1,2018-04-01 13:21:49,2018-07-01 17:25:21,1,0.493,92,2.21,A - Premium,Yes
4539,371,28658.03,77.25,174.09,2018-04-01 02:03:45,2018-07-01 14:25:06,2,0.539,92,4.03,A - Premium,Yes
4540,205,16184.48,78.95,190.95,2018-04-01 03:23:22,2018-07-01 08:16:05,0,0.0,92,2.23,A - Premium,No
4541,82,5294.19,64.56,140.02,2018-04-01 07:48:36,2018-07-01 18:06:20,0,0.0,92,0.89,C - Mid Value,No
4542,213,3214.83,15.09,35.57,2018-04-02 14:37:13,2018-07-01 22:16:25,0,0.0,91,2.34,C - Mid Value,No
4543,278,9661.11,34.75,85.67,2018-04-02 09:35:44,2018-07-01 15:47:38,0,0.0,91,3.05,B - High Value,No
4544,271,7711.98,28.46,61.58,2018-04-01 11:20:10,2018-07-01 21:09:07,0,0.0,92,2.95,B - High Value,No
4545,12,911.82,75.98,109.57,2018-04-06 02:19:01,2018-06-29 20:52:13,0,0.0,85,0.14,D - Low Value,No
4546,60,4389.61,73.16,171.64,2018-04-04 10:11:52,2018-06-29 12:17:54,0,0.0,87,0.69,C - Mid Value,No
4547,378,10701.47,28.31,251.05,2018-04-01 09:57:46,2018-07-01 12:49:16,21,5.556,92,4.11,B - High Value,Yes
4548,272,22326.16,82.08,166.9,2018-04-01 14:48:30,2018-06-30 20:22:16,0,0.0,91,2.99,A - Premium,No
4549,184,15554.02,84.53,188.17,2018-04-02 03:35:01,2018-07-01 12:51:13,0,0.0,91,2.02,A - Premium,No
4550,179,13770.41,76.93,171.55,2018-04-01 14:22:00,2018-07-01 03:27:25,2,1.117,91,1.97,B - High Value,Yes
4551,84,6177.88,73.55,147.19,2018-04-02 06:46:05,2018-06-28 17:49:44,0,0.0,88,0.95,C - Mid Value,No
4552,38,767.4,20.19,41.3,2018-04-02 11:26:01,2018-06-28 22:40:29,0,0.0,88,0.43,D - Low Value,No
4553,129,3291.35,25.51,58.27,2018-04-01 05:09:34,2018-07-01 14:52:47,0,0.0,92,1.4,C - Mid Value,No
4554,261,22772.75,87.25,207.86,2018-04-01 00:16:59,2018-07-01 18:51:23,0,0.0,92,2.84,A - Premium,No
4555,85,1642.0,19.32,37.68,2018-04-01 03:50:49,2018-07-01 16:30:20,1,1.176,92,0.92,D - Low Value,Yes
4556,231,23957.99,103.71,746.5,2018-04-01 09:52:17,2018-07-01 13:39:29,16,6.926,92,2.51,A - Premium,Yes
4557,320,23487.91,73.4,175.82,2018-04-01 08:22:11,2018-07-01 05:46:41,2,0.625,91,3.52,A - Premium,Yes
4558,320,24952.51,77.98,181.67,2018-04-01 09:27:06,2018-07-01 00:44:40,2,0.625,91,3.52,A - Premium,Yes
4559,166,13112.09,78.99,166.19,2018-04-01 07:39:30,2018-07-01 13:16:46,0,0.0,92,1.8,B - High Value,No
4560,226,8979.9,39.73,96.54,2018-04-01 09:10:13,2018-07-01 12:38:02,1,0.442,92,2.46,B - High Value,Yes
4561,295,16984.7,57.58,138.59,2018-04-01 13:53:43,2018-07-01 19:44:02,0,0.0,92,3.21,A - Premium,No
4562,4,321.89,80.47,145.0,2018-04-05 15:14:41,2018-06-28 16:47:41,0,0.0,85,0.05,D - Low Value,No
4563,277,21941.51,79.21,193.77,2018-04-01 00:32:53,2018-07-01 15:58:04,0,0.0,92,3.01,A - Premium,No
4564,157,6074.75,38.69,213.0,2018-04-03 04:55:11,2018-07-01 10:47:38,7,4.459,90,1.74,C - Mid Value,Yes
4565,61,4070.85,66.74,397.35,2018-04-01 18:57:33,2018-07-01 14:09:57,3,4.918,91,0.67,C - Mid Value,Yes
4566,84,7185.95,85.55,176.88,2018-04-01 14:50:11,2018-07-01 04:19:57,1,1.19,91,0.92,B - High Value,Yes
4567,377,11234.5,29.8,72.34,2018-04-01 06:28:10,2018-07-01 19:34:40,5,1.326,92,4.1,B - High Value,Yes
4568,328,15287.85,46.61,101.01,2018-04-01 07:06:55,2018-07-01 19:39:58,0,0.0,92,3.57,A - Premium,No
4569,7,157.04,22.43,37.17,2018-04-04 15:56:02,2018-06-19 12:56:10,0,0.0,76,0.09,D - Low Value,No
4570,322,8395.73,26.07,57.53,2018-04-01 12:22:38,2018-07-01 23:15:43,0,0.0,92,3.5,B - High Value,No
4571,40,1835.06,45.88,86.22,2018-04-01 11:01:48,2018-06-30 05:18:20,0,0.0,90,0.44,D - Low Value,No
4572,160,16469.92,102.94,225.56,2018-04-01 17:34:04,2018-07-01 14:36:27,1,0.625,91,1.76,A - Premium,Yes
4573,289,4667.02,16.15,36.75,2018-04-01 05:17:46,2018-07-01 21:27:43,1,0.346,92,3.14,C - Mid Value,Yes
4574,219,5064.79,23.13,52.45,2018-04-01 07:01:31,2018-07-01 22:36:49,0,0.0,92,2.38,C - Mid Value,No
4575,108,5495.36,50.88,115.86,2018-04-03 08:28:35,2018-07-01 13:15:18,1,0.926,90,1.2,C - Mid Value,Yes
4576,337,10856.0,32.21,78.34,2018-04-01 10:42:58,2018-07-01 10:48:50,1,0.297,92,3.66,B - High Value,Yes
4577,92,2652.97,28.84,68.69,2018-04-01 07:43:39,2018-06-29 13:58:40,1,1.087,90,1.02,D - Low Value,Yes
4578,210,19589.24,93.28,219.71,2018-04-01 07:04:48,2018-07-01 11:07:55,1,0.476,92,2.28,A - Premium,Yes
4579,7,50.38,7.2,14.83,2018-04-12 09:21:15,2018-06-02 19:13:58,0,0.0,52,0.13,D - Low Value,No
4580,319,2608.1,8.18,18.35,2018-04-01 07:51:13,2018-07-01 16:49:03,1,0.313,92,3.47,D - Low Value,Yes
4581,89,9775.02,109.83,224.18,2018-04-01 07:41:03,2018-06-30 18:46:36,1,1.124,91,0.98,B - High Value,Yes
4582,288,23187.17,80.51,178.89,2018-04-01 00:23:32,2018-07-01 10:34:33,3,1.042,92,3.13,A - Premium,Yes
4583,315,16513.68,52.42,408.45,2018-04-01 08:13:50,2018-07-01 14:38:50,13,4.127,92,3.42,A - Premium,Yes
4584,265,20545.15,77.53,179.17,2018-04-01 18:05:38,2018-07-01 13:20:36,0,0.0,91,2.91,A - Premium,No
4585,83,2258.63,27.21,62.87,2018-04-01 14:35:34,2018-07-01 18:03:09,0,0.0,92,0.9,D - Low Value,No
4586,112,10702.13,95.55,209.2,2018-04-01 05:37:17,2018-07-01 21:24:20,0,0.0,92,1.22,B - High Value,No
4587,297,26856.48,90.43,209.38,2018-04-01 09:26:10,2018-07-01 12:53:37,2,0.673,92,3.23,A - Premium,Yes
4588,51,1269.12,24.88,45.41,2018-04-01 08:33:31,2018-06-28 11:21:20,0,0.0,89,0.57,D - Low Value,No
4589,37,3619.15,97.81,183.15,2018-04-01 09:14:11,2018-07-01 14:10:29,0,0.0,92,0.4,C - Mid Value,No
4590,224,7947.5,35.48,81.36,2018-04-01 08:42:37,2018-06-30 21:45:21,1,0.446,91,2.46,B - High Value,Yes
4591,112,10540.04,94.11,206.19,2018-04-01 08:49:19,2018-07-01 12:08:42,0,0.0,92,1.22,B - High Value,No
4592,173,15268.27,88.26,193.1,2018-04-01 05:17:42,2018-07-01 16:16:47,1,0.578,92,1.88,A - Premium,Yes
4593,17,335.74,19.75,31.93,2018-04-02 02:32:02,2018-06-29 15:10:15,0,0.0,89,0.19,D - Low Value,No
4594,68,6282.18,92.38,208.56,2018-04-02 17:37:10,2018-07-01 18:47:15,0,0.0,91,0.75,C - Mid Value,No
4595,335,4698.07,14.02,36.72,2018-04-01 08:48:28,2018-07-01 14:34:33,0,0.0,92,3.64,C - Mid Value,No
4596,136,6204.24,45.62,102.12,2018-04-01 20:35:30,2018-07-01 15:45:57,0,0.0,91,1.49,C - Mid Value,No
4597,335,4667.22,13.93,32.64,2018-04-01 07:34:26,2018-07-01 17:25:38,0,0.0,92,3.64,C - Mid Value,No
4598,76,476.99,6.28,12.09,2018-04-03 15:39:33,2018-06-29 18:36:09,0,0.0,88,0.86,D - Low Value,No
4599,173,19879.27,114.91,893.1,2018-04-01 01:38:35,2018-07-01 17:11:33,14,8.092,92,1.88,A - Premium,Yes
4600,69,481.19,6.97,16.65,2018-04-02 09:13:19,2018-07-01 09:44:09,0,0.0,91,0.76,D - Low Value,No
4601,83,742.72,8.95,22.73,2018-04-01 20:24:03,2018-07-01 09:46:18,0,0.0,91,0.91,D - Low Value,No
4602,143,1956.48,13.68,29.55,2018-04-01 14:01:43,2018-07-01 19:27:19,2,1.399,92,1.55,D - Low Value,Yes
4603,150,6122.13,40.81,87.85,2018-04-01 12:58:14,2018-06-30 12:59:30,0,0.0,91,1.65,C - Mid Value,No
4604,334,33586.69,100.56,244.15,2018-04-01 06:31:47,2018-07-01 17:43:50,10,2.994,92,3.63,A - Premium,Yes
4605,57,3235.14,56.76,120.71,2018-04-02 19:51:49,2018-07-01 17:41:36,0,0.0,90,0.63,C - Mid Value,No
4606,252,15592.73,61.88,175.0,2018-04-01 08:57:15,2018-07-01 09:10:53,0,0.0,92,2.74,A - Premium,No
4607,102,2829.32,27.74,76.21,2018-04-01 11:59:01,2018-06-30 18:27:01,0,0.0,91,1.12,C - Mid Value,No
4608,291,2617.27,8.99,23.67,2018-04-01 10:40:59,2018-07-01 11:51:34,1,0.344,92,3.16,D - Low Value,Yes
4609,9,197.25,21.92,36.37,2018-04-01 07:06:34,2018-07-01 16:37:55,0,0.0,92,0.1,D - Low Value,No
4610,176,11759.31,66.81,152.15,2018-04-01 20:06:04,2018-07-01 08:57:33,0,0.0,91,1.93,B - High Value,No
4611,35,3278.47,93.67,222.39,2018-04-12 09:25:01,2018-06-30 17:05:32,1,2.857,80,0.44,C - Mid Value,Yes
4612,344,31396.12,91.27,217.85,2018-04-01 07:54:31,2018-06-30 00:06:28,2,0.581,90,3.82,A - Premium,Yes
4613,275,11055.28,40.2,92.96,2018-04-01 00:33:57,2018-07-01 13:42:28,0,0.0,92,2.99,B - High Value,No
4614,77,2422.54,31.46,70.53,2018-04-03 15:38:35,2018-07-01 18:41:50,1,1.299,90,0.86,D - Low Value,Yes
4615,117,3818.97,32.64,66.66,2018-04-01 11:52:34,2018-07-01 11:05:57,0,0.0,91,1.29,C - Mid Value,No
4616,107,5642.92,52.74,145.5,2018-04-01 09:34:12,2018-07-01 18:09:25,0,0.0,92,1.16,C - Mid Value,No
4617,151,9426.87,62.43,148.35,2018-04-01 13:19:04,2018-07-01 14:54:01,3,1.987,92,1.64,B - High Value,Yes
4618,6,206.19,34.36,72.49,2018-04-14 08:21:14,2018-05-23 15:24:28,0,0.0,40,0.15,D - Low Value,No
4619,166,14539.19,87.59,192.29,2018-04-01 12:27:24,2018-07-01 18:31:24,1,0.602,92,1.8,A - Premium,Yes
4620,160,7689.5,48.06,103.45,2018-04-02 03:58:30,2018-06-30 14:54:44,2,1.25,90,1.78,B - High Value,Yes
4621,87,6004.4,69.02,140.84,2018-04-01 04:35:51,2018-06-28 19:37:58,0,0.0,89,0.98,C - Mid Value,No
4622,160,8506.37,53.16,119.76,2018-04-01 11:14:37,2018-07-01 15:21:01,0,0.0,92,1.74,B - High Value,No
4623,229,1253.62,5.47,12.72,2018-04-01 04:40:48,2018-07-01 14:41:35,4,1.747,92,2.49,D - Low Value,Yes
4624,169,3490.0,20.65,53.79,2018-04-01 10:11:14,2018-06-30 14:45:45,0,0.0,91,1.86,C - Mid Value,No
4625,332,33486.23,100.86,226.41,2018-04-01 07:33:37,2018-07-01 17:31:38,9,2.711,92,3.61,A - Premium,Yes
4626,281,13663.51,48.62,106.72,2018-04-01 03:08:30,2018-07-01 14:51:38,3,1.068,92,3.05,B - High Value,Yes
4627,88,1895.91,21.54,63.33,2018-04-02 14:32:35,2018-07-01 08:45:17,1,1.136,90,0.98,D - Low Value,Yes
4628,308,12009.02,38.99,92.77,2018-04-01 16:26:41,2018-07-01 15:42:02,2,0.649,91,3.38,B - High Value,Yes
4629,47,4705.98,100.13,204.15,2018-04-03 07:38:54,2018-06-29 15:13:18,1,2.128,88,0.53,C - Mid Value,Yes
4630,249,3789.08,15.22,37.62,2018-04-01 05:31:25,2018-07-01 05:21:41,1,0.402,91,2.74,C - Mid Value,Yes
4631,131,5165.76,39.43,83.18,2018-04-01 07:57:55,2018-07-01 16:44:52,3,2.29,92,1.42,C - Mid Value,Yes
4632,12,601.79,50.15,93.02,2018-04-02 18:13:45,2018-06-23 14:12:47,0,0.0,82,0.15,D - Low Value,No
4633,67,2035.45,30.38,70.41,2018-04-02 11:52:02,2018-07-01 14:38:18,0,0.0,91,0.74,D - Low Value,No
4634,342,28389.19,83.01,200.04,2018-04-01 07:35:43,2018-07-01 08:29:21,0,0.0,92,3.72,A - Premium,No
4635,222,13960.23,62.88,143.3,2018-04-01 14:35:58,2018-07-01 18:05:35,0,0.0,92,2.41,B - High Value,No
4636,31,1082.0,34.9,68.53,2018-04-03 11:12:50,2018-06-24 19:02:10,0,0.0,83,0.37,D - Low Value,No
4637,56,1114.21,19.9,39.63,2018-04-01 10:02:11,2018-06-29 08:40:31,0,0.0,89,0.63,D - Low Value,No
4638,89,1153.8,12.96,30.22,2018-04-01 03:47:15,2018-06-30 18:38:10,1,1.124,91,0.98,D - Low Value,Yes
4639,360,20005.65,55.57,126.83,2018-04-01 05:30:38,2018-07-01 19:14:43,0,0.0,92,3.91,A - Premium,No
4640,56,3912.57,69.87,138.27,2018-04-01 10:17:52,2018-06-28 09:02:47,0,0.0,88,0.64,C - Mid Value,No
4641,255,21918.67,85.96,203.24,2018-04-01 05:39:18,2018-07-01 20:15:54,0,0.0,92,2.77,A - Premium,No
4642,272,5136.57,18.88,48.57,2018-04-01 06:50:58,2018-07-01 16:46:13,0,0.0,92,2.96,C - Mid Value,No
4643,134,3605.73,26.91,54.28,2018-04-01 04:33:41,2018-07-01 14:00:52,0,0.0,92,1.46,C - Mid Value,No
4644,89,3325.15,37.36,88.01,2018-04-01 17:13:36,2018-07-01 22:48:38,0,0.0,92,0.97,C - Mid Value,No
4645,341,33653.38,98.69,255.42,2018-04-01 06:09:17,2018-07-01 14:03:05,4,1.173,92,3.71,A - Premium,Yes
4646,129,12666.87,98.19,215.73,2018-04-01 05:02:42,2018-07-01 20:57:38,0,0.0,92,1.4,B - High Value,No
4647,107,1828.77,17.09,33.13,2018-04-02 15:59:51,2018-07-01 15:36:35,0,0.0,90,1.19,D - Low Value,No
4648,252,9925.83,39.39,89.54,2018-04-01 10:08:10,2018-07-01 21:11:23,0,0.0,92,2.74,B - High Value,No
4649,11,530.15,48.2,101.31,2018-04-03 13:02:55,2018-06-27 15:54:55,0,0.0,86,0.13,D - Low Value,No
4650,3,289.92,96.64,129.22,2018-04-11 16:49:44,2018-06-03 13:32:29,0,0.0,53,0.06,D - Low Value,No
4651,14,726.88,51.92,106.14,2018-04-09 08:45:54,2018-06-15 13:38:49,1,7.143,68,0.21,D - Low Value,Yes
4652,307,17118.02,55.76,123.7,2018-04-01 11:05:46,2018-07-01 03:13:49,1,0.326,91,3.37,A - Premium,Yes
4653,122,2476.8,20.3,43.88,2018-04-01 07:24:42,2018-07-01 18:00:34,0,0.0,92,1.33,D - Low Value,No
4654,155,3941.39,25.43,62.17,2018-04-01 09:27:30,2018-06-30 22:00:08,0,0.0,91,1.7,C - Mid Value,No
4655,190,16310.86,85.85,187.1,2018-04-01 11:31:54,2018-07-01 18:31:21,1,0.526,92,2.07,A - Premium,Yes
4656,284,4725.93,16.64,38.7,2018-04-01 08:46:28,2018-07-01 14:46:48,0,0.0,92,3.09,C - Mid Value,No
4657,199,7541.45,37.9,88.04,2018-04-01 01:55:54,2018-07-01 17:49:33,0,0.0,92,2.16,B - High Value,No
4658,271,8492.12,31.34,73.03,2018-04-01 07:56:55,2018-07-01 20:24:00,1,0.369,92,2.95,B - High Value,Yes
4659,218,8500.7,38.99,96.44,2018-04-01 14:01:25,2018-07-01 15:11:53,0,0.0,92,2.37,B - High Value,No
4660,244,6377.47,26.14,50.19,2018-04-01 08:09:26,2018-07-01 21:28:28,0,0.0,92,2.65,C - Mid Value,No
4661,370,36126.66,97.64,241.86,2018-04-01 09:01:01,2018-07-01 23:29:31,6,1.622,92,4.02,A - Premium,Yes
4662,120,6126.46,51.05,102.26,2018-04-01 06:17:16,2018-07-01 11:39:00,0,0.0,92,1.3,C - Mid Value,No
4663,69,1746.99,25.32,116.0,2018-04-03 09:11:36,2018-06-29 16:29:17,2,2.899,88,0.78,D - Low Value,Yes
4664,243,9890.12,40.7,86.06,2018-04-01 04:34:29,2018-07-01 14:43:48,1,0.412,92,2.64,B - High Value,Yes
4665,126,970.55,7.7,58.7,2018-04-02 10:25:59,2018-07-01 15:37:48,8,6.349,91,1.38,D - Low Value,Yes
4666,191,12776.6,66.89,154.01,2018-04-01 13:21:00,2018-06-30 12:20:58,1,0.524,90,2.12,B - High Value,Yes
4667,75,3709.68,49.46,103.79,2018-04-02 08:16:32,2018-06-30 12:13:23,0,0.0,90,0.83,C - Mid Value,No
4668,26,476.06,18.31,32.82,2018-04-03 11:05:29,2018-06-30 12:50:48,0,0.0,89,0.29,D - Low Value,No
4669,115,6659.6,57.91,121.38,2018-04-01 03:57:31,2018-07-01 07:27:13,1,0.87,92,1.25,C - Mid Value,Yes
4670,116,614.64,5.3,11.32,2018-04-01 07:52:02,2018-07-01 14:27:53,1,0.862,92,1.26,D - Low Value,Yes
4671,231,18856.89,81.63,187.0,2018-04-01 02:43:36,2018-07-01 06:49:52,0,0.0,92,2.51,A - Premium,No
4672,385,17790.03,46.21,107.48,2018-04-01 08:36:53,2018-07-01 15:08:37,4,1.039,92,4.18,A - Premium,Yes
4673,318,13482.9,42.4,93.29,2018-04-01 03:06:38,2018-07-01 18:18:31,3,0.943,92,3.46,B - High Value,Yes
4674,352,9778.19,27.78,60.72,2018-04-01 13:27:26,2018-07-01 22:25:34,0,0.0,92,3.83,B - High Value,No
4675,257,7400.66,28.8,61.59,2018-04-01 05:20:58,2018-06-30 19:13:27,2,0.778,91,2.82,B - High Value,Yes
4676,10,443.42,44.34,97.83,2018-04-21 18:12:58,2018-07-01 06:24:18,0,0.0,71,0.14,D - Low Value,No
4677,203,8068.95,39.75,87.04,2018-04-01 09:49:07,2018-07-01 16:29:42,1,0.493,92,2.21,B - High Value,Yes
4678,211,19439.64,92.13,202.76,2018-04-01 13:10:37,2018-07-01 16:46:02,1,0.474,92,2.29,A - Premium,Yes
4679,335,11961.38,35.71,81.25,2018-04-01 05:56:36,2018-07-01 17:25:47,3,0.896,92,3.64,B - High Value,Yes
4680,255,19495.93,76.45,181.73,2018-04-01 07:29:43,2018-07-01 17:38:35,2,0.784,92,2.77,A - Premium,Yes
4681,10,547.43,54.74,102.84,2018-04-05 14:51:35,2018-06-15 13:14:54,0,0.0,71,0.14,D - Low Value,No
4682,328,27606.56,84.17,202.61,2018-04-01 08:07:10,2018-07-01 18:42:59,2,0.61,92,3.57,A - Premium,Yes
4683,204,1818.53,8.91,18.9,2018-04-01 01:50:15,2018-07-01 21:27:38,0,0.0,92,2.22,D - Low Value,No
4684,280,6963.21,24.87,57.09,2018-04-01 00:11:44,2018-07-01 10:27:18,1,0.357,92,3.04,C - Mid Value,Yes
4685,86,5908.66,68.71,157.59,2018-04-02 10:10:11,2018-06-30 03:18:13,2,2.326,89,0.97,C - Mid Value,Yes
4686,26,2563.81,98.61,201.37,2018-04-03 05:56:05,2018-06-28 13:07:31,0,0.0,87,0.3,D - Low Value,No
4687,67,5040.93,75.24,151.63,2018-04-02 19:37:03,2018-07-01 09:21:40,0,0.0,90,0.74,C - Mid Value,No
4688,246,21041.71,85.54,206.02,2018-04-01 14:10:02,2018-07-01 17:46:14,0,0.0,92,2.67,A - Premium,No
4689,187,13971.37,74.71,185.33,2018-04-01 04:29:52,2018-07-01 13:35:24,0,0.0,92,2.03,B - High Value,No
4690,27,1330.33,49.27,87.33,2018-04-02 12:09:07,2018-06-29 17:07:27,0,0.0,89,0.3,D - Low Value,No
4691,271,28391.67,104.77,247.04,2018-04-01 00:33:56,2018-07-01 06:29:51,3,1.107,92,2.95,A - Premium,Yes
4692,336,12108.15,36.04,94.05,2018-04-01 08:04:54,2018-07-01 01:41:16,0,0.0,91,3.69,B - High Value,No
4693,283,25859.31,91.38,194.96,2018-04-02 21:39:02,2018-07-01 16:42:23,0,0.0,90,3.14,A - Premium,No
4694,1,31.61,31.61,31.61,2018-04-09 15:37:26,2018-04-09 15:37:26,0,0.0,1,1.0,D - Low Value,No
4695,308,4960.06,16.1,36.07,2018-04-01 09:01:01,2018-07-01 10:04:35,5,1.623,92,3.35,C - Mid Value,Yes
4696,287,15633.39,54.47,117.78,2018-04-01 08:57:12,2018-07-01 17:37:04,0,0.0,92,3.12,A - Premium,No
4697,212,1742.79,8.22,21.21,2018-04-01 11:44:47,2018-07-01 14:29:29,0,0.0,92,2.3,D - Low Value,No
4698,101,9444.04,93.51,199.08,2018-04-03 06:40:49,2018-07-01 15:03:37,1,0.99,90,1.12,B - High Value,Yes
4699,313,28407.41,90.76,227.98,2018-04-01 18:52:59,2018-07-01 12:31:36,1,0.319,91,3.44,A - Premium,Yes
4700,111,4938.46,44.49,96.93,2018-04-01 07:41:51,2018-07-01 13:57:53,1,0.901,92,1.21,C - Mid Value,Yes
4701,261,15954.64,61.13,138.35,2018-04-01 07:16:10,2018-07-01 08:18:53,3,1.149,92,2.84,A - Premium,Yes
4702,61,1693.3,27.76,53.53,2018-04-04 06:04:52,2018-07-01 05:34:26,0,0.0,88,0.69,D - Low Value,No
4703,97,2783.45,28.7,60.46,2018-04-01 05:13:01,2018-07-01 11:21:54,0,0.0,92,1.05,D - Low Value,No
4704,102,10089.86,98.92,184.6,2018-04-02 18:07:44,2018-07-01 22:39:41,0,0.0,91,1.12,B - High Value,No
4705,28,2409.09,86.04,158.33,2018-04-05 03:01:36,2018-06-27 03:43:18,0,0.0,84,0.33,D - Low Value,No
4706,123,3740.36,30.41,61.26,2018-04-01 07:00:56,2018-07-01 16:19:58,3,2.439,92,1.34,C - Mid Value,Yes
4707,146,2820.34,19.32,39.15,2018-04-01 09:20:48,2018-07-01 13:35:00,0,0.0,92,1.59,C - Mid Value,No
4708,200,5927.73,29.64,69.91,2018-04-01 14:28:05,2018-06-30 12:37:15,4,2.0,90,2.22,C - Mid Value,Yes
4709,132,3255.93,24.67,48.96,2018-04-01 05:20:28,2018-07-01 18:48:04,1,0.758,92,1.43,C - Mid Value,Yes
4710,304,28011.35,92.14,242.5,2018-04-01 00:38:55,2018-07-01 21:04:15,2,0.658,92,3.3,A - Premium,Yes
4711,312,21169.95,67.85,170.14,2018-04-01 09:44:39,2018-07-01 22:39:40,1,0.321,92,3.39,A - Premium,Yes
4712,245,4162.4,16.99,46.44,2018-04-01 07:18:21,2018-07-01 21:27:01,0,0.0,92,2.66,C - Mid Value,No
4713,267,7831.62,29.33,63.02,2018-04-01 05:06:38,2018-07-01 18:19:44,0,0.0,92,2.9,B - High Value,No
4714,138,8679.47,62.89,139.36,2018-04-02 09:36:33,2018-07-01 17:09:48,3,2.174,91,1.52,B - High Value,Yes
4715,196,13558.64,69.18,182.03,2018-04-01 03:01:30,2018-07-01 17:08:41,2,1.02,92,2.13,B - High Value,Yes
4716,70,5807.22,82.96,166.2,2018-04-01 10:24:26,2018-07-01 16:11:32,0,0.0,92,0.76,C - Mid Value,No
4717,272,1768.2,6.5,15.04,2018-04-01 13:17:45,2018-07-01 17:51:59,0,0.0,92,2.96,D - Low Value,No
4718,25,1458.83,58.35,120.4,2018-04-01 14:38:32,2018-06-24 09:54:15,0,0.0,84,0.3,D - Low Value,No
4719,158,6910.68,43.74,92.97,2018-04-01 13:01:32,2018-07-01 15:50:07,0,0.0,92,1.72,C - Mid Value,No
4720,258,13001.17,50.39,117.79,2018-04-01 02:57:07,2018-07-01 12:31:23,0,0.0,92,2.8,B - High Value,No
4721,289,10823.16,37.45,84.7,2018-04-01 07:51:56,2018-07-01 16:13:28,3,1.038,92,3.14,B - High Value,Yes
4722,233,7366.54,31.62,69.03,2018-04-01 12:08:16,2018-07-01 13:55:59,1,0.429,92,2.53,B - High Value,Yes
4723,130,3308.34,25.45,54.79,2018-04-01 22:00:54,2018-07-01 12:29:45,0,0.0,91,1.43,C - Mid Value,No
4724,121,5860.89,48.44,118.22,2018-04-02 14:19:38,2018-06-30 07:47:54,2,1.653,89,1.36,C - Mid Value,Yes
4725,126,8946.46,71.0,154.86,2018-04-01 08:48:56,2018-07-01 04:58:30,0,0.0,91,1.38,B - High Value,No
4726,287,26628.8,92.78,223.03,2018-04-01 11:56:31,2018-07-01 13:07:02,2,0.697,92,3.12,A - Premium,Yes
4727,196,9109.47,46.48,93.82,2018-04-01 13:14:47,2018-07-01 05:50:35,1,0.51,91,2.15,B - High Value,Yes
4728,286,4147.01,14.5,35.06,2018-04-01 09:49:37,2018-07-01 20:24:28,0,0.0,92,3.11,C - Mid Value,No
4729,285,19843.61,69.63,165.95,2018-04-01 07:47:19,2018-07-01 18:07:59,0,0.0,92,3.1,A - Premium,No
4730,301,4676.81,15.54,33.3,2018-04-01 21:26:16,2018-07-01 20:14:19,0,0.0,91,3.31,C - Mid Value,No
4731,105,3154.61,30.04,64.94,2018-04-01 04:33:48,2018-06-30 10:30:38,0,0.0,91,1.15,C - Mid Value,No
4732,39,3869.86,99.23,179.17,2018-04-04 09:53:30,2018-06-28 16:26:18,0,0.0,86,0.45,C - Mid Value,No
4733,136,10789.12,79.33,151.17,2018-04-02 03:42:17,2018-07-01 14:07:29,0,0.0,91,1.49,B - High Value,No
4734,99,8117.76,82.0,176.56,2018-04-02 16:49:20,2018-07-01 09:37:29,0,0.0,90,1.1,B - High Value,No
4735,236,5230.13,22.16,50.95,2018-04-01 09:24:47,2018-07-01 16:51:12,0,0.0,92,2.57,C - Mid Value,No
4736,322,17466.49,54.24,126.92,2018-04-01 02:01:45,2018-07-01 13:39:03,0,0.0,92,3.5,A - Premium,No
4737,106,3109.62,29.34,69.48,2018-04-02 16:56:17,2018-07-01 08:38:58,0,0.0,90,1.18,C - Mid Value,No
4738,200,19854.12,99.27,248.19,2018-04-01 17:57:45,2018-07-01 15:07:04,2,1.0,91,2.2,A - Premium,Yes
4739,298,10029.09,33.65,79.0,2018-04-01 06:56:18,2018-07-01 19:46:23,6,2.013,92,3.24,B - High Value,Yes
4740,142,10038.38,70.69,167.79,2018-04-03 12:37:49,2018-07-01 11:09:08,0,0.0,89,1.6,B - High Value,No
4741,49,2619.7,53.46,123.24,2018-04-01 10:43:38,2018-07-01 14:06:33,0,0.0,92,0.53,D - Low Value,No
4742,304,3791.63,12.47,27.2,2018-04-01 02:01:59,2018-07-01 19:11:07,2,0.658,92,3.3,C - Mid Value,Yes
4743,64,3167.67,49.49,109.55,2018-04-01 22:47:30,2018-06-28 13:03:17,0,0.0,88,0.73,C - Mid Value,No
4744,317,1632.45,5.15,11.71,2018-04-01 15:28:35,2018-07-01 16:49:27,0,0.0,92,3.45,D - Low Value,No
4745,366,31758.46,86.77,186.8,2018-04-01 08:18:45,2018-07-01 18:45:31,3,0.82,92,3.98,A - Premium,Yes
4746,304,11136.12,36.63,79.92,2018-04-01 06:05:55,2018-07-01 14:35:17,2,0.658,92,3.3,B - High Value,Yes
4747,65,3479.53,53.53,135.44,2018-04-02 08:53:45,2018-06-29 14:26:25,0,0.0,89,0.73,C - Mid Value,No
4748,135,10474.91,77.59,184.1,2018-04-01 11:18:26,2018-07-01 10:14:00,5,3.704,91,1.48,B - High Value,Yes
4749,252,1982.59,7.87,16.81,2018-04-01 09:51:18,2018-07-01 11:52:25,0,0.0,92,2.74,D - Low Value,No
4750,113,2780.52,24.61,54.68,2018-04-01 20:54:08,2018-07-01 09:12:15,0,0.0,91,1.24,D - Low Value,No
4751,226,2026.26,8.97,20.03,2018-04-01 19:48:52,2018-07-01 11:19:40,2,0.885,91,2.48,D - Low Value,Yes
4752,261,12786.95,48.99,117.05,2018-04-01 02:32:08,2018-07-01 15:17:20,1,0.383,92,2.84,B - High Value,Yes
4753,44,688.64,15.65,35.37,2018-04-09 12:45:48,2018-06-25 04:23:38,1,2.273,77,0.57,D - Low Value,Yes
4754,338,35391.41,104.71,263.09,2018-04-02 10:50:00,2018-07-01 19:37:55,2,0.592,91,3.71,A - Premium,Yes
4755,210,14921.8,71.06,153.5,2018-04-01 09:51:29,2018-07-01 06:45:01,2,0.952,91,2.31,A - Premium,Yes
4756,297,22085.66,74.36,175.53,2018-04-01 12:43:57,2018-07-01 13:35:17,3,1.01,92,3.23,A - Premium,Yes
4757,334,29893.12,89.5,230.28,2018-04-01 00:55:48,2018-07-01 20:58:53,5,1.497,92,3.63,A - Premium,Yes
4758,300,8549.01,28.5,68.14,2018-04-01 02:52:02,2018-07-01 12:06:26,0,0.0,92,3.26,B - High Value,No
4759,12,1056.67,88.06,129.37,2018-04-03 17:37:01,2018-06-25 12:04:01,0,0.0,83,0.14,D - Low Value,No
4760,96,930.34,9.69,23.82,2018-04-01 10:56:10,2018-06-30 09:51:46,1,1.042,90,1.07,D - Low Value,Yes
4761,283,23845.58,84.26,740.15,2018-04-01 05:03:42,2018-07-01 09:08:09,12,4.24,92,3.08,A - Premium,Yes
4762,107,4067.9,38.02,80.93,2018-04-04 10:22:45,2018-07-01 11:54:41,0,0.0,89,1.2,C - Mid Value,No
4763,4,21.6,5.4,8.23,2018-04-15 14:42:48,2018-06-06 19:21:52,0,0.0,53,0.08,D - Low Value,No
4764,266,3880.36,14.59,31.22,2018-04-01 09:19:17,2018-07-01 13:55:41,2,0.752,92,2.89,C - Mid Value,Yes
4765,118,10515.51,89.11,213.56,2018-04-02 03:17:29,2018-07-01 08:50:29,0,0.0,91,1.3,B - High Value,No
4766,298,21640.05,72.62,161.66,2018-04-01 09:07:10,2018-07-01 18:20:35,0,0.0,92,3.24,A - Premium,No
4767,243,5925.2,24.38,213.85,2018-04-01 04:16:18,2018-07-01 17:40:50,10,4.115,92,2.64,C - Mid Value,Yes
4768,116,11916.36,102.73,249.25,2018-04-01 04:02:05,2018-07-01 11:06:16,2,1.724,92,1.26,B - High Value,Yes
4769,125,3459.02,27.67,60.69,2018-04-02 12:16:28,2018-07-01 20:02:32,0,0.0,91,1.37,C - Mid Value,No
4770,67,6914.63,103.2,203.0,2018-04-01 10:49:43,2018-07-01 17:29:33,0,0.0,92,0.73,C - Mid Value,No
4771,343,27204.35,79.31,171.37,2018-04-01 17:04:55,2018-07-01 10:17:03,0,0.0,91,3.77,A - Premium,No
4772,295,28544.73,96.76,251.34,2018-04-01 04:24:55,2018-07-01 12:42:06,1,0.339,92,3.21,A - Premium,Yes
4773,309,23246.52,75.23,187.63,2018-04-01 02:42:24,2018-07-01 14:30:47,3,0.971,92,3.36,A - Premium,Yes
4774,186,15123.17,81.31,181.65,2018-04-01 09:55:10,2018-07-01 15:54:27,2,1.075,92,2.02,A - Premium,Yes
4775,353,6355.88,18.01,39.75,2018-04-01 06:00:41,2018-07-01 05:13:35,0,0.0,91,3.88,C - Mid Value,No
4776,38,258.91,6.81,13.72,2018-04-06 13:24:26,2018-07-01 07:36:08,1,2.632,86,0.44,D - Low Value,Yes
4777,154,13942.09,90.53,193.03,2018-04-01 09:15:42,2018-07-01 10:54:27,0,0.0,92,1.67,B - High Value,No
4778,40,2280.76,57.02,121.86,2018-04-01 15:41:53,2018-06-30 11:24:20,0,0.0,90,0.44,D - Low Value,No
4779,211,5212.48,24.7,67.49,2018-04-01 08:06:29,2018-07-01 11:49:45,0,0.0,92,2.29,C - Mid Value,No
4780,30,1300.93,43.36,99.95,2018-04-01 16:38:43,2018-06-19 16:39:31,0,0.0,80,0.38,D - Low Value,No
4781,339,34782.57,102.6,223.38,2018-04-01 04:16:15,2018-07-01 18:55:41,1,0.295,92,3.68,A - Premium,Yes
4782,82,4387.63,53.51,124.21,2018-04-01 13:50:26,2018-07-01 15:08:29,0,0.0,92,0.89,C - Mid Value,No
4783,268,23046.45,85.99,196.62,2018-04-01 03:13:49,2018-07-01 18:14:11,0,0.0,92,2.91,A - Premium,No
4784,320,10722.6,33.51,66.99,2018-04-01 08:19:25,2018-07-01 19:36:31,0,0.0,92,3.48,B - High Value,No
4785,227,7805.75,34.39,79.24,2018-04-01 01:30:26,2018-07-01 23:47:53,0,0.0,92,2.47,B - High Value,No
4786,281,11573.61,41.19,97.38,2018-04-01 11:38:07,2018-07-01 13:17:49,0,0.0,92,3.05,B - High Value,No
4787,211,15023.17,71.2,193.87,2018-04-01 13:57:42,2018-07-01 19:13:19,5,2.37,92,2.29,A - Premium,Yes
4788,209,7120.95,34.07,90.85,2018-04-01 06:35:54,2018-06-29 20:06:00,7,3.349,90,2.32,C - Mid Value,Yes
4789,36,1408.44,39.12,74.74,2018-04-02 20:34:46,2018-06-30 11:31:24,1,2.778,89,0.4,D - Low Value,Yes
4790,179,2445.39,13.66,28.92,2018-04-01 11:09:16,2018-07-01 07:11:58,1,0.559,91,1.97,D - Low Value,Yes
4791,39,3574.38,91.65,198.82,2018-04-06 05:11:32,2018-06-30 21:59:44,1,2.564,86,0.45,C - Mid Value,Yes
4792,230,22480.47,97.74,229.12,2018-04-01 04:29:24,2018-07-01 22:09:26,1,0.435,92,2.5,A - Premium,Yes
4793,312,13559.19,43.46,104.87,2018-04-01 08:14:32,2018-07-01 10:37:10,0,0.0,92,3.39,B - High Value,No
4794,5,34.9,6.98,10.87,2018-04-08 09:46:54,2018-05-14 09:55:52,0,0.0,37,0.14,D - Low Value,No
4795,67,1641.94,24.51,55.38,2018-04-03 03:36:59,2018-06-27 09:49:18,0,0.0,86,0.78,D - Low Value,No
4796,257,20355.28,79.2,171.94,2018-04-01 06:53:21,2018-07-01 12:31:59,3,1.167,92,2.79,A - Premium,Yes
4797,193,12620.14,65.39,166.35,2018-04-01 03:33:00,2018-07-01 06:02:23,0,0.0,92,2.1,B - High Value,No
4798,79,9354.88,118.42,748.85,2018-04-01 16:40:46,2018-06-30 16:47:34,4,5.063,91,0.87,B - High Value,Yes
4799,233,14452.06,62.03,130.3,2018-04-02 16:40:08,2018-07-01 17:12:51,3,1.288,91,2.56,A - Premium,Yes
4800,332,4116.02,12.4,26.84,2018-04-01 03:32:41,2018-07-01 20:29:51,1,0.301,92,3.61,C - Mid Value,Yes
4801,216,12006.16,55.58,115.79,2018-04-02 07:57:00,2018-07-01 12:55:15,0,0.0,91,2.37,B - High Value,No
4802,331,2843.26,8.59,19.23,2018-04-01 02:32:28,2018-07-01 22:23:39,4,1.208,92,3.6,C - Mid Value,Yes
4803,7,469.28,67.04,123.45,2018-04-06 12:33:55,2018-07-01 10:22:57,0,0.0,86,0.08,D - Low Value,No
4804,60,2317.38,38.62,83.95,2018-04-01 17:55:44,2018-07-01 11:40:11,0,0.0,91,0.66,D - Low Value,No
4805,330,3297.36,9.99,24.57,2018-04-01 08:55:00,2018-07-01 15:43:49,8,2.424,92,3.59,C - Mid Value,Yes
4806,75,2556.97,34.09,67.64,2018-04-02 06:00:16,2018-06-28 07:42:09,0,0.0,88,0.85,D - Low Value,No
4807,240,19102.79,79.59,564.35,2018-04-01 13:00:32,2018-07-01 17:48:26,15,6.25,92,2.61,A - Premium,Yes
4808,183,9353.89,51.11,150.8,2018-04-03 13:08:52,2018-07-01 09:26:12,0,0.0,89,2.06,B - High Value,No
4809,92,5136.12,55.83,342.85,2018-04-01 10:43:10,2018-07-01 21:43:37,2,2.174,92,1.0,C - Mid Value,Yes
4810,165,1086.06,6.58,15.72,2018-04-02 09:41:54,2018-07-01 15:13:33,0,0.0,91,1.81,D - Low Value,No
4811,157,7526.52,47.94,122.87,2018-04-01 10:14:56,2018-06-30 15:55:10,0,0.0,91,1.73,B - High Value,No
4812,86,7462.64,86.77,173.78,2018-04-02 11:59:32,2018-06-30 12:47:18,1,1.163,90,0.96,B - High Value,Yes
4813,282,17100.27,60.64,172.51,2018-04-01 05:21:12,2018-07-01 20:13:12,4,1.418,92,3.07,A - Premium,Yes
4814,88,4557.38,51.79,124.6,2018-04-01 07:31:52,2018-06-30 14:38:17,0,0.0,91,0.97,C - Mid Value,No
4815,142,6560.12,46.2,113.3,2018-04-02 12:35:43,2018-07-01 09:51:31,4,2.817,90,1.58,C - Mid Value,Yes
4816,165,7968.64,48.29,109.01,2018-04-01 04:10:29,2018-07-01 23:12:56,2,1.212,92,1.79,B - High Value,Yes
4817,81,6237.62,77.01,146.71,2018-04-02 09:13:06,2018-07-01 14:37:52,0,0.0,91,0.89,C - Mid Value,No
4818,194,15357.8,79.16,193.28,2018-04-01 05:49:09,2018-06-30 14:20:24,2,1.031,91,2.13,A - Premium,Yes
4819,362,35691.08,98.59,203.46,2018-04-01 09:20:01,2018-07-01 18:47:17,0,0.0,92,3.93,A - Premium,No
4820,328,22643.08,69.03,164.06,2018-04-01 06:31:24,2018-07-01 13:09:00,1,0.305,92,3.57,A - Premium,Yes
4821,1,24.09,24.09,24.09,2018-05-14 06:19:26,2018-05-14 06:19:26,0,0.0,1,1.0,D - Low Value,No
4822,16,1459.67,91.23,175.43,2018-04-02 08:02:23,2018-06-30 15:23:38,0,0.0,90,0.18,D - Low Value,No
4823,116,3151.1,27.16,63.85,2018-04-01 07:41:07,2018-07-01 12:59:43,0,0.0,92,1.26,C - Mid Value,No
4824,303,14245.01,47.01,123.93,2018-04-01 18:05:55,2018-07-01 11:18:52,6,1.98,91,3.33,A - Premium,Yes
4825,361,30589.81,84.74,200.84,2018-04-01 02:56:06,2018-07-01 18:44:20,3,0.831,92,3.92,A - Premium,Yes
4826,257,23470.47,91.32,212.25,2018-04-02 05:00:00,2018-07-01 17:58:34,0,0.0,91,2.82,A - Premium,No
4827,68,3750.6,55.16,134.68,2018-04-01 15:01:38,2018-06-30 13:32:24,1,1.471,90,0.76,C - Mid Value,Yes
4828,33,585.06,17.73,33.95,2018-04-03 03:50:46,2018-06-30 09:21:41,0,0.0,89,0.37,D - Low Value,No
4829,224,19041.39,85.01,231.56,2018-04-01 07:53:57,2018-07-01 14:17:33,3,1.339,92,2.43,A - Premium,Yes
4830,303,12895.32,42.56,100.77,2018-04-01 04:36:20,2018-06-30 21:46:25,2,0.66,91,3.33,B - High Value,Yes
4831,364,36051.8,99.04,233.63,2018-04-01 05:39:34,2018-07-01 17:10:08,1,0.275,92,3.96,A - Premium,Yes
4832,251,24502.59,97.62,207.79,2018-04-01 16:40:53,2018-07-01 16:49:10,1,0.398,92,2.73,A - Premium,Yes
4833,99,8771.02,88.6,170.62,2018-04-05 20:16:54,2018-07-01 14:21:43,0,0.0,87,1.14,B - High Value,No
4834,284,17632.2,62.09,138.05,2018-04-01 05:32:46,2018-07-01 16:38:31,0,0.0,92,3.09,A - Premium,No
4835,84,7120.3,84.77,172.94,2018-04-01 15:23:36,2018-07-01 19:45:02,1,1.19,92,0.91,C - Mid Value,Yes
4836,84,8105.51,96.49,485.05,2018-04-01 01:24:51,2018-07-01 14:11:46,3,3.571,92,0.91,B - High Value,Yes
4837,94,10097.85,107.42,287.79,2018-04-01 06:03:37,2018-06-30 16:35:20,4,4.255,91,1.03,B - High Value,Yes
4838,268,15567.97,58.09,129.68,2018-04-01 07:46:53,2018-07-01 16:54:27,0,0.0,92,2.91,A - Premium,No
4839,68,2014.45,29.62,70.39,2018-04-02 09:32:50,2018-06-29 06:14:02,0,0.0,88,0.77,D - Low Value,No
4840,231,4642.39,20.1,43.38,2018-04-01 09:13:41,2018-07-01 12:54:03,4,1.732,92,2.51,C - Mid Value,Yes
4841,195,18524.75,95.0,194.88,2018-04-01 13:24:51,2018-07-01 12:51:14,0,0.0,91,2.14,A - Premium,No
4842,79,4357.82,55.16,120.6,2018-04-01 12:41:36,2018-07-01 10:13:02,1,1.266,91,0.87,C - Mid Value,Yes
4843,53,3477.75,65.62,319.35,2018-04-01 09:00:14,2018-06-29 20:33:51,1,1.887,90,0.59,C - Mid Value,Yes
4844,247,1791.76,7.25,17.98,2018-04-01 08:51:17,2018-07-01 11:02:10,0,0.0,92,2.68,D - Low Value,No
4845,142,7507.79,52.87,115.07,2018-04-01 14:36:57,2018-06-29 14:46:47,1,0.704,90,1.58,B - High Value,Yes
4846,316,16852.87,53.33,133.01,2018-04-01 01:11:14,2018-07-01 15:14:15,1,0.316,92,3.43,A - Premium,Yes
4847,169,3848.93,22.77,47.0,2018-04-01 07:23:15,2018-06-28 12:22:13,1,0.592,89,1.9,C - Mid Value,Yes
4848,163,6730.26,41.29,80.8,2018-04-01 04:29:09,2018-07-01 03:53:55,0,0.0,91,1.79,C - Mid Value,No
4849,347,31591.79,91.04,211.12,2018-04-01 15:54:29,2018-07-01 15:57:44,0,0.0,92,3.77,A - Premium,No
4850,97,1539.96,15.88,31.64,2018-04-01 05:22:13,2018-07-01 18:22:12,0,0.0,92,1.05,D - Low Value,No
4851,2,64.9,32.45,57.96,2018-06-19 06:13:34,2018-07-01 10:09:16,0,0.0,13,0.15,D - Low Value,No
4852,68,3655.55,53.76,113.3,2018-04-01 12:54:13,2018-07-01 17:41:02,0,0.0,92,0.74,C - Mid Value,No
4853,154,1025.31,6.66,16.92,2018-04-01 00:38:22,2018-06-30 15:01:35,3,1.948,91,1.69,D - Low Value,Yes
4854,22,2081.26,94.6,185.11,2018-04-12 08:09:42,2018-06-22 12:22:10,0,0.0,72,0.31,D - Low Value,No
4855,209,19744.73,94.47,208.14,2018-04-01 06:53:36,2018-07-01 15:53:38,2,0.957,92,2.27,A - Premium,Yes
4856,258,16360.55,63.41,147.19,2018-04-01 09:04:32,2018-07-01 10:45:29,0,0.0,92,2.8,A - Premium,No
4857,9,342.03,38.0,62.14,2018-04-02 03:33:37,2018-06-29 16:33:21,0,0.0,89,0.1,D - Low Value,No
4858,312,2564.79,8.22,23.48,2018-04-01 02:55:18,2018-07-01 17:21:36,2,0.641,92,3.39,D - Low Value,Yes
4859,134,11972.12,89.34,243.64,2018-04-01 16:18:05,2018-07-01 16:55:08,4,2.985,92,1.46,B - High Value,Yes
4860,49,2178.01,44.45,257.5,2018-04-01 13:50:57,2018-07-01 23:28:42,1,2.041,92,0.53,D - Low Value,Yes
4861,215,3023.92,14.06,31.41,2018-04-01 14:18:10,2018-07-01 20:09:12,3,1.395,92,2.34,C - Mid Value,Yes
4862,279,19863.04,71.19,161.44,2018-04-01 11:55:24,2018-07-01 12:28:54,2,0.717,92,3.03,A - Premium,Yes
4863,252,10050.18,39.88,93.82,2018-04-01 06:13:07,2018-07-01 03:46:09,0,0.0,91,2.77,B - High Value,No
4864,253,9525.43,37.65,93.54,2018-04-01 11:38:56,2018-07-01 14:28:53,0,0.0,92,2.75,B - High Value,No
4865,325,5496.85,16.91,40.26,2018-04-01 14:19:59,2018-07-01 20:35:02,4,1.231,92,3.53,C - Mid Value,Yes
4866,1,60.66,60.66,60.66,2018-04-15 15:42:33,2018-04-15 15:42:33,0,0.0,1,1.0,D - Low Value,No
4867,277,19978.6,72.12,180.93,2018-04-01 12:52:36,2018-07-01 05:22:09,3,1.083,91,3.04,A - Premium,Yes
4868,272,8557.69,31.46,70.26,2018-04-01 15:18:39,2018-07-01 20:09:42,2,0.735,92,2.96,B - High Value,Yes
4869,342,24875.71,72.74,164.86,2018-04-01 02:56:12,2018-07-01 17:07:14,3,0.877,92,3.72,A - Premium,Yes
4870,294,27265.55,92.74,219.85,2018-04-01 10:37:15,2018-07-01 11:36:12,0,0.0,92,3.2,A - Premium,No
4871,44,1017.27,23.12,59.61,2018-04-01 08:04:14,2018-06-25 13:06:35,0,0.0,86,0.51,D - Low Value,No
4872,2,39.99,19.99,20.5,2018-05-21 13:21:22,2018-06-20 09:48:55,0,0.0,30,0.07,D - Low Value,No
4873,57,2610.6,45.8,92.24,2018-04-02 11:10:57,2018-06-30 16:35:58,1,1.754,90,0.63,D - Low Value,Yes
4874,22,912.99,41.5,70.25,2018-04-02 08:24:36,2018-06-11 15:53:15,0,0.0,71,0.31,D - Low Value,No
4875,2,250.41,125.21,128.12,2018-04-03 17:12:00,2018-05-23 06:28:12,0,0.0,50,0.04,D - Low Value,No
4876,248,7890.04,31.81,76.6,2018-04-01 01:13:57,2018-07-01 11:04:12,0,0.0,92,2.7,B - High Value,No
4877,271,17998.58,66.42,152.77,2018-04-01 06:54:47,2018-07-01 18:43:45,0,0.0,92,2.95,A - Premium,No
4878,90,5773.22,64.15,304.85,2018-04-02 11:41:43,2018-06-29 07:23:19,4,4.444,88,1.02,C - Mid Value,Yes
4879,250,22462.84,89.85,198.93,2018-04-01 05:05:05,2018-07-01 17:06:33,2,0.8,92,2.72,A - Premium,Yes
4880,152,3348.28,22.03,54.46,2018-04-01 19:03:16,2018-07-01 18:58:14,0,0.0,91,1.67,C - Mid Value,No
4881,335,18291.33,54.6,124.16,2018-04-01 08:05:44,2018-07-01 16:28:36,4,1.194,92,3.64,A - Premium,Yes
4882,334,13961.35,41.8,102.22,2018-04-01 03:48:21,2018-07-01 10:52:16,0,0.0,92,3.63,B - High Value,No
4883,81,3818.77,47.15,86.11,2018-04-03 15:53:28,2018-07-01 15:28:18,0,0.0,89,0.91,C - Mid Value,No
4884,172,4882.17,28.38,67.93,2018-04-02 05:11:16,2018-07-01 17:48:08,0,0.0,91,1.89,C - Mid Value,No
4885,89,7059.15,79.32,186.29,2018-04-02 05:49:03,2018-07-01 16:17:49,0,0.0,91,0.98,C - Mid Value,No
4886,234,1553.94,6.64,15.34,2018-04-01 10:08:48,2018-07-01 14:28:48,2,0.855,92,2.54,D - Low Value,Yes
4887,260,12246.16,47.1,107.04,2018-04-01 13:27:02,2018-06-30 15:30:03,3,1.154,91,2.86,B - High Value,Yes
4888,95,1550.79,16.32,34.16,2018-04-01 08:38:21,2018-07-01 15:29:22,0,0.0,92,1.03,D - Low Value,No
4889,151,3724.86,24.67,50.76,2018-04-01 13:01:23,2018-07-01 23:57:38,0,0.0,92,1.64,C - Mid Value,No
4890,183,18684.85,102.1,237.9,2018-04-03 00:58:05,2018-07-01 14:08:46,2,1.093,90,2.03,A - Premium,Yes
4891,263,9323.28,35.45,83.95,2018-04-01 07:41:50,2018-07-01 14:59:15,1,0.38,92,2.86,B - High Value,Yes
4892,1,140.15,140.15,140.15,2018-06-18 06:44:27,2018-06-18 06:44:27,0,0.0,1,1.0,D - Low Value,No
4893,45,1787.65,39.73,83.64,2018-04-01 11:30:29,2018-07-01 15:02:18,0,0.0,92,0.49,D - Low Value,No
4894,198,4501.05,22.73,53.62,2018-04-02 04:06:32,2018-07-01 17:44:37,1,0.505,91,2.18,C - Mid Value,Yes
4895,220,11348.05,51.58,111.26,2018-04-01 14:55:57,2018-07-01 13:13:27,1,0.455,91,2.42,B - High Value,Yes
4896,319,2794.33,8.76,21.28,2018-04-01 02:55:29,2018-07-01 23:08:30,2,0.627,92,3.47,C - Mid Value,Yes
4897,86,4074.65,47.38,98.77,2018-04-01 14:56:31,2018-07-01 11:42:24,0,0.0,91,0.95,C - Mid Value,No
4898,346,8181.97,23.65,62.4,2018-04-02 07:10:00,2018-07-01 21:09:27,0,0.0,91,3.8,B - High Value,No
4899,336,24462.27,72.8,212.95,2018-04-01 06:09:08,2018-07-01 11:18:25,0,0.0,92,3.65,A - Premium,No
4900,337,30157.97,89.49,202.4,2018-04-01 14:00:25,2018-07-01 10:15:49,1,0.297,91,3.7,A - Premium,Yes
4901,161,1949.53,12.11,27.57,2018-04-01 08:25:40,2018-07-01 10:53:07,0,0.0,92,1.75,D - Low Value,No
4902,10,1158.72,115.87,188.54,2018-04-03 18:32:34,2018-06-21 07:03:50,0,0.0,79,0.13,D - Low Value,No
4903,155,11559.28,74.58,159.09,2018-04-01 10:50:30,2018-06-30 19:36:33,0,0.0,91,1.7,B - High Value,No
4904,313,22758.02,72.71,157.22,2018-04-01 03:03:50,2018-07-01 23:08:16,0,0.0,92,3.4,A - Premium,No
4905,112,5949.05,53.12,117.68,2018-04-01 07:06:49,2018-06-30 14:35:55,1,0.893,91,1.23,C - Mid Value,Yes
4906,178,11147.51,62.63,168.94,2018-04-02 10:02:37,2018-07-01 21:40:45,1,0.562,91,1.96,B - High Value,Yes
4907,25,2550.72,102.03,169.87,2018-04-07 14:37:32,2018-06-29 14:01:16,0,0.0,83,0.3,D - Low Value,No
4908,142,3474.77,24.47,50.35,2018-04-01 01:19:34,2018-07-01 10:15:36,0,0.0,92,1.54,C - Mid Value,No
4909,236,6174.17,26.16,63.41,2018-04-01 07:35:06,2018-07-01 16:10:14,9,3.814,92,2.57,C - Mid Value,Yes
4910,183,15777.08,86.21,254.2,2018-04-02 20:07:13,2018-07-01 19:29:13,2,1.093,90,2.03,A - Premium,Yes
4911,117,10581.74,90.44,212.87,2018-04-01 07:01:43,2018-07-01 11:46:56,0,0.0,92,1.27,B - High Value,No
4912,117,1155.23,9.87,22.44,2018-04-02 04:21:38,2018-07-01 09:23:44,0,0.0,91,1.29,D - Low Value,No
4913,146,9063.81,62.08,135.87,2018-04-01 07:51:23,2018-07-01 13:43:52,2,1.37,92,1.59,B - High Value,Yes
4914,221,13470.91,60.95,146.31,2018-04-01 12:45:19,2018-07-01 05:15:26,1,0.452,91,2.43,B - High Value,Yes
4915,123,10270.51,83.5,203.1,2018-04-01 17:06:00,2018-07-01 10:33:52,0,0.0,91,1.35,B - High Value,No
4916,266,12721.1,47.82,103.58,2018-04-01 08:53:16,2018-07-01 21:05:20,0,0.0,92,2.89,B - High Value,No
4917,77,6679.56,86.75,524.85,2018-04-03 08:25:22,2018-06-30 14:50:23,6,7.792,89,0.87,C - Mid Value,Yes
4918,186,10552.77,56.74,133.84,2018-04-02 14:51:47,2018-07-01 06:52:59,0,0.0,90,2.07,B - High Value,No
4919,288,1722.95,5.98,13.23,2018-04-01 03:30:06,2018-07-01 17:43:08,0,0.0,92,3.13,D - Low Value,No
4920,294,12379.72,42.11,96.92,2018-04-01 04:13:27,2018-07-01 18:53:42,3,1.02,92,3.2,B - High Value,Yes
4921,165,17804.68,107.91,220.38,2018-04-01 15:42:00,2018-06-28 15:23:57,1,0.606,88,1.88,A - Premium,Yes
4922,107,8732.83,81.62,171.68,2018-04-03 18:59:24,2018-06-30 15:57:23,0,0.0,88,1.22,B - High Value,No
4923,86,6636.42,77.17,204.4,2018-04-01 18:14:41,2018-07-01 10:18:38,2,2.326,91,0.95,C - Mid Value,Yes
4924,24,1843.03,76.79,168.46,2018-04-09 19:38:58,2018-07-01 04:38:23,0,0.0,83,0.29,D - Low Value,No
4925,65,2674.76,41.15,95.58,2018-04-02 18:16:52,2018-06-30 12:55:51,0,0.0,89,0.73,D - Low Value,No
4926,196,19747.14,100.75,196.29,2018-04-01 12:56:56,2018-07-01 17:39:46,2,1.02,92,2.13,A - Premium,Yes
4927,264,15786.89,59.8,602.1,2018-04-01 12:17:01,2018-07-01 09:53:31,9,3.409,91,2.9,A - Premium,Yes
4928,346,32671.23,94.43,214.42,2018-04-01 08:31:25,2018-07-01 18:56:30,0,0.0,92,3.76,A - Premium,No
4929,251,10657.45,42.46,93.1,2018-04-01 14:11:16,2018-07-01 18:10:51,1,0.398,92,2.73,B - High Value,Yes
4930,116,4640.84,40.01,94.43,2018-04-02 09:59:48,2018-07-01 10:26:24,0,0.0,91,1.27,C - Mid Value,No
4931,230,10203.99,44.37,99.43,2018-04-01 02:24:21,2018-07-01 17:58:29,2,0.87,92,2.5,B - High Value,Yes
4932,54,2131.04,39.46,86.05,2018-04-02 03:24:01,2018-06-30 11:31:03,0,0.0,90,0.6,D - Low Value,No
4933,325,28225.08,86.85,191.78,2018-04-01 06:30:18,2018-07-01 19:12:59,2,0.615,92,3.53,A - Premium,Yes
4934,279,28324.52,101.52,253.42,2018-04-01 07:54:08,2018-07-01 22:17:08,3,1.075,92,3.03,A - Premium,Yes
4935,266,3458.14,13.0,30.91,2018-04-02 08:29:14,2018-07-01 15:56:40,3,1.128,91,2.92,C - Mid Value,Yes
4936,351,18852.98,53.71,131.71,2018-04-01 02:16:37,2018-07-01 16:54:30,0,0.0,92,3.82,A - Premium,No
4937,300,3199.19,10.66,23.93,2018-04-02 03:21:17,2018-07-01 18:51:39,1,0.333,91,3.3,C - Mid Value,Yes
4938,212,8408.92,39.66,93.07,2018-04-01 11:18:31,2018-07-01 13:40:54,1,0.472,92,2.3,B - High Value,Yes
4939,229,4477.38,19.55,46.76,2018-04-01 10:37:39,2018-07-01 17:02:03,0,0.0,92,2.49,C - Mid Value,No
4940,119,8238.96,69.23,141.62,2018-04-01 04:51:13,2018-07-01 09:02:12,0,0.0,92,1.29,B - High Value,No
4941,98,8394.01,85.65,189.65,2018-04-01 14:27:53,2018-07-01 18:45:43,0,0.0,92,1.07,B - High Value,No
4942,167,17063.66,102.18,231.5,2018-04-01 09:58:22,2018-07-01 09:26:12,4,2.395,91,1.84,A - Premium,Yes
4943,81,5885.63,72.66,144.74,2018-04-03 14:19:21,2018-07-01 19:18:39,0,0.0,90,0.9,C - Mid Value,No
4944,224,21100.31,94.2,222.26,2018-04-01 10:25:32,2018-07-01 10:50:58,1,0.446,92,2.43,A - Premium,Yes
4945,63,5575.06,88.49,205.65,2018-04-02 12:34:25,2018-06-27 16:22:27,0,0.0,87,0.72,C - Mid Value,No
4946,301,29877.39,99.26,222.16,2018-04-01 10:24:39,2018-07-01 16:03:54,1,0.332,92,3.27,A - Premium,Yes
4947,238,8313.21,34.93,82.26,2018-04-01 14:11:56,2018-07-01 16:50:15,5,2.101,92,2.59,B - High Value,Yes
4948,219,8945.44,40.85,98.47,2018-04-01 08:06:58,2018-07-01 16:42:03,1,0.457,92,2.38,B - High Value,Yes
4949,113,2036.23,18.02,45.21,2018-04-01 18:44:02,2018-06-30 18:08:21,0,0.0,90,1.26,D - Low Value,No
4950,73,5739.16,78.62,156.79,2018-04-01 12:41:57,2018-07-01 15:28:46,0,0.0,92,0.79,C - Mid Value,No
4951,61,1612.5,26.43,56.58,2018-04-01 10:53:42,2018-07-01 07:04:08,0,0.0,91,0.67,D - Low Value,No
4952,342,26315.14,76.94,179.91,2018-04-01 08:20:40,2018-07-01 18:40:48,1,0.292,92,3.72,A - Premium,Yes
4953,142,13596.65,95.75,188.48,2018-04-01 06:54:22,2018-07-01 19:00:32,0,0.0,92,1.54,B - High Value,No
4954,125,8895.53,71.16,171.7,2018-04-02 13:23:29,2018-07-01 12:52:08,0,0.0,90,1.39,B - High Value,No
4955,62,6400.45,103.23,812.5,2018-04-01 07:39:29,2018-07-01 13:37:17,3,4.839,92,0.67,C - Mid Value,Yes
4956,141,12629.87,89.57,205.28,2018-04-02 09:35:30,2018-07-01 12:21:38,1,0.709,91,1.55,B - High Value,Yes
4957,203,3511.59,17.3,37.67,2018-04-01 08:49:15,2018-07-01 12:35:39,0,0.0,92,2.21,C - Mid Value,No
4958,76,2889.7,38.02,104.22,2018-04-01 12:42:19,2018-06-30 03:34:02,0,0.0,90,0.84,C - Mid Value,No
4959,176,2074.9,11.79,24.14,2018-04-01 05:43:12,2018-07-01 17:42:41,3,1.705,92,1.91,D - Low Value,Yes
4960,139,13304.24,95.71,199.47,2018-04-01 12:36:35,2018-07-01 19:57:08,2,1.439,92,1.51,B - High Value,Yes
4961,363,32066.96,88.34,230.79,2018-04-01 00:02:10,2018-07-01 22:50:49,5,1.377,92,3.95,A - Premium,Yes
4962,312,31101.63,99.68,230.79,2018-04-01 03:37:24,2018-07-01 18:21:54,6,1.923,92,3.39,A - Premium,Yes
4963,335,3837.77,11.46,27.73,2018-04-01 09:58:35,2018-07-01 14:57:27,0,0.0,92,3.64,C - Mid Value,No
4964,353,19067.47,54.02,139.19,2018-04-01 15:21:47,2018-07-01 18:50:32,0,0.0,92,3.84,A - Premium,No
4965,112,10236.24,91.4,189.8,2018-04-01 10:37:57,2018-06-29 14:34:23,0,0.0,90,1.24,B - High Value,No
4966,10,299.61,29.96,64.11,2018-04-09 14:35:54,2018-06-30 13:27:25,1,10.0,82,0.12,D - Low Value,Yes
4967,169,2314.14,13.69,35.02,2018-04-01 01:05:34,2018-07-01 12:33:31,3,1.775,92,1.84,D - Low Value,Yes
4968,302,12122.4,40.14,85.07,2018-04-01 11:19:41,2018-07-01 21:11:22,1,0.331,92,3.28,B - High Value,Yes
4969,100,6612.29,66.12,131.21,2018-04-01 13:10:37,2018-07-01 13:35:37,0,0.0,92,1.09,C - Mid Value,No
4970,182,2708.61,14.88,33.11,2018-04-02 07:07:54,2018-07-01 16:09:35,2,1.099,91,2.0,D - Low Value,Yes
4971,8,480.15,60.02,108.62,2018-04-05 08:37:00,2018-06-15 08:15:54,0,0.0,71,0.11,D - Low Value,No
4972,86,861.3,10.02,26.58,2018-04-01 11:12:40,2018-07-01 18:10:08,0,0.0,92,0.93,D - Low Value,No
4973,114,10659.63,93.51,193.2,2018-04-02 04:17:55,2018-06-29 11:59:39,2,1.754,89,1.28,B - High Value,Yes
4974,314,31637.5,100.76,280.36,2018-04-01 11:05:02,2018-07-01 07:15:25,5,1.592,91,3.45,A - Premium,Yes
4975,142,1705.2,12.01,31.71,2018-04-02 10:01:11,2018-07-01 19:37:18,0,0.0,91,1.56,D - Low Value,No
4976,193,11606.33,60.14,133.74,2018-04-01 05:42:52,2018-07-01 18:30:06,0,0.0,92,2.1,B - High Value,No
4977,91,3840.12,42.2,82.59,2018-04-01 04:23:30,2018-07-01 15:46:19,0,0.0,92,0.99,C - Mid Value,No
4978,93,976.08,10.5,21.92,2018-04-01 09:19:40,2018-07-01 07:27:37,0,0.0,91,1.02,D - Low Value,No
4979,131,11389.6,86.94,190.33,2018-04-01 13:30:28,2018-07-01 13:30:19,2,1.527,91,1.44,B - High Value,Yes
4980,149,8633.17,57.94,132.98,2018-04-02 06:46:38,2018-07-01 18:47:39,0,0.0,91,1.64,B - High Value,No
4981,198,18607.06,93.98,208.11,2018-04-01 08:57:25,2018-07-01 10:19:50,3,1.515,92,2.15,A - Premium,Yes
4982,168,7582.84,45.14,101.94,2018-04-02 02:41:34,2018-07-01 15:11:28,1,0.595,91,1.85,B - High Value,Yes
4983,178,17889.81,100.5,211.19,2018-04-01 23:28:19,2018-07-01 16:46:49,0,0.0,91,1.96,A - Premium,No
4984,190,9755.1,51.34,121.88,2018-04-01 21:08:58,2018-07-01 11:14:55,1,0.526,91,2.09,B - High Value,Yes
4985,277,10622.44,38.35,82.64,2018-04-01 07:10:34,2018-07-01 13:23:49,3,1.083,92,3.01,B - High Value,Yes
4986,301,7423.41,24.66,52.41,2018-04-01 12:53:23,2018-07-01 18:56:33,4,1.329,92,3.27,B - High Value,Yes
4987,173,2760.36,15.96,36.17,2018-04-01 20:36:08,2018-07-01 11:43:33,0,0.0,91,1.9,D - Low Value,No
4988,60,7247.7,120.8,657.55,2018-04-01 05:04:23,2018-06-28 13:24:43,5,8.333,89,0.67,B - High Value,Yes
4989,114,9840.25,86.32,203.59,2018-04-01 07:36:01,2018-07-01 21:40:35,0,0.0,92,1.24,B - High Value,No
4990,186,14379.83,77.31,193.63,2018-04-01 15:44:22,2018-07-01 16:31:17,0,0.0,92,2.02,A - Premium,No
4991,130,6247.11,48.05,113.23,2018-04-01 21:36:39,2018-06-29 05:17:25,0,0.0,89,1.46,C - Mid Value,No
4992,308,11191.3,36.34,91.7,2018-04-01 08:36:54,2018-07-01 23:58:03,0,0.0,92,3.35,B - High Value,No
4993,155,7081.69,45.69,111.82,2018-04-01 10:39:55,2018-07-01 09:21:39,0,0.0,91,1.7,C - Mid Value,No
4994,255,19294.93,75.67,184.32,2018-04-01 04:15:22,2018-07-01 12:11:38,1,0.392,92,2.77,A - Premium,Yes
4995,238,13033.13,54.76,128.98,2018-04-01 02:09:24,2018-07-01 12:13:28,0,0.0,92,2.59,B - High Value,No
4996,221,3230.76,14.62,31.65,2018-04-01 07:28:52,2018-07-01 20:08:37,0,0.0,92,2.4,C - Mid Value,No
4997,187,10897.53,58.28,143.93,2018-04-02 06:29:26,2018-07-01 19:29:32,1,0.535,91,2.05,B - High Value,Yes
4998,289,28130.71,97.34,248.12,2018-04-01 13:02:10,2018-06-29 16:15:49,2,0.692,90,3.21,A - Premium,Yes
4999,227,9095.77,40.07,93.53,2018-04-01 00:37:06,2018-07-01 16:16:30,0,0.0,92,2.47,B - High Value,No
